src_path,src_path_stac_compat,dst_path,layer_type,event_id,resampling,blocksize,compress,status,message,converted_at
/home/NAS/homes/chunen-10029/bigdata/final/DW/dw_kurosiwo_1111002_annual-20190916-20200915_label.tif,/home/chunen/nas/bigdata/final/DW/dw_kurosiwo_1111002_annual-20190916-20200915_label.tif,KuroSiwo_COG_V8/unknown_event/flood_label/dw_kurosiwo_1111002_annual-20190916-20200915_label_cog.tif,flood_label,unknown_event,nearest,256,DEFLATE,ok,gdal_translate COG 成功,2026-05-21T21:00:13.342435
/home/NAS/homes/chunen-10029/bigdata/final/DW/dw_kurosiwo_1111002_annual-20190916-20200915_label_vis.tif,/home/chunen/nas/bigdata/final/DW/dw_kurosiwo_1111002_annual-20190916-20200915_label_vis.tif,KuroSiwo_COG_V8/unknown_event/flood_label/dw_kurosiwo_1111002_annual-20190916-20200915_label_vis_cog.tif,flood_label,unknown_event,nearest,256,DEFLATE,ok,gdal_translate COG 成功,2026-05-21T21:00:13.457478
/home/NAS/homes/chunen-10029/bigdata/final/DW/dw_kurosiwo_1111002_annual-20190916-20200915_probs.tif,/home/chunen/nas/bigdata/final/DW/dw_kurosiwo_1111002_annual-20190916-20200915_probs.tif,KuroSiwo_COG_V8/unknown_event/lulc/dw_kurosiwo_1111002_annual-20190916-20200915_probs_cog.tif,lulc,unknown_event,nearest,256,DEFLATE,ok,gdal_translate COG 成功,2026-05-21T21:00:13.887612
/home/NAS/homes/chunen-10029/bigdata/final/DW/dw_kurosiwo_1111003_annual-20181128-20191127_label.tif,/home/chunen/nas/bigdata/final/DW/dw_kurosiwo_1111003_annual-20181128-20191127_label.tif,KuroSiwo_COG_V8/unknown_event/flood_label/dw_kurosiwo_1111003_annual-20181128-20191127_label_cog.tif,flood_label,unknown_event,nearest,256,DEFLATE,ok,gdal_translate COG 成功,2026-05-21T21:00:14.481726
/home/NAS/homes/chunen-10029/bigdata/final/DW/dw_kurosiwo_1111003_annual-20181128-20191127_label_vis.tif,/home/chunen/nas/bigdata/final/DW/dw_kurosiwo_1111003_annual-20181128-20191127_label_vis.tif,KuroSiwo_COG_V8/unknown_event/flood_label/dw_kurosiwo_1111003_annual-20181128-20191127_label_vis_cog.tif,flood_label,unknown_event,nearest,256,DEFLATE,ok,gdal_translate COG 成功,2026-05-21T21:00:14.697169
/home/NAS/homes/chunen-10029/bigdata/final/DW/dw_kurosiwo_1111003_annual-20181128-20191127_probs.tif,/home/chunen/nas/bigdata/final/DW/dw_kurosiwo_1111003_annual-20181128-20191127_probs.tif,KuroSiwo_COG_V8/unknown_event/lulc/dw_kurosiwo_1111003_annual-20181128-20191127_probs_cog.tif,lulc,unknown_event,nearest,256,DEFLATE,ok,gdal_translate COG 成功,2026-05-21T21:00:15.069128
/home/NAS/homes/chunen-10029/bigdata/final/DW/dw_kurosiwo_1111004_annual-20160830-20170829_label.tif,/home/chunen/nas/bigdata/final/DW/dw_kurosiwo_1111004_annual-20160830-20170829_label.tif,KuroSiwo_COG_V8/unknown_event/flood_label/dw_kurosiwo_1111004_annual-20160830-20170829_label_cog.tif,flood_label,unknown_event,nearest,256,DEFLATE,ok,gdal_translate COG 成功,2026-05-21T21:00:15.219119
/home/NAS/homes/chunen-10029/bigdata/final/DW/dw_kurosiwo_1111004_annual-20160830-20170829_label_vis.tif,/home/chunen/nas/bigdata/final/DW/dw_kurosiwo_1111004_annual-20160830-20170829_label_vis.tif,KuroSiwo_COG_V8/unknown_event/flood_label/dw_kurosiwo_1111004_annual-20160830-20170829_label_vis_cog.tif,flood_label,unknown_event,nearest,256,DEFLATE,ok,gdal_translate COG 成功,2026-05-21T21:00:15.357548
/home/NAS/homes/chunen-10029/bigdata/final/DW/dw_kurosiwo_1111004_annual-20160830-20170829_probs.tif,/home/chunen/nas/bigdata/final/DW/dw_kurosiwo_1111004_annual-20160830-20170829_probs.tif,KuroSiwo_COG_V8/unknown_event/lulc/dw_kurosiwo_1111004_annual-20160830-20170829_probs_cog.tif,lulc,unknown_event,nearest,256,DEFLATE,ok,gdal_translate COG 成功,2026-05-21T21:00:16.623634
/home/NAS/homes/chunen-10029/bigdata/final/DW/dw_kurosiwo_1111005_annual-20190127-20200126_label.tif,/home/chunen/nas/bigdata/final/DW/dw_kurosiwo_1111005_annual-20190127-20200126_label.tif,KuroSiwo_COG_V8/unknown_event/flood_label/dw_kurosiwo_1111005_annual-20190127-20200126_label_cog.tif,flood_label,unknown_event,nearest,256,DEFLATE,ok,gdal_translate COG 成功,2026-05-21T21:00:16.746142
/home/NAS/homes/chunen-10029/bigdata/final/DW/dw_kurosiwo_1111005_annual-20190127-20200126_label_vis.tif,/home/chunen/nas/bigdata/final/DW/dw_kurosiwo_1111005_annual-20190127-20200126_label_vis.tif,KuroSiwo_COG_V8/unknown_event/flood_label/dw_kurosiwo_1111005_annual-20190127-20200126_label_vis_cog.tif,flood_label,unknown_event,nearest,256,DEFLATE,ok,gdal_translate COG 成功,2026-05-21T21:00:16.905047
/home/NAS/homes/chunen-10029/bigdata/final/DW/dw_kurosiwo_1111005_annual-20190127-20200126_probs.tif,/home/chunen/nas/bigdata/final/DW/dw_kurosiwo_1111005_annual-20190127-20200126_probs.tif,KuroSiwo_COG_V8/unknown_event/lulc/dw_kurosiwo_1111005_annual-20190127-20200126_probs_cog.tif,lulc,unknown_event,nearest,256,DEFLATE,ok,gdal_translate COG 成功,2026-05-21T21:00:18.050465
/home/NAS/homes/chunen-10029/bigdata/final/DW/dw_kurosiwo_1111006_annual-20190201-20200131_label.tif,/home/chunen/nas/bigdata/final/DW/dw_kurosiwo_1111006_annual-20190201-20200131_label.tif,KuroSiwo_COG_V8/unknown_event/flood_label/dw_kurosiwo_1111006_annual-20190201-20200131_label_cog.tif,flood_label,unknown_event,nearest,256,DEFLATE,ok,gdal_translate COG 成功,2026-05-21T21:00:18.196797
/home/NAS/homes/chunen-10029/bigdata/final/DW/dw_kurosiwo_1111006_annual-20190201-20200131_label_vis.tif,/home/chunen/nas/bigdata/final/DW/dw_kurosiwo_1111006_annual-20190201-20200131_label_vis.tif,KuroSiwo_COG_V8/unknown_event/flood_label/dw_kurosiwo_1111006_annual-20190201-20200131_label_vis_cog.tif,flood_label,unknown_event,nearest,256,DEFLATE,ok,gdal_translate COG 成功,2026-05-21T21:00:18.351548
/home/NAS/homes/chunen-10029/bigdata/final/DW/dw_kurosiwo_1111006_annual-20190201-20200131_probs.tif,/home/chunen/nas/bigdata/final/DW/dw_kurosiwo_1111006_annual-20190201-20200131_probs.tif,KuroSiwo_COG_V8/unknown_event/lulc/dw_kurosiwo_1111006_annual-20190201-20200131_probs_cog.tif,lulc,unknown_event,nearest,256,DEFLATE,ok,gdal_translate COG 成功,2026-05-21T21:00:19.879217
/home/NAS/homes/chunen-10029/bigdata/final/DW/dw_kurosiwo_1111007_annual-20180919-20190918_label.tif,/home/chunen/nas/bigdata/final/DW/dw_kurosiwo_1111007_annual-20180919-20190918_label.tif,KuroSiwo_COG_V8/unknown_event/flood_label/dw_kurosiwo_1111007_annual-20180919-20190918_label_cog.tif,flood_label,unknown_event,nearest,256,DEFLATE,ok,gdal_translate COG 成功,2026-05-21T21:00:20.028018
/home/NAS/homes/chunen-10029/bigdata/final/DW/dw_kurosiwo_1111007_annual-20180919-20190918_label_vis.tif,/home/chunen/nas/bigdata/final/DW/dw_kurosiwo_1111007_annual-20180919-20190918_label_vis.tif,KuroSiwo_COG_V8/unknown_event/flood_label/dw_kurosiwo_1111007_annual-20180919-20190918_label_vis_cog.tif,flood_label,unknown_event,nearest,256,DEFLATE,ok,gdal_translate COG 成功,2026-05-21T21:00:20.225458
/home/NAS/homes/chunen-10029/bigdata/final/DW/dw_kurosiwo_1111007_annual-20180919-20190918_probs.tif,/home/chunen/nas/bigdata/final/DW/dw_kurosiwo_1111007_annual-20180919-20190918_probs.tif,KuroSiwo_COG_V8/unknown_event/lulc/dw_kurosiwo_1111007_annual-20180919-20190918_probs_cog.tif,lulc,unknown_event,nearest,256,DEFLATE,ok,gdal_translate COG 成功,2026-05-21T21:00:21.180999
/home/NAS/homes/chunen-10029/bigdata/final/DW/dw_kurosiwo_1111008_annual-20190817-20200816_label.tif,/home/chunen/nas/bigdata/final/DW/dw_kurosiwo_1111008_annual-20190817-20200816_label.tif,KuroSiwo_COG_V8/unknown_event/flood_label/dw_kurosiwo_1111008_annual-20190817-20200816_label_cog.tif,flood_label,unknown_event,nearest,256,DEFLATE,ok,gdal_translate COG 成功,2026-05-21T21:00:21.299966
/home/NAS/homes/chunen-10029/bigdata/final/DW/dw_kurosiwo_1111008_annual-20190817-20200816_label_vis.tif,/home/chunen/nas/bigdata/final/DW/dw_kurosiwo_1111008_annual-20190817-20200816_label_vis.tif,KuroSiwo_COG_V8/unknown_event/flood_label/dw_kurosiwo_1111008_annual-20190817-20200816_label_vis_cog.tif,flood_label,unknown_event,nearest,256,DEFLATE,ok,gdal_translate COG 成功,2026-05-21T21:00:21.426661
/home/NAS/homes/chunen-10029/bigdata/final/DW/dw_kurosiwo_1111008_annual-20190817-20200816_probs.tif,/home/chunen/nas/bigdata/final/DW/dw_kurosiwo_1111008_annual-20190817-20200816_probs.tif,KuroSiwo_COG_V8/unknown_event/lulc/dw_kurosiwo_1111008_annual-20190817-20200816_probs_cog.tif,lulc,unknown_event,nearest,256,DEFLATE,ok,gdal_translate COG 成功,2026-05-21T21:00:22.381271
/home/NAS/homes/chunen-10029/bigdata/final/DW/dw_kurosiwo_1111009_annual-20210912-20220911_label.tif,/home/chunen/nas/bigdata/final/DW/dw_kurosiwo_1111009_annual-20210912-20220911_label.tif,KuroSiwo_COG_V8/unknown_event/flood_label/dw_kurosiwo_1111009_annual-20210912-20220911_label_cog.tif,flood_label,unknown_event,nearest,256,DEFLATE,ok,gdal_translate COG 成功,2026-05-21T21:00:22.528304
/home/NAS/homes/chunen-10029/bigdata/final/DW/dw_kurosiwo_1111009_annual-20210912-20220911_label_vis.tif,/home/chunen/nas/bigdata/final/DW/dw_kurosiwo_1111009_annual-20210912-20220911_label_vis.tif,KuroSiwo_COG_V8/unknown_event/flood_label/dw_kurosiwo_1111009_annual-20210912-20220911_label_vis_cog.tif,flood_label,unknown_event,nearest,256,DEFLATE,ok,gdal_translate COG 成功,2026-05-21T21:00:22.692043
/home/NAS/homes/chunen-10029/bigdata/final/DW/dw_kurosiwo_1111009_annual-20210912-20220911_probs.tif,/home/chunen/nas/bigdata/final/DW/dw_kurosiwo_1111009_annual-20210912-20220911_probs.tif,KuroSiwo_COG_V8/unknown_event/lulc/dw_kurosiwo_1111009_annual-20210912-20220911_probs_cog.tif,lulc,unknown_event,nearest,256,DEFLATE,ok,gdal_translate COG 成功,2026-05-21T21:00:23.707954
/home/NAS/homes/chunen-10029/bigdata/final/DW/dw_kurosiwo_1111010_annual-20160312-20170311_label.tif,/home/chunen/nas/bigdata/final/DW/dw_kurosiwo_1111010_annual-20160312-20170311_label.tif,KuroSiwo_COG_V8/unknown_event/flood_label/dw_kurosiwo_1111010_annual-20160312-20170311_label_cog.tif,flood_label,unknown_event,nearest,256,DEFLATE,ok,gdal_translate COG 成功,2026-05-21T21:00:23.823108
/home/NAS/homes/chunen-10029/bigdata/final/DW/dw_kurosiwo_1111010_annual-20160312-20170311_label_vis.tif,/home/chunen/nas/bigdata/final/DW/dw_kurosiwo_1111010_annual-20160312-20170311_label_vis.tif,KuroSiwo_COG_V8/unknown_event/flood_label/dw_kurosiwo_1111010_annual-20160312-20170311_label_vis_cog.tif,flood_label,unknown_event,nearest,256,DEFLATE,ok,gdal_translate COG 成功,2026-05-21T21:00:23.946955
/home/NAS/homes/chunen-10029/bigdata/final/DW/dw_kurosiwo_1111010_annual-20160312-20170311_probs.tif,/home/chunen/nas/bigdata/final/DW/dw_kurosiwo_1111010_annual-20160312-20170311_probs.tif,KuroSiwo_COG_V8/unknown_event/lulc/dw_kurosiwo_1111010_annual-20160312-20170311_probs_cog.tif,lulc,unknown_event,nearest,256,DEFLATE,ok,gdal_translate COG 成功,2026-05-21T21:00:25.242309
/home/NAS/homes/chunen-10029/bigdata/final/DW/dw_kurosiwo_1111011_annual-20191114-20201113_label.tif,/home/chunen/nas/bigdata/final/DW/dw_kurosiwo_1111011_annual-20191114-20201113_label.tif,KuroSiwo_COG_V8/unknown_event/flood_label/dw_kurosiwo_1111011_annual-20191114-20201113_label_cog.tif,flood_label,unknown_event,nearest,256,DEFLATE,ok,gdal_translate COG 成功,2026-05-21T21:00:25.387651
/home/NAS/homes/chunen-10029/bigdata/final/DW/dw_kurosiwo_1111011_annual-20191114-20201113_label_vis.tif,/home/chunen/nas/bigdata/final/DW/dw_kurosiwo_1111011_annual-20191114-20201113_label_vis.tif,KuroSiwo_COG_V8/unknown_event/flood_label/dw_kurosiwo_1111011_annual-20191114-20201113_label_vis_cog.tif,flood_label,unknown_event,nearest,256,DEFLATE,ok,gdal_translate COG 成功,2026-05-21T21:00:25.538147
/home/NAS/homes/chunen-10029/bigdata/final/DW/dw_kurosiwo_1111011_annual-20191114-20201113_probs.tif,/home/chunen/nas/bigdata/final/DW/dw_kurosiwo_1111011_annual-20191114-20201113_probs.tif,KuroSiwo_COG_V8/unknown_event/lulc/dw_kurosiwo_1111011_annual-20191114-20201113_probs_cog.tif,lulc,unknown_event,nearest,256,DEFLATE,ok,gdal_translate COG 成功,2026-05-21T21:00:26.697540
/home/NAS/homes/chunen-10029/bigdata/final/DW/dw_kurosiwo_1111013_annual-20160505-20170504_label.tif,/home/chunen/nas/bigdata/final/DW/dw_kurosiwo_1111013_annual-20160505-20170504_label.tif,KuroSiwo_COG_V8/unknown_event/flood_label/dw_kurosiwo_1111013_annual-20160505-20170504_label_cog.tif,flood_label,unknown_event,nearest,256,DEFLATE,ok,gdal_translate COG 成功,2026-05-21T21:00:26.852042
/home/NAS/homes/chunen-10029/bigdata/final/DW/dw_kurosiwo_1111013_annual-20160505-20170504_label_vis.tif,/home/chunen/nas/bigdata/final/DW/dw_kurosiwo_1111013_annual-20160505-20170504_label_vis.tif,KuroSiwo_COG_V8/unknown_event/flood_label/dw_kurosiwo_1111013_annual-20160505-20170504_label_vis_cog.tif,flood_label,unknown_event,nearest,256,DEFLATE,ok,gdal_translate COG 成功,2026-05-21T21:00:27.007294
/home/NAS/homes/chunen-10029/bigdata/final/DW/dw_kurosiwo_1111013_annual-20160505-20170504_probs.tif,/home/chunen/nas/bigdata/final/DW/dw_kurosiwo_1111013_annual-20160505-20170504_probs.tif,KuroSiwo_COG_V8/unknown_event/lulc/dw_kurosiwo_1111013_annual-20160505-20170504_probs_cog.tif,lulc,unknown_event,nearest,256,DEFLATE,ok,gdal_translate COG 成功,2026-05-21T21:00:28.248010
/home/NAS/homes/chunen-10029/bigdata/final/DW/dw_kurosiwo_130_annual-20150627-20150913_label.tif,/home/chunen/nas/bigdata/final/DW/dw_kurosiwo_130_annual-20150627-20150913_label.tif,KuroSiwo_COG_V8/unknown_event/flood_label/dw_kurosiwo_130_annual-20150627-20150913_label_cog.tif,flood_label,unknown_event,nearest,256,DEFLATE,ok,gdal_translate COG 成功,2026-05-21T21:00:28.341282
/home/NAS/homes/chunen-10029/bigdata/final/DW/dw_kurosiwo_130_annual-20150627-20150913_label_vis.tif,/home/chunen/nas/bigdata/final/DW/dw_kurosiwo_130_annual-20150627-20150913_label_vis.tif,KuroSiwo_COG_V8/unknown_event/flood_label/dw_kurosiwo_130_annual-20150627-20150913_label_vis_cog.tif,flood_label,unknown_event,nearest,256,DEFLATE,ok,gdal_translate COG 成功,2026-05-21T21:00:28.465443
/home/NAS/homes/chunen-10029/bigdata/final/DW/dw_kurosiwo_130_annual-20150627-20150913_probs.tif,/home/chunen/nas/bigdata/final/DW/dw_kurosiwo_130_annual-20150627-20150913_probs.tif,KuroSiwo_COG_V8/unknown_event/lulc/dw_kurosiwo_130_annual-20150627-20150913_probs_cog.tif,lulc,unknown_event,nearest,256,DEFLATE,ok,gdal_translate COG 成功,2026-05-21T21:00:28.846798
/home/NAS/homes/chunen-10029/bigdata/final/DW/dw_kurosiwo_147_annual-20150627-20151210_label.tif,/home/chunen/nas/bigdata/final/DW/dw_kurosiwo_147_annual-20150627-20151210_label.tif,KuroSiwo_COG_V8/unknown_event/flood_label/dw_kurosiwo_147_annual-20150627-20151210_label_cog.tif,flood_label,unknown_event,nearest,256,DEFLATE,ok,gdal_translate COG 成功,2026-05-21T21:00:28.993768
/home/NAS/homes/chunen-10029/bigdata/final/DW/dw_kurosiwo_147_annual-20150627-20151210_label_vis.tif,/home/chunen/nas/bigdata/final/DW/dw_kurosiwo_147_annual-20150627-20151210_label_vis.tif,KuroSiwo_COG_V8/unknown_event/flood_label/dw_kurosiwo_147_annual-20150627-20151210_label_vis_cog.tif,flood_label,unknown_event,nearest,256,DEFLATE,ok,gdal_translate COG 成功,2026-05-21T21:00:29.147438
/home/NAS/homes/chunen-10029/bigdata/final/DW/dw_kurosiwo_147_annual-20150627-20151210_probs.tif,/home/chunen/nas/bigdata/final/DW/dw_kurosiwo_147_annual-20150627-20151210_probs.tif,KuroSiwo_COG_V8/unknown_event/lulc/dw_kurosiwo_147_annual-20150627-20151210_probs_cog.tif,lulc,unknown_event,nearest,256,DEFLATE,ok,gdal_translate COG 成功,2026-05-21T21:00:30.571881
/home/NAS/homes/chunen-10029/bigdata/final/DW/dw_kurosiwo_174_annual-20150808-20160807_label.tif,/home/chunen/nas/bigdata/final/DW/dw_kurosiwo_174_annual-20150808-20160807_label.tif,KuroSiwo_COG_V8/unknown_event/flood_label/dw_kurosiwo_174_annual-20150808-20160807_label_cog.tif,flood_label,unknown_event,nearest,256,DEFLATE,ok,gdal_translate COG 成功,2026-05-21T21:00:30.704867
/home/NAS/homes/chunen-10029/bigdata/final/DW/dw_kurosiwo_174_annual-20150808-20160807_label_vis.tif,/home/chunen/nas/bigdata/final/DW/dw_kurosiwo_174_annual-20150808-20160807_label_vis.tif,KuroSiwo_COG_V8/unknown_event/flood_label/dw_kurosiwo_174_annual-20150808-20160807_label_vis_cog.tif,flood_label,unknown_event,nearest,256,DEFLATE,ok,gdal_translate COG 成功,2026-05-21T21:00:30.841666
/home/NAS/homes/chunen-10029/bigdata/final/DW/dw_kurosiwo_174_annual-20150808-20160807_probs.tif,/home/chunen/nas/bigdata/final/DW/dw_kurosiwo_174_annual-20150808-20160807_probs.tif,KuroSiwo_COG_V8/unknown_event/lulc/dw_kurosiwo_174_annual-20150808-20160807_probs_cog.tif,lulc,unknown_event,nearest,256,DEFLATE,ok,gdal_translate COG 成功,2026-05-21T21:00:32.297503
/home/NAS/homes/chunen-10029/bigdata/final/DW/dw_kurosiwo_205_annual-20160531-20170530_label.tif,/home/chunen/nas/bigdata/final/DW/dw_kurosiwo_205_annual-20160531-20170530_label.tif,KuroSiwo_COG_V8/unknown_event/flood_label/dw_kurosiwo_205_annual-20160531-20170530_label_cog.tif,flood_label,unknown_event,nearest,256,DEFLATE,ok,gdal_translate COG 成功,2026-05-21T21:00:32.442789
/home/NAS/homes/chunen-10029/bigdata/final/DW/dw_kurosiwo_205_annual-20160531-20170530_label_vis.tif,/home/chunen/nas/bigdata/final/DW/dw_kurosiwo_205_annual-20160531-20170530_label_vis.tif,KuroSiwo_COG_V8/unknown_event/flood_label/dw_kurosiwo_205_annual-20160531-20170530_label_vis_cog.tif,flood_label,unknown_event,nearest,256,DEFLATE,ok,gdal_translate COG 成功,2026-05-21T21:00:32.572420
/home/NAS/homes/chunen-10029/bigdata/final/DW/dw_kurosiwo_205_annual-20160531-20170530_probs.tif,/home/chunen/nas/bigdata/final/DW/dw_kurosiwo_205_annual-20160531-20170530_probs.tif,KuroSiwo_COG_V8/unknown_event/lulc/dw_kurosiwo_205_annual-20160531-20170530_probs_cog.tif,lulc,unknown_event,nearest,256,DEFLATE,ok,gdal_translate COG 成功,2026-05-21T21:00:33.643662
/home/NAS/homes/chunen-10029/bigdata/final/DW/dw_kurosiwo_267_annual-20170203-20180202_label.tif,/home/chunen/nas/bigdata/final/DW/dw_kurosiwo_267_annual-20170203-20180202_label.tif,KuroSiwo_COG_V8/unknown_event/flood_label/dw_kurosiwo_267_annual-20170203-20180202_label_cog.tif,flood_label,unknown_event,nearest,256,DEFLATE,ok,gdal_translate COG 成功,2026-05-21T21:00:33.793241
/home/NAS/homes/chunen-10029/bigdata/final/DW/dw_kurosiwo_267_annual-20170203-20180202_label_vis.tif,/home/chunen/nas/bigdata/final/DW/dw_kurosiwo_267_annual-20170203-20180202_label_vis.tif,KuroSiwo_COG_V8/unknown_event/flood_label/dw_kurosiwo_267_annual-20170203-20180202_label_vis_cog.tif,flood_label,unknown_event,nearest,256,DEFLATE,ok,gdal_translate COG 成功,2026-05-21T21:00:33.960911
/home/NAS/homes/chunen-10029/bigdata/final/DW/dw_kurosiwo_267_annual-20170203-20180202_probs.tif,/home/chunen/nas/bigdata/final/DW/dw_kurosiwo_267_annual-20170203-20180202_probs.tif,KuroSiwo_COG_V8/unknown_event/lulc/dw_kurosiwo_267_annual-20170203-20180202_probs_cog.tif,lulc,unknown_event,nearest,256,DEFLATE,ok,gdal_translate COG 成功,2026-05-21T21:00:35.306872
/home/NAS/homes/chunen-10029/bigdata/final/DW/dw_kurosiwo_273_annual-20170312-20180311_label.tif,/home/chunen/nas/bigdata/final/DW/dw_kurosiwo_273_annual-20170312-20180311_label.tif,KuroSiwo_COG_V8/unknown_event/flood_label/dw_kurosiwo_273_annual-20170312-20180311_label_cog.tif,flood_label,unknown_event,nearest,256,DEFLATE,ok,gdal_translate COG 成功,2026-05-21T21:00:35.441397
/home/NAS/homes/chunen-10029/bigdata/final/DW/dw_kurosiwo_273_annual-20170312-20180311_label_vis.tif,/home/chunen/nas/bigdata/final/DW/dw_kurosiwo_273_annual-20170312-20180311_label_vis.tif,KuroSiwo_COG_V8/unknown_event/flood_label/dw_kurosiwo_273_annual-20170312-20180311_label_vis_cog.tif,flood_label,unknown_event,nearest,256,DEFLATE,ok,gdal_translate COG 成功,2026-05-21T21:00:35.614227
/home/NAS/homes/chunen-10029/bigdata/final/DW/dw_kurosiwo_273_annual-20170312-20180311_probs.tif,/home/chunen/nas/bigdata/final/DW/dw_kurosiwo_273_annual-20170312-20180311_probs.tif,KuroSiwo_COG_V8/unknown_event/lulc/dw_kurosiwo_273_annual-20170312-20180311_probs_cog.tif,lulc,unknown_event,nearest,256,DEFLATE,ok,gdal_translate COG 成功,2026-05-21T21:00:36.685670
/home/NAS/homes/chunen-10029/bigdata/final/DW/dw_kurosiwo_275_annual-20170323-20180322_label.tif,/home/chunen/nas/bigdata/final/DW/dw_kurosiwo_275_annual-20170323-20180322_label.tif,KuroSiwo_COG_V8/unknown_event/flood_label/dw_kurosiwo_275_annual-20170323-20180322_label_cog.tif,flood_label,unknown_event,nearest,256,DEFLATE,ok,gdal_translate COG 成功,2026-05-21T21:00:36.832822
/home/NAS/homes/chunen-10029/bigdata/final/DW/dw_kurosiwo_275_annual-20170323-20180322_label_vis.tif,/home/chunen/nas/bigdata/final/DW/dw_kurosiwo_275_annual-20170323-20180322_label_vis.tif,KuroSiwo_COG_V8/unknown_event/flood_label/dw_kurosiwo_275_annual-20170323-20180322_label_vis_cog.tif,flood_label,unknown_event,nearest,256,DEFLATE,ok,gdal_translate COG 成功,2026-05-21T21:00:36.987058
/home/NAS/homes/chunen-10029/bigdata/final/DW/dw_kurosiwo_275_annual-20170323-20180322_probs.tif,/home/chunen/nas/bigdata/final/DW/dw_kurosiwo_275_annual-20170323-20180322_probs.tif,KuroSiwo_COG_V8/unknown_event/lulc/dw_kurosiwo_275_annual-20170323-20180322_probs_cog.tif,lulc,unknown_event,nearest,256,DEFLATE,ok,gdal_translate COG 成功,2026-05-21T21:00:38.292618
/home/NAS/homes/chunen-10029/bigdata/final/DW/dw_kurosiwo_277_annual-20170328-20180327_label.tif,/home/chunen/nas/bigdata/final/DW/dw_kurosiwo_277_annual-20170328-20180327_label.tif,KuroSiwo_COG_V8/unknown_event/flood_label/dw_kurosiwo_277_annual-20170328-20180327_label_cog.tif,flood_label,unknown_event,nearest,256,DEFLATE,ok,gdal_translate COG 成功,2026-05-21T21:00:38.441138
/home/NAS/homes/chunen-10029/bigdata/final/DW/dw_kurosiwo_277_annual-20170328-20180327_label_vis.tif,/home/chunen/nas/bigdata/final/DW/dw_kurosiwo_277_annual-20170328-20180327_label_vis.tif,KuroSiwo_COG_V8/unknown_event/flood_label/dw_kurosiwo_277_annual-20170328-20180327_label_vis_cog.tif,flood_label,unknown_event,nearest,256,DEFLATE,ok,gdal_translate COG 成功,2026-05-21T21:00:38.608210
/home/NAS/homes/chunen-10029/bigdata/final/DW/dw_kurosiwo_277_annual-20170328-20180327_probs.tif,/home/chunen/nas/bigdata/final/DW/dw_kurosiwo_277_annual-20170328-20180327_probs.tif,KuroSiwo_COG_V8/unknown_event/lulc/dw_kurosiwo_277_annual-20170328-20180327_probs_cog.tif,lulc,unknown_event,nearest,256,DEFLATE,ok,gdal_translate COG 成功,2026-05-21T21:00:39.643855
/home/NAS/homes/chunen-10029/bigdata/final/DW/dw_kurosiwo_279_annual-20170420-20180419_label.tif,/home/chunen/nas/bigdata/final/DW/dw_kurosiwo_279_annual-20170420-20180419_label.tif,KuroSiwo_COG_V8/unknown_event/flood_label/dw_kurosiwo_279_annual-20170420-20180419_label_cog.tif,flood_label,unknown_event,nearest,256,DEFLATE,ok,gdal_translate COG 成功,2026-05-21T21:00:39.770500
/home/NAS/homes/chunen-10029/bigdata/final/DW/dw_kurosiwo_279_annual-20170420-20180419_label_vis.tif,/home/chunen/nas/bigdata/final/DW/dw_kurosiwo_279_annual-20170420-20180419_label_vis.tif,KuroSiwo_COG_V8/unknown_event/flood_label/dw_kurosiwo_279_annual-20170420-20180419_label_vis_cog.tif,flood_label,unknown_event,nearest,256,DEFLATE,ok,gdal_translate COG 成功,2026-05-21T21:00:39.922388
/home/NAS/homes/chunen-10029/bigdata/final/DW/dw_kurosiwo_279_annual-20170420-20180419_probs.tif,/home/chunen/nas/bigdata/final/DW/dw_kurosiwo_279_annual-20170420-20180419_probs.tif,KuroSiwo_COG_V8/unknown_event/lulc/dw_kurosiwo_279_annual-20170420-20180419_probs_cog.tif,lulc,unknown_event,nearest,256,DEFLATE,ok,gdal_translate COG 成功,2026-05-21T21:00:40.919690
/home/NAS/homes/chunen-10029/bigdata/final/DW/dw_kurosiwo_321_annual-20171008-20181007_label.tif,/home/chunen/nas/bigdata/final/DW/dw_kurosiwo_321_annual-20171008-20181007_label.tif,KuroSiwo_COG_V8/unknown_event/flood_label/dw_kurosiwo_321_annual-20171008-20181007_label_cog.tif,flood_label,unknown_event,nearest,256,DEFLATE,ok,gdal_translate COG 成功,2026-05-21T21:00:41.073097
/home/NAS/homes/chunen-10029/bigdata/final/DW/dw_kurosiwo_321_annual-20171008-20181007_label_vis.tif,/home/chunen/nas/bigdata/final/DW/dw_kurosiwo_321_annual-20171008-20181007_label_vis.tif,KuroSiwo_COG_V8/unknown_event/flood_label/dw_kurosiwo_321_annual-20171008-20181007_label_vis_cog.tif,flood_label,unknown_event,nearest,256,DEFLATE,ok,gdal_translate COG 成功,2026-05-21T21:00:41.209415
/home/NAS/homes/chunen-10029/bigdata/final/DW/dw_kurosiwo_321_annual-20171008-20181007_probs.tif,/home/chunen/nas/bigdata/final/DW/dw_kurosiwo_321_annual-20171008-20181007_probs.tif,KuroSiwo_COG_V8/unknown_event/lulc/dw_kurosiwo_321_annual-20171008-20181007_probs_cog.tif,lulc,unknown_event,nearest,256,DEFLATE,ok,gdal_translate COG 成功,2026-05-21T21:00:42.572270
/home/NAS/homes/chunen-10029/bigdata/final/DW/dw_kurosiwo_324_annual-20171017-20181016_label.tif,/home/chunen/nas/bigdata/final/DW/dw_kurosiwo_324_annual-20171017-20181016_label.tif,KuroSiwo_COG_V8/unknown_event/flood_label/dw_kurosiwo_324_annual-20171017-20181016_label_cog.tif,flood_label,unknown_event,nearest,256,DEFLATE,ok,gdal_translate COG 成功,2026-05-21T21:00:42.710297
/home/NAS/homes/chunen-10029/bigdata/final/DW/dw_kurosiwo_324_annual-20171017-20181016_label_vis.tif,/home/chunen/nas/bigdata/final/DW/dw_kurosiwo_324_annual-20171017-20181016_label_vis.tif,KuroSiwo_COG_V8/unknown_event/flood_label/dw_kurosiwo_324_annual-20171017-20181016_label_vis_cog.tif,flood_label,unknown_event,nearest,256,DEFLATE,ok,gdal_translate COG 成功,2026-05-21T21:00:42.848885
/home/NAS/homes/chunen-10029/bigdata/final/DW/dw_kurosiwo_324_annual-20171017-20181016_probs.tif,/home/chunen/nas/bigdata/final/DW/dw_kurosiwo_324_annual-20171017-20181016_probs.tif,KuroSiwo_COG_V8/unknown_event/lulc/dw_kurosiwo_324_annual-20171017-20181016_probs_cog.tif,lulc,unknown_event,nearest,256,DEFLATE,ok,gdal_translate COG 成功,2026-05-21T21:00:43.722638
/home/NAS/homes/chunen-10029/bigdata/final/DW/dw_kurosiwo_411_annual-20181126-20191125_label.tif,/home/chunen/nas/bigdata/final/DW/dw_kurosiwo_411_annual-20181126-20191125_label.tif,KuroSiwo_COG_V8/unknown_event/flood_label/dw_kurosiwo_411_annual-20181126-20191125_label_cog.tif,flood_label,unknown_event,nearest,256,DEFLATE,ok,gdal_translate COG 成功,2026-05-21T21:00:43.847934
/home/NAS/homes/chunen-10029/bigdata/final/DW/dw_kurosiwo_411_annual-20181126-20191125_label_vis.tif,/home/chunen/nas/bigdata/final/DW/dw_kurosiwo_411_annual-20181126-20191125_label_vis.tif,KuroSiwo_COG_V8/unknown_event/flood_label/dw_kurosiwo_411_annual-20181126-20191125_label_vis_cog.tif,flood_label,unknown_event,nearest,256,DEFLATE,ok,gdal_translate COG 成功,2026-05-21T21:00:43.991665
/home/NAS/homes/chunen-10029/bigdata/final/DW/dw_kurosiwo_411_annual-20181126-20191125_probs.tif,/home/chunen/nas/bigdata/final/DW/dw_kurosiwo_411_annual-20181126-20191125_probs.tif,KuroSiwo_COG_V8/unknown_event/lulc/dw_kurosiwo_411_annual-20181126-20191125_probs_cog.tif,lulc,unknown_event,nearest,256,DEFLATE,ok,gdal_translate COG 成功,2026-05-21T21:00:44.805459
/home/NAS/homes/chunen-10029/bigdata/final/DW/dw_kurosiwo_417_annual-20181224-20191223_label.tif,/home/chunen/nas/bigdata/final/DW/dw_kurosiwo_417_annual-20181224-20191223_label.tif,KuroSiwo_COG_V8/unknown_event/flood_label/dw_kurosiwo_417_annual-20181224-20191223_label_cog.tif,flood_label,unknown_event,nearest,256,DEFLATE,ok,gdal_translate COG 成功,2026-05-21T21:00:45.172462
/home/NAS/homes/chunen-10029/bigdata/final/DW/dw_kurosiwo_417_annual-20181224-20191223_label_vis.tif,/home/chunen/nas/bigdata/final/DW/dw_kurosiwo_417_annual-20181224-20191223_label_vis.tif,KuroSiwo_COG_V8/unknown_event/flood_label/dw_kurosiwo_417_annual-20181224-20191223_label_vis_cog.tif,flood_label,unknown_event,nearest,256,DEFLATE,ok,gdal_translate COG 成功,2026-05-21T21:00:45.343253
/home/NAS/homes/chunen-10029/bigdata/final/DW/dw_kurosiwo_417_annual-20181224-20191223_probs.tif,/home/chunen/nas/bigdata/final/DW/dw_kurosiwo_417_annual-20181224-20191223_probs.tif,KuroSiwo_COG_V8/unknown_event/lulc/dw_kurosiwo_417_annual-20181224-20191223_probs_cog.tif,lulc,unknown_event,nearest,256,DEFLATE,ok,gdal_translate COG 成功,2026-05-21T21:00:46.291487
/home/NAS/homes/chunen-10029/bigdata/final/DW/dw_kurosiwo_421_annual-20190124-20200123_label.tif,/home/chunen/nas/bigdata/final/DW/dw_kurosiwo_421_annual-20190124-20200123_label.tif,KuroSiwo_COG_V8/unknown_event/flood_label/dw_kurosiwo_421_annual-20190124-20200123_label_cog.tif,flood_label,unknown_event,nearest,256,DEFLATE,ok,gdal_translate COG 成功,2026-05-21T21:00:46.424570
/home/NAS/homes/chunen-10029/bigdata/final/DW/dw_kurosiwo_421_annual-20190124-20200123_label_vis.tif,/home/chunen/nas/bigdata/final/DW/dw_kurosiwo_421_annual-20190124-20200123_label_vis.tif,KuroSiwo_COG_V8/unknown_event/flood_label/dw_kurosiwo_421_annual-20190124-20200123_label_vis_cog.tif,flood_label,unknown_event,nearest,256,DEFLATE,ok,gdal_translate COG 成功,2026-05-21T21:00:46.571931
/home/NAS/homes/chunen-10029/bigdata/final/DW/dw_kurosiwo_421_annual-20190124-20200123_probs.tif,/home/chunen/nas/bigdata/final/DW/dw_kurosiwo_421_annual-20190124-20200123_probs.tif,KuroSiwo_COG_V8/unknown_event/lulc/dw_kurosiwo_421_annual-20190124-20200123_probs_cog.tif,lulc,unknown_event,nearest,256,DEFLATE,ok,gdal_translate COG 成功,2026-05-21T21:00:47.409495
/home/NAS/homes/chunen-10029/bigdata/final/DW/dw_kurosiwo_427_annual-20190223-20200222_label.tif,/home/chunen/nas/bigdata/final/DW/dw_kurosiwo_427_annual-20190223-20200222_label.tif,KuroSiwo_COG_V8/unknown_event/flood_label/dw_kurosiwo_427_annual-20190223-20200222_label_cog.tif,flood_label,unknown_event,nearest,256,DEFLATE,ok,gdal_translate COG 成功,2026-05-21T21:00:47.532704
/home/NAS/homes/chunen-10029/bigdata/final/DW/dw_kurosiwo_427_annual-20190223-20200222_label_vis.tif,/home/chunen/nas/bigdata/final/DW/dw_kurosiwo_427_annual-20190223-20200222_label_vis.tif,KuroSiwo_COG_V8/unknown_event/flood_label/dw_kurosiwo_427_annual-20190223-20200222_label_vis_cog.tif,flood_label,unknown_event,nearest,256,DEFLATE,ok,gdal_translate COG 成功,2026-05-21T21:00:47.689347
/home/NAS/homes/chunen-10029/bigdata/final/DW/dw_kurosiwo_427_annual-20190223-20200222_probs.tif,/home/chunen/nas/bigdata/final/DW/dw_kurosiwo_427_annual-20190223-20200222_probs.tif,KuroSiwo_COG_V8/unknown_event/lulc/dw_kurosiwo_427_annual-20190223-20200222_probs_cog.tif,lulc,unknown_event,nearest,256,DEFLATE,ok,gdal_translate COG 成功,2026-05-21T21:00:48.399007
/home/NAS/homes/chunen-10029/bigdata/final/DW/dw_kurosiwo_437_annual-20190514-20200513_label.tif,/home/chunen/nas/bigdata/final/DW/dw_kurosiwo_437_annual-20190514-20200513_label.tif,KuroSiwo_COG_V8/unknown_event/flood_label/dw_kurosiwo_437_annual-20190514-20200513_label_cog.tif,flood_label,unknown_event,nearest,256,DEFLATE,ok,gdal_translate COG 成功,2026-05-21T21:00:48.547733
/home/NAS/homes/chunen-10029/bigdata/final/DW/dw_kurosiwo_437_annual-20190514-20200513_label_vis.tif,/home/chunen/nas/bigdata/final/DW/dw_kurosiwo_437_annual-20190514-20200513_label_vis.tif,KuroSiwo_COG_V8/unknown_event/flood_label/dw_kurosiwo_437_annual-20190514-20200513_label_vis_cog.tif,flood_label,unknown_event,nearest,256,DEFLATE,ok,gdal_translate COG 成功,2026-05-21T21:00:48.724051
/home/NAS/homes/chunen-10029/bigdata/final/DW/dw_kurosiwo_437_annual-20190514-20200513_probs.tif,/home/chunen/nas/bigdata/final/DW/dw_kurosiwo_437_annual-20190514-20200513_probs.tif,KuroSiwo_COG_V8/unknown_event/lulc/dw_kurosiwo_437_annual-20190514-20200513_probs_cog.tif,lulc,unknown_event,nearest,256,DEFLATE,ok,gdal_translate COG 成功,2026-05-21T21:00:50.183306
/home/NAS/homes/chunen-10029/bigdata/final/DW/dw_kurosiwo_445_annual-20190627-20200626_label.tif,/home/chunen/nas/bigdata/final/DW/dw_kurosiwo_445_annual-20190627-20200626_label.tif,KuroSiwo_COG_V8/unknown_event/flood_label/dw_kurosiwo_445_annual-20190627-20200626_label_cog.tif,flood_label,unknown_event,nearest,256,DEFLATE,ok,gdal_translate COG 成功,2026-05-21T21:00:50.344007
/home/NAS/homes/chunen-10029/bigdata/final/DW/dw_kurosiwo_445_annual-20190627-20200626_label_vis.tif,/home/chunen/nas/bigdata/final/DW/dw_kurosiwo_445_annual-20190627-20200626_label_vis.tif,KuroSiwo_COG_V8/unknown_event/flood_label/dw_kurosiwo_445_annual-20190627-20200626_label_vis_cog.tif,flood_label,unknown_event,nearest,256,DEFLATE,ok,gdal_translate COG 成功,2026-05-21T21:00:50.499726
/home/NAS/homes/chunen-10029/bigdata/final/DW/dw_kurosiwo_445_annual-20190627-20200626_probs.tif,/home/chunen/nas/bigdata/final/DW/dw_kurosiwo_445_annual-20190627-20200626_probs.tif,KuroSiwo_COG_V8/unknown_event/lulc/dw_kurosiwo_445_annual-20190627-20200626_probs_cog.tif,lulc,unknown_event,nearest,256,DEFLATE,ok,gdal_translate COG 成功,2026-05-21T21:00:51.248159
/home/NAS/homes/chunen-10029/bigdata/final/DW/dw_kurosiwo_470_annual-20191015-20201014_label.tif,/home/chunen/nas/bigdata/final/DW/dw_kurosiwo_470_annual-20191015-20201014_label.tif,KuroSiwo_COG_V8/unknown_event/flood_label/dw_kurosiwo_470_annual-20191015-20201014_label_cog.tif,flood_label,unknown_event,nearest,256,DEFLATE,ok,gdal_translate COG 成功,2026-05-21T21:00:51.378710
/home/NAS/homes/chunen-10029/bigdata/final/DW/dw_kurosiwo_470_annual-20191015-20201014_label_vis.tif,/home/chunen/nas/bigdata/final/DW/dw_kurosiwo_470_annual-20191015-20201014_label_vis.tif,KuroSiwo_COG_V8/unknown_event/flood_label/dw_kurosiwo_470_annual-20191015-20201014_label_vis_cog.tif,flood_label,unknown_event,nearest,256,DEFLATE,ok,gdal_translate COG 成功,2026-05-21T21:00:51.509864
/home/NAS/homes/chunen-10029/bigdata/final/DW/dw_kurosiwo_470_annual-20191015-20201014_probs.tif,/home/chunen/nas/bigdata/final/DW/dw_kurosiwo_470_annual-20191015-20201014_probs.tif,KuroSiwo_COG_V8/unknown_event/lulc/dw_kurosiwo_470_annual-20191015-20201014_probs_cog.tif,lulc,unknown_event,nearest,256,DEFLATE,ok,gdal_translate COG 成功,2026-05-21T21:00:52.518104
/home/NAS/homes/chunen-10029/bigdata/final/DW/dw_kurosiwo_492_annual-20200103-20210102_label.tif,/home/chunen/nas/bigdata/final/DW/dw_kurosiwo_492_annual-20200103-20210102_label.tif,KuroSiwo_COG_V8/unknown_event/flood_label/dw_kurosiwo_492_annual-20200103-20210102_label_cog.tif,flood_label,unknown_event,nearest,256,DEFLATE,ok,gdal_translate COG 成功,2026-05-21T21:00:52.638935
/home/NAS/homes/chunen-10029/bigdata/final/DW/dw_kurosiwo_492_annual-20200103-20210102_label_vis.tif,/home/chunen/nas/bigdata/final/DW/dw_kurosiwo_492_annual-20200103-20210102_label_vis.tif,KuroSiwo_COG_V8/unknown_event/flood_label/dw_kurosiwo_492_annual-20200103-20210102_label_vis_cog.tif,flood_label,unknown_event,nearest,256,DEFLATE,skip,COG 已存在，略過,
/home/NAS/homes/chunen-10029/bigdata/final/DW/dw_kurosiwo_492_annual-20200103-20210102_probs.tif,/home/chunen/nas/bigdata/final/DW/dw_kurosiwo_492_annual-20200103-20210102_probs.tif,KuroSiwo_COG_V8/unknown_event/lulc/dw_kurosiwo_492_annual-20200103-20210102_probs_cog.tif,lulc,unknown_event,nearest,256,DEFLATE,ok,gdal_translate COG 成功,2026-05-21T21:00:53.991223
/home/NAS/homes/chunen-10029/bigdata/final/DW/dw_kurosiwo_496_annual-20200128-20210127_label.tif,/home/chunen/nas/bigdata/final/DW/dw_kurosiwo_496_annual-20200128-20210127_label.tif,KuroSiwo_COG_V8/unknown_event/flood_label/dw_kurosiwo_496_annual-20200128-20210127_label_cog.tif,flood_label,unknown_event,nearest,256,DEFLATE,ok,gdal_translate COG 成功,2026-05-21T21:00:54.117811
/home/NAS/homes/chunen-10029/bigdata/final/DW/dw_kurosiwo_496_annual-20200128-20210127_label_vis.tif,/home/chunen/nas/bigdata/final/DW/dw_kurosiwo_496_annual-20200128-20210127_label_vis.tif,KuroSiwo_COG_V8/unknown_event/flood_label/dw_kurosiwo_496_annual-20200128-20210127_label_vis_cog.tif,flood_label,unknown_event,nearest,256,DEFLATE,ok,gdal_translate COG 成功,2026-05-21T21:00:54.278842
/home/NAS/homes/chunen-10029/bigdata/final/DW/dw_kurosiwo_496_annual-20200128-20210127_probs.tif,/home/chunen/nas/bigdata/final/DW/dw_kurosiwo_496_annual-20200128-20210127_probs.tif,KuroSiwo_COG_V8/unknown_event/lulc/dw_kurosiwo_496_annual-20200128-20210127_probs_cog.tif,lulc,unknown_event,nearest,256,DEFLATE,ok,gdal_translate COG 成功,2026-05-21T21:00:55.117711
/home/NAS/homes/chunen-10029/bigdata/final/DW/dw_kurosiwo_497_annual-20200204-20210203_label.tif,/home/chunen/nas/bigdata/final/DW/dw_kurosiwo_497_annual-20200204-20210203_label.tif,KuroSiwo_COG_V8/unknown_event/flood_label/dw_kurosiwo_497_annual-20200204-20210203_label_cog.tif,flood_label,unknown_event,nearest,256,DEFLATE,ok,gdal_translate COG 成功,2026-05-21T21:00:55.250965
/home/NAS/homes/chunen-10029/bigdata/final/DW/dw_kurosiwo_497_annual-20200204-20210203_label_vis.tif,/home/chunen/nas/bigdata/final/DW/dw_kurosiwo_497_annual-20200204-20210203_label_vis.tif,KuroSiwo_COG_V8/unknown_event/flood_label/dw_kurosiwo_497_annual-20200204-20210203_label_vis_cog.tif,flood_label,unknown_event,nearest,256,DEFLATE,ok,gdal_translate COG 成功,2026-05-21T21:00:55.384703
/home/NAS/homes/chunen-10029/bigdata/final/DW/dw_kurosiwo_497_annual-20200204-20210203_probs.tif,/home/chunen/nas/bigdata/final/DW/dw_kurosiwo_497_annual-20200204-20210203_probs.tif,KuroSiwo_COG_V8/unknown_event/lulc/dw_kurosiwo_497_annual-20200204-20210203_probs_cog.tif,lulc,unknown_event,nearest,256,DEFLATE,ok,gdal_translate COG 成功,2026-05-21T21:00:56.274463
/home/NAS/homes/chunen-10029/bigdata/final/DW/dw_kurosiwo_498_annual-20200203-20210202_label.tif,/home/chunen/nas/bigdata/final/DW/dw_kurosiwo_498_annual-20200203-20210202_label.tif,KuroSiwo_COG_V8/unknown_event/flood_label/dw_kurosiwo_498_annual-20200203-20210202_label_cog.tif,flood_label,unknown_event,nearest,256,DEFLATE,ok,gdal_translate COG 成功,2026-05-21T21:00:56.415119
/home/NAS/homes/chunen-10029/bigdata/final/DW/dw_kurosiwo_498_annual-20200203-20210202_label_vis.tif,/home/chunen/nas/bigdata/final/DW/dw_kurosiwo_498_annual-20200203-20210202_label_vis.tif,KuroSiwo_COG_V8/unknown_event/flood_label/dw_kurosiwo_498_annual-20200203-20210202_label_vis_cog.tif,flood_label,unknown_event,nearest,256,DEFLATE,ok,gdal_translate COG 成功,2026-05-21T21:00:56.559215
/home/NAS/homes/chunen-10029/bigdata/final/DW/dw_kurosiwo_498_annual-20200203-20210202_probs.tif,/home/chunen/nas/bigdata/final/DW/dw_kurosiwo_498_annual-20200203-20210202_probs.tif,KuroSiwo_COG_V8/unknown_event/lulc/dw_kurosiwo_498_annual-20200203-20210202_probs_cog.tif,lulc,unknown_event,nearest,256,DEFLATE,ok,gdal_translate COG 成功,2026-05-21T21:00:57.406726
/home/NAS/homes/chunen-10029/bigdata/final/DW/dw_kurosiwo_502_annual-20200224-20210223_label.tif,/home/chunen/nas/bigdata/final/DW/dw_kurosiwo_502_annual-20200224-20210223_label.tif,KuroSiwo_COG_V8/unknown_event/flood_label/dw_kurosiwo_502_annual-20200224-20210223_label_cog.tif,flood_label,unknown_event,nearest,256,DEFLATE,ok,gdal_translate COG 成功,2026-05-21T21:00:57.543880
/home/NAS/homes/chunen-10029/bigdata/final/DW/dw_kurosiwo_502_annual-20200224-20210223_label_vis.tif,/home/chunen/nas/bigdata/final/DW/dw_kurosiwo_502_annual-20200224-20210223_label_vis.tif,KuroSiwo_COG_V8/unknown_event/flood_label/dw_kurosiwo_502_annual-20200224-20210223_label_vis_cog.tif,flood_label,unknown_event,nearest,256,DEFLATE,ok,gdal_translate COG 成功,2026-05-21T21:00:57.692707
/home/NAS/homes/chunen-10029/bigdata/final/DW/dw_kurosiwo_502_annual-20200224-20210223_probs.tif,/home/chunen/nas/bigdata/final/DW/dw_kurosiwo_502_annual-20200224-20210223_probs.tif,KuroSiwo_COG_V8/unknown_event/lulc/dw_kurosiwo_502_annual-20200224-20210223_probs_cog.tif,lulc,unknown_event,nearest,256,DEFLATE,ok,gdal_translate COG 成功,2026-05-21T21:00:58.500204
/home/NAS/homes/chunen-10029/bigdata/final/DW/dw_kurosiwo_518_annual-20200716-20210715_label.tif,/home/chunen/nas/bigdata/final/DW/dw_kurosiwo_518_annual-20200716-20210715_label.tif,KuroSiwo_COG_V8/unknown_event/flood_label/dw_kurosiwo_518_annual-20200716-20210715_label_cog.tif,flood_label,unknown_event,nearest,256,DEFLATE,ok,gdal_translate COG 成功,2026-05-21T21:00:58.632981
/home/NAS/homes/chunen-10029/bigdata/final/DW/dw_kurosiwo_518_annual-20200716-20210715_label_vis.tif,/home/chunen/nas/bigdata/final/DW/dw_kurosiwo_518_annual-20200716-20210715_label_vis.tif,KuroSiwo_COG_V8/unknown_event/flood_label/dw_kurosiwo_518_annual-20200716-20210715_label_vis_cog.tif,flood_label,unknown_event,nearest,256,DEFLATE,ok,gdal_translate COG 成功,2026-05-21T21:00:58.804485
/home/NAS/homes/chunen-10029/bigdata/final/DW/dw_kurosiwo_518_annual-20200716-20210715_probs.tif,/home/chunen/nas/bigdata/final/DW/dw_kurosiwo_518_annual-20200716-20210715_probs.tif,KuroSiwo_COG_V8/unknown_event/lulc/dw_kurosiwo_518_annual-20200716-20210715_probs_cog.tif,lulc,unknown_event,nearest,256,DEFLATE,ok,gdal_translate COG 成功,2026-05-21T21:00:59.726349
/home/NAS/homes/chunen-10029/bigdata/final/DW/dw_kurosiwo_520_annual-20200717-20210716_label.tif,/home/chunen/nas/bigdata/final/DW/dw_kurosiwo_520_annual-20200717-20210716_label.tif,KuroSiwo_COG_V8/unknown_event/flood_label/dw_kurosiwo_520_annual-20200717-20210716_label_cog.tif,flood_label,unknown_event,nearest,256,DEFLATE,ok,gdal_translate COG 成功,2026-05-21T21:00:59.875629
/home/NAS/homes/chunen-10029/bigdata/final/DW/dw_kurosiwo_520_annual-20200717-20210716_label_vis.tif,/home/chunen/nas/bigdata/final/DW/dw_kurosiwo_520_annual-20200717-20210716_label_vis.tif,KuroSiwo_COG_V8/unknown_event/flood_label/dw_kurosiwo_520_annual-20200717-20210716_label_vis_cog.tif,flood_label,unknown_event,nearest,256,DEFLATE,ok,gdal_translate COG 成功,2026-05-21T21:01:00.032469
/home/NAS/homes/chunen-10029/bigdata/final/DW/dw_kurosiwo_520_annual-20200717-20210716_probs.tif,/home/chunen/nas/bigdata/final/DW/dw_kurosiwo_520_annual-20200717-20210716_probs.tif,KuroSiwo_COG_V8/unknown_event/lulc/dw_kurosiwo_520_annual-20200717-20210716_probs_cog.tif,lulc,unknown_event,nearest,256,DEFLATE,ok,gdal_translate COG 成功,2026-05-21T21:01:00.992006
/home/NAS/homes/chunen-10029/bigdata/final/DW/dw_kurosiwo_554_annual-20201201-20211130_label.tif,/home/chunen/nas/bigdata/final/DW/dw_kurosiwo_554_annual-20201201-20211130_label.tif,KuroSiwo_COG_V8/unknown_event/flood_label/dw_kurosiwo_554_annual-20201201-20211130_label_cog.tif,flood_label,unknown_event,nearest,256,DEFLATE,ok,gdal_translate COG 成功,2026-05-21T21:01:01.123285
/home/NAS/homes/chunen-10029/bigdata/final/DW/dw_kurosiwo_554_annual-20201201-20211130_label_vis.tif,/home/chunen/nas/bigdata/final/DW/dw_kurosiwo_554_annual-20201201-20211130_label_vis.tif,KuroSiwo_COG_V8/unknown_event/flood_label/dw_kurosiwo_554_annual-20201201-20211130_label_vis_cog.tif,flood_label,unknown_event,nearest,256,DEFLATE,ok,gdal_translate COG 成功,2026-05-21T21:01:01.261589
/home/NAS/homes/chunen-10029/bigdata/final/DW/dw_kurosiwo_554_annual-20201201-20211130_probs.tif,/home/chunen/nas/bigdata/final/DW/dw_kurosiwo_554_annual-20201201-20211130_probs.tif,KuroSiwo_COG_V8/unknown_event/lulc/dw_kurosiwo_554_annual-20201201-20211130_probs_cog.tif,lulc,unknown_event,nearest,256,DEFLATE,ok,gdal_translate COG 成功,2026-05-21T21:01:02.241526
/home/NAS/homes/chunen-10029/bigdata/final/DW/dw_kurosiwo_555_annual-20201211-20211210_label.tif,/home/chunen/nas/bigdata/final/DW/dw_kurosiwo_555_annual-20201211-20211210_label.tif,KuroSiwo_COG_V8/unknown_event/flood_label/dw_kurosiwo_555_annual-20201211-20211210_label_cog.tif,flood_label,unknown_event,nearest,256,DEFLATE,ok,gdal_translate COG 成功,2026-05-21T21:01:02.393837
/home/NAS/homes/chunen-10029/bigdata/final/DW/dw_kurosiwo_555_annual-20201211-20211210_label_vis.tif,/home/chunen/nas/bigdata/final/DW/dw_kurosiwo_555_annual-20201211-20211210_label_vis.tif,KuroSiwo_COG_V8/unknown_event/flood_label/dw_kurosiwo_555_annual-20201211-20211210_label_vis_cog.tif,flood_label,unknown_event,nearest,256,DEFLATE,ok,gdal_translate COG 成功,2026-05-21T21:01:02.524448
/home/NAS/homes/chunen-10029/bigdata/final/DW/dw_kurosiwo_555_annual-20201211-20211210_probs.tif,/home/chunen/nas/bigdata/final/DW/dw_kurosiwo_555_annual-20201211-20211210_probs.tif,KuroSiwo_COG_V8/unknown_event/lulc/dw_kurosiwo_555_annual-20201211-20211210_probs_cog.tif,lulc,unknown_event,nearest,256,DEFLATE,ok,gdal_translate COG 成功,2026-05-21T21:01:03.592335
/home/NAS/homes/chunen-10029/bigdata/final/DW/dw_kurosiwo_559_annual-20210128-20220127_label.tif,/home/chunen/nas/bigdata/final/DW/dw_kurosiwo_559_annual-20210128-20220127_label.tif,KuroSiwo_COG_V8/unknown_event/flood_label/dw_kurosiwo_559_annual-20210128-20220127_label_cog.tif,flood_label,unknown_event,nearest,256,DEFLATE,ok,gdal_translate COG 成功,2026-05-21T21:01:03.738449
/home/NAS/homes/chunen-10029/bigdata/final/DW/dw_kurosiwo_559_annual-20210128-20220127_label_vis.tif,/home/chunen/nas/bigdata/final/DW/dw_kurosiwo_559_annual-20210128-20220127_label_vis.tif,KuroSiwo_COG_V8/unknown_event/flood_label/dw_kurosiwo_559_annual-20210128-20220127_label_vis_cog.tif,flood_label,unknown_event,nearest,256,DEFLATE,ok,gdal_translate COG 成功,2026-05-21T21:01:03.874787
/home/NAS/homes/chunen-10029/bigdata/final/DW/dw_kurosiwo_559_annual-20210128-20220127_probs.tif,/home/chunen/nas/bigdata/final/DW/dw_kurosiwo_559_annual-20210128-20220127_probs.tif,KuroSiwo_COG_V8/unknown_event/lulc/dw_kurosiwo_559_annual-20210128-20220127_probs_cog.tif,lulc,unknown_event,nearest,256,DEFLATE,ok,gdal_translate COG 成功,2026-05-21T21:01:04.857227
/home/NAS/homes/chunen-10029/bigdata/final/DW/dw_kurosiwo_561_annual-20210127-20220126_label.tif,/home/chunen/nas/bigdata/final/DW/dw_kurosiwo_561_annual-20210127-20220126_label.tif,KuroSiwo_COG_V8/unknown_event/flood_label/dw_kurosiwo_561_annual-20210127-20220126_label_cog.tif,flood_label,unknown_event,nearest,256,DEFLATE,ok,gdal_translate COG 成功,2026-05-21T21:01:05.023425
/home/NAS/homes/chunen-10029/bigdata/final/DW/dw_kurosiwo_561_annual-20210127-20220126_label_vis.tif,/home/chunen/nas/bigdata/final/DW/dw_kurosiwo_561_annual-20210127-20220126_label_vis.tif,KuroSiwo_COG_V8/unknown_event/flood_label/dw_kurosiwo_561_annual-20210127-20220126_label_vis_cog.tif,flood_label,unknown_event,nearest,256,DEFLATE,ok,gdal_translate COG 成功,2026-05-21T21:01:05.190224
/home/NAS/homes/chunen-10029/bigdata/final/DW/dw_kurosiwo_561_annual-20210127-20220126_probs.tif,/home/chunen/nas/bigdata/final/DW/dw_kurosiwo_561_annual-20210127-20220126_probs.tif,KuroSiwo_COG_V8/unknown_event/lulc/dw_kurosiwo_561_annual-20210127-20220126_probs_cog.tif,lulc,unknown_event,nearest,256,DEFLATE,ok,gdal_translate COG 成功,2026-05-21T21:01:06.228918
/home/NAS/homes/chunen-10029/bigdata/final/DW/dw_kurosiwo_562_annual-20210204-20220203_label.tif,/home/chunen/nas/bigdata/final/DW/dw_kurosiwo_562_annual-20210204-20220203_label.tif,KuroSiwo_COG_V8/unknown_event/flood_label/dw_kurosiwo_562_annual-20210204-20220203_label_cog.tif,flood_label,unknown_event,nearest,256,DEFLATE,ok,gdal_translate COG 成功,2026-05-21T21:01:06.346308
/home/NAS/homes/chunen-10029/bigdata/final/DW/dw_kurosiwo_562_annual-20210204-20220203_label_vis.tif,/home/chunen/nas/bigdata/final/DW/dw_kurosiwo_562_annual-20210204-20220203_label_vis.tif,KuroSiwo_COG_V8/unknown_event/flood_label/dw_kurosiwo_562_annual-20210204-20220203_label_vis_cog.tif,flood_label,unknown_event,nearest,256,DEFLATE,ok,gdal_translate COG 成功,2026-05-21T21:01:06.499513
/home/NAS/homes/chunen-10029/bigdata/final/DW/dw_kurosiwo_562_annual-20210204-20220203_probs.tif,/home/chunen/nas/bigdata/final/DW/dw_kurosiwo_562_annual-20210204-20220203_probs.tif,KuroSiwo_COG_V8/unknown_event/lulc/dw_kurosiwo_562_annual-20210204-20220203_probs_cog.tif,lulc,unknown_event,nearest,256,DEFLATE,ok,gdal_translate COG 成功,2026-05-21T21:01:07.421628
/home/NAS/homes/chunen-10029/bigdata/final/DW/dw_kurosiwo_567_annual-20210308-20220307_label.tif,/home/chunen/nas/bigdata/final/DW/dw_kurosiwo_567_annual-20210308-20220307_label.tif,KuroSiwo_COG_V8/unknown_event/flood_label/dw_kurosiwo_567_annual-20210308-20220307_label_cog.tif,flood_label,unknown_event,nearest,256,DEFLATE,ok,gdal_translate COG 成功,2026-05-21T21:01:07.544821
/home/NAS/homes/chunen-10029/bigdata/final/DW/dw_kurosiwo_567_annual-20210308-20220307_label_vis.tif,/home/chunen/nas/bigdata/final/DW/dw_kurosiwo_567_annual-20210308-20220307_label_vis.tif,KuroSiwo_COG_V8/unknown_event/flood_label/dw_kurosiwo_567_annual-20210308-20220307_label_vis_cog.tif,flood_label,unknown_event,nearest,256,DEFLATE,ok,gdal_translate COG 成功,2026-05-21T21:01:07.688751
/home/NAS/homes/chunen-10029/bigdata/final/DW/dw_kurosiwo_567_annual-20210308-20220307_probs.tif,/home/chunen/nas/bigdata/final/DW/dw_kurosiwo_567_annual-20210308-20220307_probs.tif,KuroSiwo_COG_V8/unknown_event/lulc/dw_kurosiwo_567_annual-20210308-20220307_probs_cog.tif,lulc,unknown_event,nearest,256,DEFLATE,ok,gdal_translate COG 成功,2026-05-21T21:01:08.707549
/home/NAS/homes/gisele-10036/02.Course/26S_BigData/Imerg/7days_sum/Acc_Flood_in_Belgium.tif,/home/gisele/nas/02.Course/26S_BigData/Imerg/7days_sum/Acc_Flood_in_Belgium.tif,KuroSiwo_COG_V8/unknown_event/precipitation/Acc_Flood_in_Belgium_cog.tif,precipitation,unknown_event,bilinear,256,DEFLATE,ok,gdal_translate COG 成功,2026-05-21T21:31:49.527843
/home/NAS/homes/gisele-10036/02.Course/26S_BigData/Imerg/7days_sum/Acc_Flood_in_Correze_department-_France.tif,/home/gisele/nas/02.Course/26S_BigData/Imerg/7days_sum/Acc_Flood_in_Correze_department-_France.tif,KuroSiwo_COG_V8/unknown_event/precipitation/Acc_Flood_in_Correze_department-_France_cog.tif,precipitation,unknown_event,bilinear,256,DEFLATE,ok,gdal_translate COG 成功,2026-05-21T21:31:49.640719
/home/NAS/homes/gisele-10036/02.Course/26S_BigData/Imerg/7days_sum/Acc_Flood_in_Correze_department__France.tif,/home/gisele/nas/02.Course/26S_BigData/Imerg/7days_sum/Acc_Flood_in_Correze_department__France.tif,KuroSiwo_COG_V8/unknown_event/precipitation/Acc_Flood_in_Correze_department__France_cog.tif,precipitation,unknown_event,bilinear,256,DEFLATE,ok,gdal_translate COG 成功,2026-05-21T21:31:49.762636
/home/NAS/homes/gisele-10036/02.Course/26S_BigData/Imerg/7days_sum/Acc_Flood_in_Cumbria.tif,/home/gisele/nas/02.Course/26S_BigData/Imerg/7days_sum/Acc_Flood_in_Cumbria.tif,KuroSiwo_COG_V8/unknown_event/precipitation/Acc_Flood_in_Cumbria_cog.tif,precipitation,unknown_event,bilinear,256,DEFLATE,ok,gdal_translate COG 成功,2026-05-21T21:31:49.873288
/home/NAS/homes/gisele-10036/02.Course/26S_BigData/Imerg/7days_sum/Acc_Flood_in_Germany.tif,/home/gisele/nas/02.Course/26S_BigData/Imerg/7days_sum/Acc_Flood_in_Germany.tif,KuroSiwo_COG_V8/unknown_event/precipitation/Acc_Flood_in_Germany_cog.tif,precipitation,unknown_event,bilinear,256,DEFLATE,ok,gdal_translate COG 成功,2026-05-21T21:31:49.991421
/home/NAS/homes/gisele-10036/02.Course/26S_BigData/Imerg/7days_sum/Acc_Flood_in_Honduras_and_Nicaragua.tif,/home/gisele/nas/02.Course/26S_BigData/Imerg/7days_sum/Acc_Flood_in_Honduras_and_Nicaragua.tif,KuroSiwo_COG_V8/unknown_event/precipitation/Acc_Flood_in_Honduras_and_Nicaragua_cog.tif,precipitation,unknown_event,bilinear,256,DEFLATE,ok,gdal_translate COG 成功,2026-05-21T21:31:50.108950
/home/NAS/homes/gisele-10036/02.Course/26S_BigData/Imerg/7days_sum/Acc_Flood_in_Landes-_France.tif,/home/gisele/nas/02.Course/26S_BigData/Imerg/7days_sum/Acc_Flood_in_Landes-_France.tif,KuroSiwo_COG_V8/unknown_event/precipitation/Acc_Flood_in_Landes-_France_cog.tif,precipitation,unknown_event,bilinear,256,DEFLATE,ok,gdal_translate COG 成功,2026-05-21T21:31:50.223717
/home/NAS/homes/gisele-10036/02.Course/26S_BigData/Imerg/7days_sum/Acc_Flood_in_Landes__France.tif,/home/gisele/nas/02.Course/26S_BigData/Imerg/7days_sum/Acc_Flood_in_Landes__France.tif,KuroSiwo_COG_V8/unknown_event/precipitation/Acc_Flood_in_Landes__France_cog.tif,precipitation,unknown_event,bilinear,256,DEFLATE,ok,gdal_translate COG 成功,2026-05-21T21:31:50.328412
/home/NAS/homes/gisele-10036/02.Course/26S_BigData/Imerg/7days_sum/Acc_Flood_in_Lazio_Region-_Italy.tif,/home/gisele/nas/02.Course/26S_BigData/Imerg/7days_sum/Acc_Flood_in_Lazio_Region-_Italy.tif,KuroSiwo_COG_V8/unknown_event/precipitation/Acc_Flood_in_Lazio_Region-_Italy_cog.tif,precipitation,unknown_event,bilinear,256,DEFLATE,ok,gdal_translate COG 成功,2026-05-21T21:31:50.461240
/home/NAS/homes/gisele-10036/02.Course/26S_BigData/Imerg/7days_sum/Acc_Flood_in_Lazio_Region__Italy.tif,/home/gisele/nas/02.Course/26S_BigData/Imerg/7days_sum/Acc_Flood_in_Lazio_Region__Italy.tif,KuroSiwo_COG_V8/unknown_event/precipitation/Acc_Flood_in_Lazio_Region__Italy_cog.tif,precipitation,unknown_event,bilinear,256,DEFLATE,ok,gdal_translate COG 成功,2026-05-21T21:31:50.565288
/home/NAS/homes/gisele-10036/02.Course/26S_BigData/Imerg/7days_sum/Acc_Flood_in_Madagascar.tif,/home/gisele/nas/02.Course/26S_BigData/Imerg/7days_sum/Acc_Flood_in_Madagascar.tif,KuroSiwo_COG_V8/unknown_event/precipitation/Acc_Flood_in_Madagascar_cog.tif,precipitation,unknown_event,bilinear,256,DEFLATE,ok,gdal_translate COG 成功,2026-05-21T21:31:50.662031
/home/NAS/homes/gisele-10036/02.Course/26S_BigData/Imerg/7days_sum/Acc_Flood_in_Myanmar.tif,/home/gisele/nas/02.Course/26S_BigData/Imerg/7days_sum/Acc_Flood_in_Myanmar.tif,KuroSiwo_COG_V8/unknown_event/precipitation/Acc_Flood_in_Myanmar_cog.tif,precipitation,unknown_event,bilinear,256,DEFLATE,ok,gdal_translate COG 成功,2026-05-21T21:31:50.775981
/home/NAS/homes/gisele-10036/02.Course/26S_BigData/Imerg/7days_sum/Acc_Flood_in_Netherlands.tif,/home/gisele/nas/02.Course/26S_BigData/Imerg/7days_sum/Acc_Flood_in_Netherlands.tif,KuroSiwo_COG_V8/unknown_event/precipitation/Acc_Flood_in_Netherlands_cog.tif,precipitation,unknown_event,bilinear,256,DEFLATE,ok,gdal_translate COG 成功,2026-05-21T21:31:50.891093
/home/NAS/homes/gisele-10036/02.Course/26S_BigData/Imerg/7days_sum/Acc_Flood_in_North_Western_Albania.tif,/home/gisele/nas/02.Course/26S_BigData/Imerg/7days_sum/Acc_Flood_in_North_Western_Albania.tif,KuroSiwo_COG_V8/unknown_event/precipitation/Acc_Flood_in_North_Western_Albania_cog.tif,precipitation,unknown_event,bilinear,256,DEFLATE,ok,gdal_translate COG 成功,2026-05-21T21:31:51.011071
/home/NAS/homes/gisele-10036/02.Course/26S_BigData/Imerg/7days_sum/Acc_Flood_in_Occitanie-_France.tif,/home/gisele/nas/02.Course/26S_BigData/Imerg/7days_sum/Acc_Flood_in_Occitanie-_France.tif,KuroSiwo_COG_V8/unknown_event/precipitation/Acc_Flood_in_Occitanie-_France_cog.tif,precipitation,unknown_event,bilinear,256,DEFLATE,ok,gdal_translate COG 成功,2026-05-21T21:31:51.113784
/home/NAS/homes/gisele-10036/02.Course/26S_BigData/Imerg/7days_sum/Acc_Flood_in_Occitanie__France.tif,/home/gisele/nas/02.Course/26S_BigData/Imerg/7days_sum/Acc_Flood_in_Occitanie__France.tif,KuroSiwo_COG_V8/unknown_event/precipitation/Acc_Flood_in_Occitanie__France_cog.tif,precipitation,unknown_event,bilinear,256,DEFLATE,ok,gdal_translate COG 成功,2026-05-21T21:31:51.213036
/home/NAS/homes/gisele-10036/02.Course/26S_BigData/Imerg/7days_sum/Acc_Flood_in_Portugal.tif,/home/gisele/nas/02.Course/26S_BigData/Imerg/7days_sum/Acc_Flood_in_Portugal.tif,KuroSiwo_COG_V8/unknown_event/precipitation/Acc_Flood_in_Portugal_cog.tif,precipitation,unknown_event,bilinear,256,DEFLATE,ok,gdal_translate COG 成功,2026-05-21T21:31:51.315878
/home/NAS/homes/gisele-10036/02.Course/26S_BigData/Imerg/7days_sum/Acc_Flood_in_Romania.tif,/home/gisele/nas/02.Course/26S_BigData/Imerg/7days_sum/Acc_Flood_in_Romania.tif,KuroSiwo_COG_V8/unknown_event/precipitation/Acc_Flood_in_Romania_cog.tif,precipitation,unknown_event,bilinear,256,DEFLATE,ok,gdal_translate COG 成功,2026-05-21T21:31:51.431471
/home/NAS/homes/gisele-10036/02.Course/26S_BigData/Imerg/7days_sum/Acc_Flood_in_Silute-_Lithuania.tif,/home/gisele/nas/02.Course/26S_BigData/Imerg/7days_sum/Acc_Flood_in_Silute-_Lithuania.tif,KuroSiwo_COG_V8/unknown_event/precipitation/Acc_Flood_in_Silute-_Lithuania_cog.tif,precipitation,unknown_event,bilinear,256,DEFLATE,ok,gdal_translate COG 成功,2026-05-21T21:31:51.548395
/home/NAS/homes/gisele-10036/02.Course/26S_BigData/Imerg/7days_sum/Acc_Flood_in_Silute__Lithuania.tif,/home/gisele/nas/02.Course/26S_BigData/Imerg/7days_sum/Acc_Flood_in_Silute__Lithuania.tif,KuroSiwo_COG_V8/unknown_event/precipitation/Acc_Flood_in_Silute__Lithuania_cog.tif,precipitation,unknown_event,bilinear,256,DEFLATE,ok,gdal_translate COG 成功,2026-05-21T21:31:51.670933
/home/NAS/homes/gisele-10036/02.Course/26S_BigData/Imerg/7days_sum/Acc_Flood_in_Skopje.tif,/home/gisele/nas/02.Course/26S_BigData/Imerg/7days_sum/Acc_Flood_in_Skopje.tif,KuroSiwo_COG_V8/unknown_event/precipitation/Acc_Flood_in_Skopje_cog.tif,precipitation,unknown_event,bilinear,256,DEFLATE,ok,gdal_translate COG 成功,2026-05-21T21:31:51.786876
/home/NAS/homes/gisele-10036/02.Course/26S_BigData/Imerg/7days_sum/Acc_Flood_in_South_East_France.tif,/home/gisele/nas/02.Course/26S_BigData/Imerg/7days_sum/Acc_Flood_in_South_East_France.tif,KuroSiwo_COG_V8/unknown_event/precipitation/Acc_Flood_in_South_East_France_cog.tif,precipitation,unknown_event,bilinear,256,DEFLATE,ok,gdal_translate COG 成功,2026-05-21T21:31:51.891697
/home/NAS/homes/gisele-10036/02.Course/26S_BigData/Imerg/7days_sum/Acc_Flood_in_South_West_of_France.tif,/home/gisele/nas/02.Course/26S_BigData/Imerg/7days_sum/Acc_Flood_in_South_West_of_France.tif,KuroSiwo_COG_V8/unknown_event/precipitation/Acc_Flood_in_South_West_of_France_cog.tif,precipitation,unknown_event,bilinear,256,DEFLATE,ok,gdal_translate COG 成功,2026-05-21T21:31:51.998031
/home/NAS/homes/gisele-10036/02.Course/26S_BigData/Imerg/7days_sum/Acc_Flood_in_Southern_Ireland.tif,/home/gisele/nas/02.Course/26S_BigData/Imerg/7days_sum/Acc_Flood_in_Southern_Ireland.tif,KuroSiwo_COG_V8/unknown_event/precipitation/Acc_Flood_in_Southern_Ireland_cog.tif,precipitation,unknown_event,bilinear,256,DEFLATE,ok,gdal_translate COG 成功,2026-05-21T21:31:52.112670
/home/NAS/homes/gisele-10036/02.Course/26S_BigData/Imerg/7days_sum/Acc_Flood_in_Spain.tif,/home/gisele/nas/02.Course/26S_BigData/Imerg/7days_sum/Acc_Flood_in_Spain.tif,KuroSiwo_COG_V8/unknown_event/precipitation/Acc_Flood_in_Spain_cog.tif,precipitation,unknown_event,bilinear,256,DEFLATE,ok,gdal_translate COG 成功,2026-05-21T21:31:52.222309
/home/NAS/homes/gisele-10036/02.Course/26S_BigData/Imerg/7days_sum/Acc_Flood_in_Thrace-_Greece.tif,/home/gisele/nas/02.Course/26S_BigData/Imerg/7days_sum/Acc_Flood_in_Thrace-_Greece.tif,KuroSiwo_COG_V8/unknown_event/precipitation/Acc_Flood_in_Thrace-_Greece_cog.tif,precipitation,unknown_event,bilinear,256,DEFLATE,ok,gdal_translate COG 成功,2026-05-21T21:31:52.322754
/home/NAS/homes/gisele-10036/02.Course/26S_BigData/Imerg/7days_sum/Acc_Flood_in_Thrace__Greece.tif,/home/gisele/nas/02.Course/26S_BigData/Imerg/7days_sum/Acc_Flood_in_Thrace__Greece.tif,KuroSiwo_COG_V8/unknown_event/precipitation/Acc_Flood_in_Thrace__Greece_cog.tif,precipitation,unknown_event,bilinear,256,DEFLATE,ok,gdal_translate COG 成功,2026-05-21T21:31:52.439134
/home/NAS/homes/gisele-10036/02.Course/26S_BigData/Imerg/7days_sum/Acc_Flood_in_Togo.tif,/home/gisele/nas/02.Course/26S_BigData/Imerg/7days_sum/Acc_Flood_in_Togo.tif,KuroSiwo_COG_V8/unknown_event/precipitation/Acc_Flood_in_Togo_cog.tif,precipitation,unknown_event,bilinear,256,DEFLATE,ok,gdal_translate COG 成功,2026-05-21T21:31:52.546365
/home/NAS/homes/gisele-10036/02.Course/26S_BigData/Imerg/7days_sum/Acc_Flood_in_Vastra_Gotaland-_Sweden.tif,/home/gisele/nas/02.Course/26S_BigData/Imerg/7days_sum/Acc_Flood_in_Vastra_Gotaland-_Sweden.tif,KuroSiwo_COG_V8/unknown_event/precipitation/Acc_Flood_in_Vastra_Gotaland-_Sweden_cog.tif,precipitation,unknown_event,bilinear,256,DEFLATE,ok,gdal_translate COG 成功,2026-05-21T21:31:52.649070
/home/NAS/homes/gisele-10036/02.Course/26S_BigData/Imerg/7days_sum/Acc_Flood_in_Vastra_Gotaland__Sweden.tif,/home/gisele/nas/02.Course/26S_BigData/Imerg/7days_sum/Acc_Flood_in_Vastra_Gotaland__Sweden.tif,KuroSiwo_COG_V8/unknown_event/precipitation/Acc_Flood_in_Vastra_Gotaland__Sweden_cog.tif,precipitation,unknown_event,bilinear,256,DEFLATE,ok,gdal_translate COG 成功,2026-05-21T21:31:52.751253
/home/NAS/homes/gisele-10036/02.Course/26S_BigData/Imerg/7days_sum/Acc_Flood_in_the_Ebro_river_basin-_Spain.tif,/home/gisele/nas/02.Course/26S_BigData/Imerg/7days_sum/Acc_Flood_in_the_Ebro_river_basin-_Spain.tif,KuroSiwo_COG_V8/unknown_event/precipitation/Acc_Flood_in_the_Ebro_river_basin-_Spain_cog.tif,precipitation,unknown_event,bilinear,256,DEFLATE,ok,gdal_translate COG 成功,2026-05-21T21:31:52.837134
/home/NAS/homes/gisele-10036/02.Course/26S_BigData/Imerg/7days_sum/Acc_Flood_in_the_Ebro_river_basin__Spain(1).tif,/home/gisele/nas/02.Course/26S_BigData/Imerg/7days_sum/Acc_Flood_in_the_Ebro_river_basin__Spain(1).tif,KuroSiwo_COG_V8/unknown_event/precipitation/Acc_Flood_in_the_Ebro_river_basin__Spain(1)_cog.tif,precipitation,unknown_event,bilinear,256,DEFLATE,ok,gdal_translate COG 成功,2026-05-21T21:31:52.946544
/home/NAS/homes/gisele-10036/02.Course/26S_BigData/Imerg/7days_sum/Acc_Flood_in_the_Ebro_river_basin__Spain.tif,/home/gisele/nas/02.Course/26S_BigData/Imerg/7days_sum/Acc_Flood_in_the_Ebro_river_basin__Spain.tif,KuroSiwo_COG_V8/unknown_event/precipitation/Acc_Flood_in_the_Ebro_river_basin__Spain_cog.tif,precipitation,unknown_event,bilinear,256,DEFLATE,skip,COG 已存在，略過,
/home/NAS/homes/gisele-10036/02.Course/26S_BigData/Imerg/7days_sum/Acc_Floods_in_Aude-_France.tif,/home/gisele/nas/02.Course/26S_BigData/Imerg/7days_sum/Acc_Floods_in_Aude-_France.tif,KuroSiwo_COG_V8/unknown_event/precipitation/Acc_Floods_in_Aude-_France_cog.tif,precipitation,unknown_event,bilinear,256,DEFLATE,ok,gdal_translate COG 成功,2026-05-21T21:31:53.044800
/home/NAS/homes/gisele-10036/02.Course/26S_BigData/Imerg/7days_sum/Acc_Floods_in_Aude__France.tif,/home/gisele/nas/02.Course/26S_BigData/Imerg/7days_sum/Acc_Floods_in_Aude__France.tif,KuroSiwo_COG_V8/unknown_event/precipitation/Acc_Floods_in_Aude__France_cog.tif,precipitation,unknown_event,bilinear,256,DEFLATE,ok,gdal_translate COG 成功,2026-05-21T21:31:53.164571
/home/NAS/homes/gisele-10036/02.Course/26S_BigData/Imerg/7days_sum/Acc_Floods_in_Australia.tif,/home/gisele/nas/02.Course/26S_BigData/Imerg/7days_sum/Acc_Floods_in_Australia.tif,KuroSiwo_COG_V8/unknown_event/precipitation/Acc_Floods_in_Australia_cog.tif,precipitation,unknown_event,bilinear,256,DEFLATE,ok,gdal_translate COG 成功,2026-05-21T21:31:53.266422
/home/NAS/homes/gisele-10036/02.Course/26S_BigData/Imerg/7days_sum/Acc_Floods_in_Central_Croatia.tif,/home/gisele/nas/02.Course/26S_BigData/Imerg/7days_sum/Acc_Floods_in_Central_Croatia.tif,KuroSiwo_COG_V8/unknown_event/precipitation/Acc_Floods_in_Central_Croatia_cog.tif,precipitation,unknown_event,bilinear,256,DEFLATE,ok,gdal_translate COG 成功,2026-05-21T21:31:53.369169
/home/NAS/homes/gisele-10036/02.Course/26S_BigData/Imerg/7days_sum/Acc_Floods_in_Malawi.tif,/home/gisele/nas/02.Course/26S_BigData/Imerg/7days_sum/Acc_Floods_in_Malawi.tif,KuroSiwo_COG_V8/unknown_event/precipitation/Acc_Floods_in_Malawi_cog.tif,precipitation,unknown_event,bilinear,256,DEFLATE,ok,gdal_translate COG 成功,2026-05-21T21:31:53.470112
/home/NAS/homes/gisele-10036/02.Course/26S_BigData/Imerg/7days_sum/Acc_Floods_in_Queensland-_Australia.tif,/home/gisele/nas/02.Course/26S_BigData/Imerg/7days_sum/Acc_Floods_in_Queensland-_Australia.tif,KuroSiwo_COG_V8/unknown_event/precipitation/Acc_Floods_in_Queensland-_Australia_cog.tif,precipitation,unknown_event,bilinear,256,DEFLATE,ok,gdal_translate COG 成功,2026-05-21T21:31:53.568864
/home/NAS/homes/gisele-10036/02.Course/26S_BigData/Imerg/7days_sum/Acc_Floods_in_Queensland__Australia(1).tif,/home/gisele/nas/02.Course/26S_BigData/Imerg/7days_sum/Acc_Floods_in_Queensland__Australia(1).tif,KuroSiwo_COG_V8/unknown_event/precipitation/Acc_Floods_in_Queensland__Australia(1)_cog.tif,precipitation,unknown_event,bilinear,256,DEFLATE,ok,gdal_translate COG 成功,2026-05-21T21:31:53.677468
/home/NAS/homes/gisele-10036/02.Course/26S_BigData/Imerg/7days_sum/Acc_Floods_in_Queensland__Australia.tif,/home/gisele/nas/02.Course/26S_BigData/Imerg/7days_sum/Acc_Floods_in_Queensland__Australia.tif,KuroSiwo_COG_V8/unknown_event/precipitation/Acc_Floods_in_Queensland__Australia_cog.tif,precipitation,unknown_event,bilinear,256,DEFLATE,ok,gdal_translate COG 成功,2026-05-21T21:31:53.793708
/home/NAS/homes/gisele-10036/02.Course/26S_BigData/Imerg/7days_sum/Acc_Floods_in_Queensland__Australia_WRONG.tif,/home/gisele/nas/02.Course/26S_BigData/Imerg/7days_sum/Acc_Floods_in_Queensland__Australia_WRONG.tif,KuroSiwo_COG_V8/unknown_event/precipitation/Acc_Floods_in_Queensland__Australia_WRONG_cog.tif,precipitation,unknown_event,bilinear,256,DEFLATE,ok,gdal_translate COG 成功,2026-05-21T21:31:53.907037
/home/NAS/homes/gisele-10036/02.Course/26S_BigData/Imerg/7days_sum/Acc_Floods_in_Queensland__Australia_backup_wrong_bbox.tif,/home/gisele/nas/02.Course/26S_BigData/Imerg/7days_sum/Acc_Floods_in_Queensland__Australia_backup_wrong_bbox.tif,KuroSiwo_COG_V8/unknown_event/precipitation/Acc_Floods_in_Queensland__Australia_backup_wrong_bbox_cog.tif,precipitation,unknown_event,bilinear,256,DEFLATE,ok,gdal_translate COG 成功,2026-05-21T21:31:54.028139
/home/NAS/homes/gisele-10036/02.Course/26S_BigData/Imerg/7days_sum/Acc_Floods_in_Sabaragamuwa_West-_Sri_Lanka.tif,/home/gisele/nas/02.Course/26S_BigData/Imerg/7days_sum/Acc_Floods_in_Sabaragamuwa_West-_Sri_Lanka.tif,KuroSiwo_COG_V8/unknown_event/precipitation/Acc_Floods_in_Sabaragamuwa_West-_Sri_Lanka_cog.tif,precipitation,unknown_event,bilinear,256,DEFLATE,ok,gdal_translate COG 成功,2026-05-21T21:31:54.137382
/home/NAS/homes/gisele-10036/02.Course/26S_BigData/Imerg/7days_sum/Acc_Floods_in_Sabaragamuwa_West__Sri_Lanka.tif,/home/gisele/nas/02.Course/26S_BigData/Imerg/7days_sum/Acc_Floods_in_Sabaragamuwa_West__Sri_Lanka.tif,KuroSiwo_COG_V8/unknown_event/precipitation/Acc_Floods_in_Sabaragamuwa_West__Sri_Lanka_cog.tif,precipitation,unknown_event,bilinear,256,DEFLATE,ok,gdal_translate COG 成功,2026-05-21T21:31:54.251602
/home/NAS/homes/gisele-10036/02.Course/26S_BigData/Imerg/7days_sum/Acc_event_1111002_20200915.tif,/home/gisele/nas/02.Course/26S_BigData/Imerg/7days_sum/Acc_event_1111002_20200915.tif,KuroSiwo_COG_V8/unknown_event/precipitation/Acc_event_1111002_20200915_cog.tif,precipitation,unknown_event,bilinear,256,DEFLATE,ok,gdal_translate COG 成功,2026-05-21T21:31:54.376381
/home/NAS/homes/gisele-10036/02.Course/26S_BigData/Imerg/7days_sum/Acc_event_1111003_20191127.tif,/home/gisele/nas/02.Course/26S_BigData/Imerg/7days_sum/Acc_event_1111003_20191127.tif,KuroSiwo_COG_V8/unknown_event/precipitation/Acc_event_1111003_20191127_cog.tif,precipitation,unknown_event,bilinear,256,DEFLATE,ok,gdal_translate COG 成功,2026-05-21T21:31:54.498208
/home/NAS/homes/gisele-10036/02.Course/26S_BigData/Imerg/7days_sum/Acc_event_1111004_20170829.tif,/home/gisele/nas/02.Course/26S_BigData/Imerg/7days_sum/Acc_event_1111004_20170829.tif,KuroSiwo_COG_V8/unknown_event/precipitation/Acc_event_1111004_20170829_cog.tif,precipitation,unknown_event,bilinear,256,DEFLATE,ok,gdal_translate COG 成功,2026-05-21T21:31:54.614673
/home/NAS/homes/gisele-10036/02.Course/26S_BigData/Imerg/7days_sum/Acc_event_1111005_20200126.tif,/home/gisele/nas/02.Course/26S_BigData/Imerg/7days_sum/Acc_event_1111005_20200126.tif,KuroSiwo_COG_V8/unknown_event/precipitation/Acc_event_1111005_20200126_cog.tif,precipitation,unknown_event,bilinear,256,DEFLATE,ok,gdal_translate COG 成功,2026-05-21T21:31:54.731486
/home/NAS/homes/gisele-10036/02.Course/26S_BigData/Imerg/7days_sum/Acc_event_1111006_20200131.tif,/home/gisele/nas/02.Course/26S_BigData/Imerg/7days_sum/Acc_event_1111006_20200131.tif,KuroSiwo_COG_V8/unknown_event/precipitation/Acc_event_1111006_20200131_cog.tif,precipitation,unknown_event,bilinear,256,DEFLATE,ok,gdal_translate COG 成功,2026-05-21T21:31:54.826323
/home/NAS/homes/gisele-10036/02.Course/26S_BigData/Imerg/7days_sum/Acc_event_1111007_20190918.tif,/home/gisele/nas/02.Course/26S_BigData/Imerg/7days_sum/Acc_event_1111007_20190918.tif,KuroSiwo_COG_V8/unknown_event/precipitation/Acc_event_1111007_20190918_cog.tif,precipitation,unknown_event,bilinear,256,DEFLATE,ok,gdal_translate COG 成功,2026-05-21T21:31:54.935482
/home/NAS/homes/gisele-10036/02.Course/26S_BigData/Imerg/7days_sum/Acc_event_1111008_20200816.tif,/home/gisele/nas/02.Course/26S_BigData/Imerg/7days_sum/Acc_event_1111008_20200816.tif,KuroSiwo_COG_V8/unknown_event/precipitation/Acc_event_1111008_20200816_cog.tif,precipitation,unknown_event,bilinear,256,DEFLATE,ok,gdal_translate COG 成功,2026-05-21T21:31:55.037537
/home/NAS/homes/gisele-10036/02.Course/26S_BigData/Imerg/7days_sum/Acc_event_1111009_20220911.tif,/home/gisele/nas/02.Course/26S_BigData/Imerg/7days_sum/Acc_event_1111009_20220911.tif,KuroSiwo_COG_V8/unknown_event/precipitation/Acc_event_1111009_20220911_cog.tif,precipitation,unknown_event,bilinear,256,DEFLATE,ok,gdal_translate COG 成功,2026-05-21T21:31:55.137226
/home/NAS/homes/gisele-10036/02.Course/26S_BigData/Imerg/7days_sum/Acc_event_1111010_20170311.tif,/home/gisele/nas/02.Course/26S_BigData/Imerg/7days_sum/Acc_event_1111010_20170311.tif,KuroSiwo_COG_V8/unknown_event/precipitation/Acc_event_1111010_20170311_cog.tif,precipitation,unknown_event,bilinear,256,DEFLATE,ok,gdal_translate COG 成功,2026-05-21T21:31:55.229994
/home/NAS/homes/gisele-10036/02.Course/26S_BigData/Imerg/7days_sum/Acc_event_1111011_20201113.tif,/home/gisele/nas/02.Course/26S_BigData/Imerg/7days_sum/Acc_event_1111011_20201113.tif,KuroSiwo_COG_V8/unknown_event/precipitation/Acc_event_1111011_20201113_cog.tif,precipitation,unknown_event,bilinear,256,DEFLATE,ok,gdal_translate COG 成功,2026-05-21T21:31:55.343720
/home/NAS/homes/gisele-10036/02.Course/26S_BigData/Imerg/7days_sum/Acc_event_1111013_20170504.tif,/home/gisele/nas/02.Course/26S_BigData/Imerg/7days_sum/Acc_event_1111013_20170504.tif,KuroSiwo_COG_V8/unknown_event/precipitation/Acc_event_1111013_20170504_cog.tif,precipitation,unknown_event,bilinear,256,DEFLATE,ok,gdal_translate COG 成功,2026-05-21T21:31:55.449841
/home/NAS/homes/chunen-10029/bigdata/final/kurosiwo_S1_DEM/1111002/1111002_01_MK0_DEM_20200915.tif,/home/chunen/nas/bigdata/final/kurosiwo_S1_DEM/1111002/1111002_01_MK0_DEM_20200915.tif,KuroSiwo_COG_V8/unknown_event/dem/1111002_01_MK0_DEM_20200915_cog.tif,dem,unknown_event,bilinear,256,DEFLATE,ok,gdal_translate COG 成功,2026-05-21T20:34:44.289793
/home/NAS/homes/chunen-10029/bigdata/final/kurosiwo_S1_DEM/1111002/1111002_01_MK0_MLU_20200915.tif,/home/chunen/nas/bigdata/final/kurosiwo_S1_DEM/1111002/1111002_01_MK0_MLU_20200915.tif,KuroSiwo_COG_V8/unknown_event/lulc/1111002_01_MK0_MLU_20200915_cog.tif,lulc,unknown_event,nearest,256,DEFLATE,ok,gdal_translate COG 成功,2026-05-21T20:34:44.413990
/home/NAS/homes/chunen-10029/bigdata/final/kurosiwo_S1_DEM/1111002/1111002_01_MK0_MNA_20200915.tif,/home/chunen/nas/bigdata/final/kurosiwo_S1_DEM/1111002/1111002_01_MK0_MNA_20200915.tif,KuroSiwo_COG_V8/unknown_event/s1_dem/1111002_01_MK0_MNA_20200915_cog.tif,s1_dem,unknown_event,bilinear,256,DEFLATE,ok,gdal_translate COG 成功,2026-05-21T20:34:44.532473
/home/NAS/homes/chunen-10029/bigdata/final/kurosiwo_S1_DEM/1111002/1111002_01_MK0_SLOPE_20200915.tif,/home/chunen/nas/bigdata/final/kurosiwo_S1_DEM/1111002/1111002_01_MK0_SLOPE_20200915.tif,KuroSiwo_COG_V8/unknown_event/s1_dem/1111002_01_MK0_SLOPE_20200915_cog.tif,s1_dem,unknown_event,bilinear,256,DEFLATE,ok,gdal_translate COG 成功,2026-05-21T20:34:44.827548
/home/NAS/homes/chunen-10029/bigdata/final/kurosiwo_S1_DEM/1111002/1111002_01_MS1_IVH_20200915.tif,/home/chunen/nas/bigdata/final/kurosiwo_S1_DEM/1111002/1111002_01_MS1_IVH_20200915.tif,KuroSiwo_COG_V8/unknown_event/s1_dem/1111002_01_MS1_IVH_20200915_cog.tif,s1_dem,unknown_event,bilinear,256,DEFLATE,ok,gdal_translate COG 成功,2026-05-21T20:34:45.248997
/home/NAS/homes/chunen-10029/bigdata/final/kurosiwo_S1_DEM/1111002/1111002_01_MS1_IVV_20200915.tif,/home/chunen/nas/bigdata/final/kurosiwo_S1_DEM/1111002/1111002_01_MS1_IVV_20200915.tif,KuroSiwo_COG_V8/unknown_event/s1_dem/1111002_01_MS1_IVV_20200915_cog.tif,s1_dem,unknown_event,bilinear,256,DEFLATE,ok,gdal_translate COG 成功,2026-05-21T20:34:45.687383
/home/NAS/homes/chunen-10029/bigdata/final/kurosiwo_S1_DEM/1111002/1111002_01_SL1_IVH_20200705.tif,/home/chunen/nas/bigdata/final/kurosiwo_S1_DEM/1111002/1111002_01_SL1_IVH_20200705.tif,KuroSiwo_COG_V8/unknown_event/s1_dem/1111002_01_SL1_IVH_20200705_cog.tif,s1_dem,unknown_event,bilinear,256,DEFLATE,ok,gdal_translate COG 成功,2026-05-21T20:34:46.044052
/home/NAS/homes/chunen-10029/bigdata/final/kurosiwo_S1_DEM/1111002/1111002_01_SL1_IVV_20200705.tif,/home/chunen/nas/bigdata/final/kurosiwo_S1_DEM/1111002/1111002_01_SL1_IVV_20200705.tif,KuroSiwo_COG_V8/unknown_event/s1_dem/1111002_01_SL1_IVV_20200705_cog.tif,s1_dem,unknown_event,bilinear,256,DEFLATE,ok,gdal_translate COG 成功,2026-05-21T20:34:46.402346
/home/NAS/homes/chunen-10029/bigdata/final/kurosiwo_S1_DEM/1111002/1111002_01_SL2_IVH_20200623.tif,/home/chunen/nas/bigdata/final/kurosiwo_S1_DEM/1111002/1111002_01_SL2_IVH_20200623.tif,KuroSiwo_COG_V8/unknown_event/s1_dem/1111002_01_SL2_IVH_20200623_cog.tif,s1_dem,unknown_event,bilinear,256,DEFLATE,ok,gdal_translate COG 成功,2026-05-21T20:34:46.740066
/home/NAS/homes/chunen-10029/bigdata/final/kurosiwo_S1_DEM/1111002/1111002_01_SL2_IVV_20200623.tif,/home/chunen/nas/bigdata/final/kurosiwo_S1_DEM/1111002/1111002_01_SL2_IVV_20200623.tif,KuroSiwo_COG_V8/unknown_event/s1_dem/1111002_01_SL2_IVV_20200623_cog.tif,s1_dem,unknown_event,bilinear,256,DEFLATE,ok,gdal_translate COG 成功,2026-05-21T20:34:47.095710
/home/NAS/homes/chunen-10029/bigdata/final/kurosiwo_S1_DEM/1111003/1111003_01_MK0_DEM_20191127.tif,/home/chunen/nas/bigdata/final/kurosiwo_S1_DEM/1111003/1111003_01_MK0_DEM_20191127.tif,KuroSiwo_COG_V8/unknown_event/dem/1111003_01_MK0_DEM_20191127_cog.tif,dem,unknown_event,bilinear,256,DEFLATE,ok,gdal_translate COG 成功,2026-05-21T20:34:47.404841
/home/NAS/homes/chunen-10029/bigdata/final/kurosiwo_S1_DEM/1111003/1111003_01_MK0_MLU_20191127.tif,/home/chunen/nas/bigdata/final/kurosiwo_S1_DEM/1111003/1111003_01_MK0_MLU_20191127.tif,KuroSiwo_COG_V8/unknown_event/lulc/1111003_01_MK0_MLU_20191127_cog.tif,lulc,unknown_event,nearest,256,DEFLATE,ok,gdal_translate COG 成功,2026-05-21T20:34:47.518827
/home/NAS/homes/chunen-10029/bigdata/final/kurosiwo_S1_DEM/1111003/1111003_01_MK0_MNA_20191127.tif,/home/chunen/nas/bigdata/final/kurosiwo_S1_DEM/1111003/1111003_01_MK0_MNA_20191127.tif,KuroSiwo_COG_V8/unknown_event/s1_dem/1111003_01_MK0_MNA_20191127_cog.tif,s1_dem,unknown_event,bilinear,256,DEFLATE,ok,gdal_translate COG 成功,2026-05-21T20:34:47.644320
/home/NAS/homes/chunen-10029/bigdata/final/kurosiwo_S1_DEM/1111003/1111003_01_MK0_SLOPE_20191127.tif,/home/chunen/nas/bigdata/final/kurosiwo_S1_DEM/1111003/1111003_01_MK0_SLOPE_20191127.tif,KuroSiwo_COG_V8/unknown_event/s1_dem/1111003_01_MK0_SLOPE_20191127_cog.tif,s1_dem,unknown_event,bilinear,256,DEFLATE,ok,gdal_translate COG 成功,2026-05-21T20:34:47.955674
/home/NAS/homes/chunen-10029/bigdata/final/kurosiwo_S1_DEM/1111003/1111003_01_MS1_IVH_20191127.tif,/home/chunen/nas/bigdata/final/kurosiwo_S1_DEM/1111003/1111003_01_MS1_IVH_20191127.tif,KuroSiwo_COG_V8/unknown_event/s1_dem/1111003_01_MS1_IVH_20191127_cog.tif,s1_dem,unknown_event,bilinear,256,DEFLATE,ok,gdal_translate COG 成功,2026-05-21T20:34:48.316283
/home/NAS/homes/chunen-10029/bigdata/final/kurosiwo_S1_DEM/1111003/1111003_01_MS1_IVV_20191127.tif,/home/chunen/nas/bigdata/final/kurosiwo_S1_DEM/1111003/1111003_01_MS1_IVV_20191127.tif,KuroSiwo_COG_V8/unknown_event/s1_dem/1111003_01_MS1_IVV_20191127_cog.tif,s1_dem,unknown_event,bilinear,256,DEFLATE,ok,gdal_translate COG 成功,2026-05-21T20:34:48.603026
/home/NAS/homes/chunen-10029/bigdata/final/kurosiwo_S1_DEM/1111003/1111003_01_SL1_IVH_20191115.tif,/home/chunen/nas/bigdata/final/kurosiwo_S1_DEM/1111003/1111003_01_SL1_IVH_20191115.tif,KuroSiwo_COG_V8/unknown_event/s1_dem/1111003_01_SL1_IVH_20191115_cog.tif,s1_dem,unknown_event,bilinear,256,DEFLATE,ok,gdal_translate COG 成功,2026-05-21T20:34:48.760706
/home/NAS/homes/chunen-10029/bigdata/final/kurosiwo_S1_DEM/1111003/1111003_01_SL1_IVV_20191115.tif,/home/chunen/nas/bigdata/final/kurosiwo_S1_DEM/1111003/1111003_01_SL1_IVV_20191115.tif,KuroSiwo_COG_V8/unknown_event/s1_dem/1111003_01_SL1_IVV_20191115_cog.tif,s1_dem,unknown_event,bilinear,256,DEFLATE,ok,gdal_translate COG 成功,2026-05-21T20:34:48.941355
/home/NAS/homes/chunen-10029/bigdata/final/kurosiwo_S1_DEM/1111003/1111003_01_SL2_IVH_20191109.tif,/home/chunen/nas/bigdata/final/kurosiwo_S1_DEM/1111003/1111003_01_SL2_IVH_20191109.tif,KuroSiwo_COG_V8/unknown_event/s1_dem/1111003_01_SL2_IVH_20191109_cog.tif,s1_dem,unknown_event,bilinear,256,DEFLATE,ok,gdal_translate COG 成功,2026-05-21T20:34:49.274041
/home/NAS/homes/chunen-10029/bigdata/final/kurosiwo_S1_DEM/1111003/1111003_01_SL2_IVV_20191109.tif,/home/chunen/nas/bigdata/final/kurosiwo_S1_DEM/1111003/1111003_01_SL2_IVV_20191109.tif,KuroSiwo_COG_V8/unknown_event/s1_dem/1111003_01_SL2_IVV_20191109_cog.tif,s1_dem,unknown_event,bilinear,256,DEFLATE,ok,gdal_translate COG 成功,2026-05-21T20:34:49.553608
/home/NAS/homes/chunen-10029/bigdata/final/kurosiwo_S1_DEM/1111004/1111004_01_MK0_DEM_20170829.tif,/home/chunen/nas/bigdata/final/kurosiwo_S1_DEM/1111004/1111004_01_MK0_DEM_20170829.tif,KuroSiwo_COG_V8/unknown_event/dem/1111004_01_MK0_DEM_20170829_cog.tif,dem,unknown_event,bilinear,256,DEFLATE,ok,gdal_translate COG 成功,2026-05-21T20:35:00.027706
/home/NAS/homes/chunen-10029/bigdata/final/kurosiwo_S1_DEM/1111004/1111004_01_MK0_MLU_20170829.tif,/home/chunen/nas/bigdata/final/kurosiwo_S1_DEM/1111004/1111004_01_MK0_MLU_20170829.tif,KuroSiwo_COG_V8/unknown_event/lulc/1111004_01_MK0_MLU_20170829_cog.tif,lulc,unknown_event,nearest,256,DEFLATE,ok,gdal_translate COG 成功,2026-05-21T20:35:01.490106
/home/NAS/homes/chunen-10029/bigdata/final/kurosiwo_S1_DEM/1111004/1111004_01_MK0_MNA_20170829.tif,/home/chunen/nas/bigdata/final/kurosiwo_S1_DEM/1111004/1111004_01_MK0_MNA_20170829.tif,KuroSiwo_COG_V8/unknown_event/s1_dem/1111004_01_MK0_MNA_20170829_cog.tif,s1_dem,unknown_event,bilinear,256,DEFLATE,ok,gdal_translate COG 成功,2026-05-21T20:35:02.822101
/home/NAS/homes/chunen-10029/bigdata/final/kurosiwo_S1_DEM/1111004/1111004_01_MK0_SLOPE_20170829.tif,/home/chunen/nas/bigdata/final/kurosiwo_S1_DEM/1111004/1111004_01_MK0_SLOPE_20170829.tif,KuroSiwo_COG_V8/unknown_event/s1_dem/1111004_01_MK0_SLOPE_20170829_cog.tif,s1_dem,unknown_event,bilinear,256,DEFLATE,ok,gdal_translate COG 成功,2026-05-21T20:35:14.440981
/home/NAS/homes/chunen-10029/bigdata/final/kurosiwo_S1_DEM/1111004/1111004_01_MS1_IVH_20170829.tif,/home/chunen/nas/bigdata/final/kurosiwo_S1_DEM/1111004/1111004_01_MS1_IVH_20170829.tif,KuroSiwo_COG_V8/unknown_event/s1_dem/1111004_01_MS1_IVH_20170829_cog.tif,s1_dem,unknown_event,bilinear,256,DEFLATE,ok,gdal_translate COG 成功,2026-05-21T20:35:27.140098
/home/NAS/homes/chunen-10029/bigdata/final/kurosiwo_S1_DEM/1111004/1111004_01_MS1_IVV_20170829.tif,/home/chunen/nas/bigdata/final/kurosiwo_S1_DEM/1111004/1111004_01_MS1_IVV_20170829.tif,KuroSiwo_COG_V8/unknown_event/s1_dem/1111004_01_MS1_IVV_20170829_cog.tif,s1_dem,unknown_event,bilinear,256,DEFLATE,ok,gdal_translate COG 成功,2026-05-21T20:35:38.777935
/home/NAS/homes/chunen-10029/bigdata/final/kurosiwo_S1_DEM/1111004/1111004_01_SL1_IVH_20170805.tif,/home/chunen/nas/bigdata/final/kurosiwo_S1_DEM/1111004/1111004_01_SL1_IVH_20170805.tif,KuroSiwo_COG_V8/unknown_event/s1_dem/1111004_01_SL1_IVH_20170805_cog.tif,s1_dem,unknown_event,bilinear,256,DEFLATE,ok,gdal_translate COG 成功,2026-05-21T20:35:51.966565
/home/NAS/homes/chunen-10029/bigdata/final/kurosiwo_S1_DEM/1111004/1111004_01_SL1_IVV_20170805.tif,/home/chunen/nas/bigdata/final/kurosiwo_S1_DEM/1111004/1111004_01_SL1_IVV_20170805.tif,KuroSiwo_COG_V8/unknown_event/s1_dem/1111004_01_SL1_IVV_20170805_cog.tif,s1_dem,unknown_event,bilinear,256,DEFLATE,ok,gdal_translate COG 成功,2026-05-21T20:36:04.829881
/home/NAS/homes/chunen-10029/bigdata/final/kurosiwo_S1_DEM/1111004/1111004_01_SL2_IVH_20170724.tif,/home/chunen/nas/bigdata/final/kurosiwo_S1_DEM/1111004/1111004_01_SL2_IVH_20170724.tif,KuroSiwo_COG_V8/unknown_event/s1_dem/1111004_01_SL2_IVH_20170724_cog.tif,s1_dem,unknown_event,bilinear,256,DEFLATE,ok,gdal_translate COG 成功,2026-05-21T20:36:18.018831
/home/NAS/homes/chunen-10029/bigdata/final/kurosiwo_S1_DEM/1111004/1111004_01_SL2_IVV_20170724.tif,/home/chunen/nas/bigdata/final/kurosiwo_S1_DEM/1111004/1111004_01_SL2_IVV_20170724.tif,KuroSiwo_COG_V8/unknown_event/s1_dem/1111004_01_SL2_IVV_20170724_cog.tif,s1_dem,unknown_event,bilinear,256,DEFLATE,ok,gdal_translate COG 成功,2026-05-21T20:36:30.925431
/home/NAS/homes/chunen-10029/bigdata/final/kurosiwo_S1_DEM/1111005/1111005_01_MK0_DEM_20200126.tif,/home/chunen/nas/bigdata/final/kurosiwo_S1_DEM/1111005/1111005_01_MK0_DEM_20200126.tif,KuroSiwo_COG_V8/unknown_event/dem/1111005_01_MK0_DEM_20200126_cog.tif,dem,unknown_event,bilinear,256,DEFLATE,ok,gdal_translate COG 成功,2026-05-21T20:36:34.494495
/home/NAS/homes/chunen-10029/bigdata/final/kurosiwo_S1_DEM/1111005/1111005_01_MK0_MLU_20200126.tif,/home/chunen/nas/bigdata/final/kurosiwo_S1_DEM/1111005/1111005_01_MK0_MLU_20200126.tif,KuroSiwo_COG_V8/unknown_event/lulc/1111005_01_MK0_MLU_20200126_cog.tif,lulc,unknown_event,nearest,256,DEFLATE,ok,gdal_translate COG 成功,2026-05-21T20:36:35.635380
/home/NAS/homes/chunen-10029/bigdata/final/kurosiwo_S1_DEM/1111005/1111005_01_MK0_MNA_20200126.tif,/home/chunen/nas/bigdata/final/kurosiwo_S1_DEM/1111005/1111005_01_MK0_MNA_20200126.tif,KuroSiwo_COG_V8/unknown_event/s1_dem/1111005_01_MK0_MNA_20200126_cog.tif,s1_dem,unknown_event,bilinear,256,DEFLATE,ok,gdal_translate COG 成功,2026-05-21T20:36:36.198684
/home/NAS/homes/chunen-10029/bigdata/final/kurosiwo_S1_DEM/1111005/1111005_01_MK0_SLOPE_20200126.tif,/home/chunen/nas/bigdata/final/kurosiwo_S1_DEM/1111005/1111005_01_MK0_SLOPE_20200126.tif,KuroSiwo_COG_V8/unknown_event/s1_dem/1111005_01_MK0_SLOPE_20200126_cog.tif,s1_dem,unknown_event,bilinear,256,DEFLATE,ok,gdal_translate COG 成功,2026-05-21T20:36:39.499281
/home/NAS/homes/chunen-10029/bigdata/final/kurosiwo_S1_DEM/1111005/1111005_01_MS1_IVH_20200126.tif,/home/chunen/nas/bigdata/final/kurosiwo_S1_DEM/1111005/1111005_01_MS1_IVH_20200126.tif,KuroSiwo_COG_V8/unknown_event/s1_dem/1111005_01_MS1_IVH_20200126_cog.tif,s1_dem,unknown_event,bilinear,256,DEFLATE,ok,gdal_translate COG 成功,2026-05-21T20:36:43.353504
/home/NAS/homes/chunen-10029/bigdata/final/kurosiwo_S1_DEM/1111005/1111005_01_MS1_IVV_20200126.tif,/home/chunen/nas/bigdata/final/kurosiwo_S1_DEM/1111005/1111005_01_MS1_IVV_20200126.tif,KuroSiwo_COG_V8/unknown_event/s1_dem/1111005_01_MS1_IVV_20200126_cog.tif,s1_dem,unknown_event,bilinear,256,DEFLATE,ok,gdal_translate COG 成功,2026-05-21T20:36:48.152328
/home/NAS/homes/chunen-10029/bigdata/final/kurosiwo_S1_DEM/1111005/1111005_01_SL1_IVH_20191127.tif,/home/chunen/nas/bigdata/final/kurosiwo_S1_DEM/1111005/1111005_01_SL1_IVH_20191127.tif,KuroSiwo_COG_V8/unknown_event/s1_dem/1111005_01_SL1_IVH_20191127_cog.tif,s1_dem,unknown_event,bilinear,256,DEFLATE,ok,gdal_translate COG 成功,2026-05-21T20:36:52.417995
/home/NAS/homes/chunen-10029/bigdata/final/kurosiwo_S1_DEM/1111005/1111005_01_SL1_IVV_20191127.tif,/home/chunen/nas/bigdata/final/kurosiwo_S1_DEM/1111005/1111005_01_SL1_IVV_20191127.tif,KuroSiwo_COG_V8/unknown_event/s1_dem/1111005_01_SL1_IVV_20191127_cog.tif,s1_dem,unknown_event,bilinear,256,DEFLATE,ok,gdal_translate COG 成功,2026-05-21T20:36:56.657743
/home/NAS/homes/chunen-10029/bigdata/final/kurosiwo_S1_DEM/1111005/1111005_01_SL2_IVH_20191115.tif,/home/chunen/nas/bigdata/final/kurosiwo_S1_DEM/1111005/1111005_01_SL2_IVH_20191115.tif,KuroSiwo_COG_V8/unknown_event/s1_dem/1111005_01_SL2_IVH_20191115_cog.tif,s1_dem,unknown_event,bilinear,256,DEFLATE,ok,gdal_translate COG 成功,2026-05-21T20:37:00.118226
/home/NAS/homes/chunen-10029/bigdata/final/kurosiwo_S1_DEM/1111005/1111005_01_SL2_IVV_20191115.tif,/home/chunen/nas/bigdata/final/kurosiwo_S1_DEM/1111005/1111005_01_SL2_IVV_20191115.tif,KuroSiwo_COG_V8/unknown_event/s1_dem/1111005_01_SL2_IVV_20191115_cog.tif,s1_dem,unknown_event,bilinear,256,DEFLATE,ok,gdal_translate COG 成功,2026-05-21T20:37:04.430701
/home/NAS/homes/chunen-10029/bigdata/final/kurosiwo_S1_DEM/1111006/1111006_01_MK0_DEM_20200131.tif,/home/chunen/nas/bigdata/final/kurosiwo_S1_DEM/1111006/1111006_01_MK0_DEM_20200131.tif,KuroSiwo_COG_V8/unknown_event/dem/1111006_01_MK0_DEM_20200131_cog.tif,dem,unknown_event,bilinear,256,DEFLATE,ok,gdal_translate COG 成功,2026-05-21T20:37:07.539644
/home/NAS/homes/chunen-10029/bigdata/final/kurosiwo_S1_DEM/1111006/1111006_01_MK0_MLU_20200131.tif,/home/chunen/nas/bigdata/final/kurosiwo_S1_DEM/1111006/1111006_01_MK0_MLU_20200131.tif,KuroSiwo_COG_V8/unknown_event/lulc/1111006_01_MK0_MLU_20200131_cog.tif,lulc,unknown_event,nearest,256,DEFLATE,ok,gdal_translate COG 成功,2026-05-21T20:37:08.081082
/home/NAS/homes/chunen-10029/bigdata/final/kurosiwo_S1_DEM/1111006/1111006_01_MK0_MNA_20200131.tif,/home/chunen/nas/bigdata/final/kurosiwo_S1_DEM/1111006/1111006_01_MK0_MNA_20200131.tif,KuroSiwo_COG_V8/unknown_event/s1_dem/1111006_01_MK0_MNA_20200131_cog.tif,s1_dem,unknown_event,bilinear,256,DEFLATE,ok,gdal_translate COG 成功,2026-05-21T20:37:08.347334
/home/NAS/homes/chunen-10029/bigdata/final/kurosiwo_S1_DEM/1111006/1111006_01_MK0_SLOPE_20200131.tif,/home/chunen/nas/bigdata/final/kurosiwo_S1_DEM/1111006/1111006_01_MK0_SLOPE_20200131.tif,KuroSiwo_COG_V8/unknown_event/s1_dem/1111006_01_MK0_SLOPE_20200131_cog.tif,s1_dem,unknown_event,bilinear,256,DEFLATE,ok,gdal_translate COG 成功,2026-05-21T20:37:10.200414
/home/NAS/homes/chunen-10029/bigdata/final/kurosiwo_S1_DEM/1111006/1111006_01_MS1_IVH_20200131.tif,/home/chunen/nas/bigdata/final/kurosiwo_S1_DEM/1111006/1111006_01_MS1_IVH_20200131.tif,KuroSiwo_COG_V8/unknown_event/s1_dem/1111006_01_MS1_IVH_20200131_cog.tif,s1_dem,unknown_event,bilinear,256,DEFLATE,ok,gdal_translate COG 成功,2026-05-21T20:37:12.435223
/home/NAS/homes/chunen-10029/bigdata/final/kurosiwo_S1_DEM/1111006/1111006_01_MS1_IVV_20200131.tif,/home/chunen/nas/bigdata/final/kurosiwo_S1_DEM/1111006/1111006_01_MS1_IVV_20200131.tif,KuroSiwo_COG_V8/unknown_event/s1_dem/1111006_01_MS1_IVV_20200131_cog.tif,s1_dem,unknown_event,bilinear,256,DEFLATE,ok,gdal_translate COG 成功,2026-05-21T20:37:14.457064
/home/NAS/homes/chunen-10029/bigdata/final/kurosiwo_S1_DEM/1111006/1111006_01_SL1_IVH_20200119.tif,/home/chunen/nas/bigdata/final/kurosiwo_S1_DEM/1111006/1111006_01_SL1_IVH_20200119.tif,KuroSiwo_COG_V8/unknown_event/s1_dem/1111006_01_SL1_IVH_20200119_cog.tif,s1_dem,unknown_event,bilinear,256,DEFLATE,ok,gdal_translate COG 成功,2026-05-21T20:37:16.296778
/home/NAS/homes/chunen-10029/bigdata/final/kurosiwo_S1_DEM/1111006/1111006_01_SL1_IVV_20200119.tif,/home/chunen/nas/bigdata/final/kurosiwo_S1_DEM/1111006/1111006_01_SL1_IVV_20200119.tif,KuroSiwo_COG_V8/unknown_event/s1_dem/1111006_01_SL1_IVV_20200119_cog.tif,s1_dem,unknown_event,bilinear,256,DEFLATE,ok,gdal_translate COG 成功,2026-05-21T20:37:18.463444
/home/NAS/homes/chunen-10029/bigdata/final/kurosiwo_S1_DEM/1111006/1111006_01_SL2_IVH_20191202.tif,/home/chunen/nas/bigdata/final/kurosiwo_S1_DEM/1111006/1111006_01_SL2_IVH_20191202.tif,KuroSiwo_COG_V8/unknown_event/s1_dem/1111006_01_SL2_IVH_20191202_cog.tif,s1_dem,unknown_event,bilinear,256,DEFLATE,ok,gdal_translate COG 成功,2026-05-21T20:37:20.789920
/home/NAS/homes/chunen-10029/bigdata/final/kurosiwo_S1_DEM/1111006/1111006_01_SL2_IVV_20191202.tif,/home/chunen/nas/bigdata/final/kurosiwo_S1_DEM/1111006/1111006_01_SL2_IVV_20191202.tif,KuroSiwo_COG_V8/unknown_event/s1_dem/1111006_01_SL2_IVV_20191202_cog.tif,s1_dem,unknown_event,bilinear,256,DEFLATE,ok,gdal_translate COG 成功,2026-05-21T20:37:23.394520
/home/NAS/homes/chunen-10029/bigdata/final/kurosiwo_S1_DEM/1111007/1111007_01_MK0_DEM_20190918.tif,/home/chunen/nas/bigdata/final/kurosiwo_S1_DEM/1111007/1111007_01_MK0_DEM_20190918.tif,KuroSiwo_COG_V8/unknown_event/dem/1111007_01_MK0_DEM_20190918_cog.tif,dem,unknown_event,bilinear,256,DEFLATE,ok,gdal_translate COG 成功,2026-05-21T20:37:33.040870
/home/NAS/homes/chunen-10029/bigdata/final/kurosiwo_S1_DEM/1111007/1111007_01_MK0_MLU_20190918.tif,/home/chunen/nas/bigdata/final/kurosiwo_S1_DEM/1111007/1111007_01_MK0_MLU_20190918.tif,KuroSiwo_COG_V8/unknown_event/lulc/1111007_01_MK0_MLU_20190918_cog.tif,lulc,unknown_event,nearest,256,DEFLATE,ok,gdal_translate COG 成功,2026-05-21T20:37:34.083835
/home/NAS/homes/chunen-10029/bigdata/final/kurosiwo_S1_DEM/1111007/1111007_01_MK0_MNA_20190918.tif,/home/chunen/nas/bigdata/final/kurosiwo_S1_DEM/1111007/1111007_01_MK0_MNA_20190918.tif,KuroSiwo_COG_V8/unknown_event/s1_dem/1111007_01_MK0_MNA_20190918_cog.tif,s1_dem,unknown_event,bilinear,256,DEFLATE,ok,gdal_translate COG 成功,2026-05-21T20:37:35.121536
/home/NAS/homes/chunen-10029/bigdata/final/kurosiwo_S1_DEM/1111007/1111007_01_MK0_SLOPE_20190918.tif,/home/chunen/nas/bigdata/final/kurosiwo_S1_DEM/1111007/1111007_01_MK0_SLOPE_20190918.tif,KuroSiwo_COG_V8/unknown_event/s1_dem/1111007_01_MK0_SLOPE_20190918_cog.tif,s1_dem,unknown_event,bilinear,256,DEFLATE,ok,gdal_translate COG 成功,2026-05-21T20:37:44.920268
/home/NAS/homes/chunen-10029/bigdata/final/kurosiwo_S1_DEM/1111007/1111007_01_MS1_IVH_20190918.tif,/home/chunen/nas/bigdata/final/kurosiwo_S1_DEM/1111007/1111007_01_MS1_IVH_20190918.tif,KuroSiwo_COG_V8/unknown_event/s1_dem/1111007_01_MS1_IVH_20190918_cog.tif,s1_dem,unknown_event,bilinear,256,DEFLATE,ok,gdal_translate COG 成功,2026-05-21T20:37:55.849865
/home/NAS/homes/chunen-10029/bigdata/final/kurosiwo_S1_DEM/1111007/1111007_01_MS1_IVV_20190918.tif,/home/chunen/nas/bigdata/final/kurosiwo_S1_DEM/1111007/1111007_01_MS1_IVV_20190918.tif,KuroSiwo_COG_V8/unknown_event/s1_dem/1111007_01_MS1_IVV_20190918_cog.tif,s1_dem,unknown_event,bilinear,256,DEFLATE,ok,gdal_translate COG 成功,2026-05-21T20:38:07.682416
/home/NAS/homes/chunen-10029/bigdata/final/kurosiwo_S1_DEM/1111007/1111007_01_SL1_IVH_20190801.tif,/home/chunen/nas/bigdata/final/kurosiwo_S1_DEM/1111007/1111007_01_SL1_IVH_20190801.tif,KuroSiwo_COG_V8/unknown_event/s1_dem/1111007_01_SL1_IVH_20190801_cog.tif,s1_dem,unknown_event,bilinear,256,DEFLATE,ok,gdal_translate COG 成功,2026-05-21T20:38:18.723669
/home/NAS/homes/chunen-10029/bigdata/final/kurosiwo_S1_DEM/1111007/1111007_01_SL1_IVV_20190801.tif,/home/chunen/nas/bigdata/final/kurosiwo_S1_DEM/1111007/1111007_01_SL1_IVV_20190801.tif,KuroSiwo_COG_V8/unknown_event/s1_dem/1111007_01_SL1_IVV_20190801_cog.tif,s1_dem,unknown_event,bilinear,256,DEFLATE,ok,gdal_translate COG 成功,2026-05-21T20:38:28.712183
/home/NAS/homes/chunen-10029/bigdata/final/kurosiwo_S1_DEM/1111007/1111007_01_SL2_IVH_20190720.tif,/home/chunen/nas/bigdata/final/kurosiwo_S1_DEM/1111007/1111007_01_SL2_IVH_20190720.tif,KuroSiwo_COG_V8/unknown_event/s1_dem/1111007_01_SL2_IVH_20190720_cog.tif,s1_dem,unknown_event,bilinear,256,DEFLATE,ok,gdal_translate COG 成功,2026-05-21T20:38:39.695363
/home/NAS/homes/chunen-10029/bigdata/final/kurosiwo_S1_DEM/1111007/1111007_01_SL2_IVV_20190720.tif,/home/chunen/nas/bigdata/final/kurosiwo_S1_DEM/1111007/1111007_01_SL2_IVV_20190720.tif,KuroSiwo_COG_V8/unknown_event/s1_dem/1111007_01_SL2_IVV_20190720_cog.tif,s1_dem,unknown_event,bilinear,256,DEFLATE,ok,gdal_translate COG 成功,2026-05-21T20:38:51.004815
/home/NAS/homes/chunen-10029/bigdata/final/kurosiwo_S1_DEM/1111008/1111008_01_MK0_DEM_20200816.tif,/home/chunen/nas/bigdata/final/kurosiwo_S1_DEM/1111008/1111008_01_MK0_DEM_20200816.tif,KuroSiwo_COG_V8/unknown_event/dem/1111008_01_MK0_DEM_20200816_cog.tif,dem,unknown_event,bilinear,256,DEFLATE,ok,gdal_translate COG 成功,2026-05-21T20:38:51.807960
/home/NAS/homes/chunen-10029/bigdata/final/kurosiwo_S1_DEM/1111008/1111008_01_MK0_MLU_20200816.tif,/home/chunen/nas/bigdata/final/kurosiwo_S1_DEM/1111008/1111008_01_MK0_MLU_20200816.tif,KuroSiwo_COG_V8/unknown_event/lulc/1111008_01_MK0_MLU_20200816_cog.tif,lulc,unknown_event,nearest,256,DEFLATE,ok,gdal_translate COG 成功,2026-05-21T20:38:51.992724
/home/NAS/homes/chunen-10029/bigdata/final/kurosiwo_S1_DEM/1111008/1111008_01_MK0_MNA_20200816.tif,/home/chunen/nas/bigdata/final/kurosiwo_S1_DEM/1111008/1111008_01_MK0_MNA_20200816.tif,KuroSiwo_COG_V8/unknown_event/s1_dem/1111008_01_MK0_MNA_20200816_cog.tif,s1_dem,unknown_event,bilinear,256,DEFLATE,ok,gdal_translate COG 成功,2026-05-21T20:38:52.141601
/home/NAS/homes/chunen-10029/bigdata/final/kurosiwo_S1_DEM/1111008/1111008_01_MK0_SLOPE_20200816.tif,/home/chunen/nas/bigdata/final/kurosiwo_S1_DEM/1111008/1111008_01_MK0_SLOPE_20200816.tif,KuroSiwo_COG_V8/unknown_event/s1_dem/1111008_01_MK0_SLOPE_20200816_cog.tif,s1_dem,unknown_event,bilinear,256,DEFLATE,ok,gdal_translate COG 成功,2026-05-21T20:38:52.728598
/home/NAS/homes/chunen-10029/bigdata/final/kurosiwo_S1_DEM/1111008/1111008_01_MS1_IVH_20200816.tif,/home/chunen/nas/bigdata/final/kurosiwo_S1_DEM/1111008/1111008_01_MS1_IVH_20200816.tif,KuroSiwo_COG_V8/unknown_event/s1_dem/1111008_01_MS1_IVH_20200816_cog.tif,s1_dem,unknown_event,bilinear,256,DEFLATE,ok,gdal_translate COG 成功,2026-05-21T20:38:54.582622
/home/NAS/homes/chunen-10029/bigdata/final/kurosiwo_S1_DEM/1111008/1111008_01_MS1_IVV_20200816.tif,/home/chunen/nas/bigdata/final/kurosiwo_S1_DEM/1111008/1111008_01_MS1_IVV_20200816.tif,KuroSiwo_COG_V8/unknown_event/s1_dem/1111008_01_MS1_IVV_20200816_cog.tif,s1_dem,unknown_event,bilinear,256,DEFLATE,ok,gdal_translate COG 成功,2026-05-21T20:38:55.284528
/home/NAS/homes/chunen-10029/bigdata/final/kurosiwo_S1_DEM/1111008/1111008_01_SL1_IVH_20181014.tif,/home/chunen/nas/bigdata/final/kurosiwo_S1_DEM/1111008/1111008_01_SL1_IVH_20181014.tif,KuroSiwo_COG_V8/unknown_event/s1_dem/1111008_01_SL1_IVH_20181014_cog.tif,s1_dem,unknown_event,bilinear,256,DEFLATE,ok,gdal_translate COG 成功,2026-05-21T20:38:55.783712
/home/NAS/homes/chunen-10029/bigdata/final/kurosiwo_S1_DEM/1111008/1111008_01_SL1_IVV_20181014.tif,/home/chunen/nas/bigdata/final/kurosiwo_S1_DEM/1111008/1111008_01_SL1_IVV_20181014.tif,KuroSiwo_COG_V8/unknown_event/s1_dem/1111008_01_SL1_IVV_20181014_cog.tif,s1_dem,unknown_event,bilinear,256,DEFLATE,ok,gdal_translate COG 成功,2026-05-21T20:38:56.259148
/home/NAS/homes/chunen-10029/bigdata/final/kurosiwo_S1_DEM/1111008/1111008_01_SL2_IVH_20180417.tif,/home/chunen/nas/bigdata/final/kurosiwo_S1_DEM/1111008/1111008_01_SL2_IVH_20180417.tif,KuroSiwo_COG_V8/unknown_event/s1_dem/1111008_01_SL2_IVH_20180417_cog.tif,s1_dem,unknown_event,bilinear,256,DEFLATE,ok,gdal_translate COG 成功,2026-05-21T20:38:56.819012
/home/NAS/homes/chunen-10029/bigdata/final/kurosiwo_S1_DEM/1111008/1111008_01_SL2_IVV_20180417.tif,/home/chunen/nas/bigdata/final/kurosiwo_S1_DEM/1111008/1111008_01_SL2_IVV_20180417.tif,KuroSiwo_COG_V8/unknown_event/s1_dem/1111008_01_SL2_IVV_20180417_cog.tif,s1_dem,unknown_event,bilinear,256,DEFLATE,ok,gdal_translate COG 成功,2026-05-21T20:38:57.595281
/home/NAS/homes/chunen-10029/bigdata/final/kurosiwo_S1_DEM/1111009/1111009_01_MK0_DEM_20220911.tif,/home/chunen/nas/bigdata/final/kurosiwo_S1_DEM/1111009/1111009_01_MK0_DEM_20220911.tif,KuroSiwo_COG_V8/unknown_event/dem/1111009_01_MK0_DEM_20220911_cog.tif,dem,unknown_event,bilinear,256,DEFLATE,ok,gdal_translate COG 成功,2026-05-21T20:39:43.168253
/home/NAS/homes/chunen-10029/bigdata/final/kurosiwo_S1_DEM/1111009/1111009_01_MK0_MLU_20220911.tif,/home/chunen/nas/bigdata/final/kurosiwo_S1_DEM/1111009/1111009_01_MK0_MLU_20220911.tif,KuroSiwo_COG_V8/unknown_event/lulc/1111009_01_MK0_MLU_20220911_cog.tif,lulc,unknown_event,nearest,256,DEFLATE,ok,gdal_translate COG 成功,2026-05-21T20:39:47.480978
/home/NAS/homes/chunen-10029/bigdata/final/kurosiwo_S1_DEM/1111009/1111009_01_MK0_MNA_20220911.tif,/home/chunen/nas/bigdata/final/kurosiwo_S1_DEM/1111009/1111009_01_MK0_MNA_20220911.tif,KuroSiwo_COG_V8/unknown_event/s1_dem/1111009_01_MK0_MNA_20220911_cog.tif,s1_dem,unknown_event,bilinear,256,DEFLATE,ok,gdal_translate COG 成功,2026-05-21T20:39:51.716237
/home/NAS/homes/chunen-10029/bigdata/final/kurosiwo_S1_DEM/1111009/1111009_01_MK0_SLOPE_20220911.tif,/home/chunen/nas/bigdata/final/kurosiwo_S1_DEM/1111009/1111009_01_MK0_SLOPE_20220911.tif,KuroSiwo_COG_V8/unknown_event/s1_dem/1111009_01_MK0_SLOPE_20220911_cog.tif,s1_dem,unknown_event,bilinear,256,DEFLATE,ok,gdal_translate COG 成功,2026-05-21T20:40:34.758168
/home/NAS/homes/chunen-10029/bigdata/final/kurosiwo_S1_DEM/1111009/1111009_01_MS1_IVH_20220911.tif,/home/chunen/nas/bigdata/final/kurosiwo_S1_DEM/1111009/1111009_01_MS1_IVH_20220911.tif,KuroSiwo_COG_V8/unknown_event/s1_dem/1111009_01_MS1_IVH_20220911_cog.tif,s1_dem,unknown_event,bilinear,256,DEFLATE,error,"gdal_translate 失敗: ERROR 1: /home/NAS/homes/chunen-10029/bigdata/final/kurosiwo_S1_DEM/1111009/1111009_01_MS1_IVH_20220911.tif: TIFFFetchDirectory:/home/NAS/homes/chunen-10029/bigdata/final/kurosiwo_S1_DEM/1111009/1111009_01_MS1_IVH_20220911.tif: Can not read TIFF directory count
ERROR 1: /home/NAS/homes/chunen-10029/",2026-05-21T20:40:34.959370
/home/NAS/homes/chunen-10029/bigdata/final/kurosiwo_S1_DEM/1111009/1111009_01_MS1_IVV_20220911.tif,/home/chunen/nas/bigdata/final/kurosiwo_S1_DEM/1111009/1111009_01_MS1_IVV_20220911.tif,KuroSiwo_COG_V8/unknown_event/s1_dem/1111009_01_MS1_IVV_20220911_cog.tif,s1_dem,unknown_event,bilinear,256,DEFLATE,error,"gdal_translate 失敗: ERROR 1: /home/NAS/homes/chunen-10029/bigdata/final/kurosiwo_S1_DEM/1111009/1111009_01_MS1_IVV_20220911.tif: TIFFFetchDirectory:/home/NAS/homes/chunen-10029/bigdata/final/kurosiwo_S1_DEM/1111009/1111009_01_MS1_IVV_20220911.tif: Can not read TIFF directory count
ERROR 1: /home/NAS/homes/chunen-10029/",2026-05-21T20:40:35.083065
/home/NAS/homes/chunen-10029/bigdata/final/kurosiwo_S1_DEM/1111009/1111009_01_SL1_IVH_20220619.tif,/home/chunen/nas/bigdata/final/kurosiwo_S1_DEM/1111009/1111009_01_SL1_IVH_20220619.tif,KuroSiwo_COG_V8/unknown_event/s1_dem/1111009_01_SL1_IVH_20220619_cog.tif,s1_dem,unknown_event,bilinear,256,DEFLATE,ok,gdal_translate COG 成功,2026-05-21T20:41:24.059932
/home/NAS/homes/chunen-10029/bigdata/final/kurosiwo_S1_DEM/1111009/1111009_01_SL1_IVV_20220619.tif,/home/chunen/nas/bigdata/final/kurosiwo_S1_DEM/1111009/1111009_01_SL1_IVV_20220619.tif,KuroSiwo_COG_V8/unknown_event/s1_dem/1111009_01_SL1_IVV_20220619_cog.tif,s1_dem,unknown_event,bilinear,256,DEFLATE,ok,gdal_translate COG 成功,2026-05-21T20:42:09.388374
/home/NAS/homes/chunen-10029/bigdata/final/kurosiwo_S1_DEM/1111009/1111009_01_SL2_IVH_20220607.tif,/home/chunen/nas/bigdata/final/kurosiwo_S1_DEM/1111009/1111009_01_SL2_IVH_20220607.tif,KuroSiwo_COG_V8/unknown_event/s1_dem/1111009_01_SL2_IVH_20220607_cog.tif,s1_dem,unknown_event,bilinear,256,DEFLATE,error,"gdal_translate 失敗: ERROR 1: /home/NAS/homes/chunen-10029/bigdata/final/kurosiwo_S1_DEM/1111009/1111009_01_SL2_IVH_20220607.tif: TIFFFetchDirectory:/home/NAS/homes/chunen-10029/bigdata/final/kurosiwo_S1_DEM/1111009/1111009_01_SL2_IVH_20220607.tif: Can not read TIFF directory count
ERROR 1: /home/NAS/homes/chunen-10029/",2026-05-21T20:42:09.500083
/home/NAS/homes/chunen-10029/bigdata/final/kurosiwo_S1_DEM/1111009/1111009_01_SL2_IVV_20220607.tif,/home/chunen/nas/bigdata/final/kurosiwo_S1_DEM/1111009/1111009_01_SL2_IVV_20220607.tif,KuroSiwo_COG_V8/unknown_event/s1_dem/1111009_01_SL2_IVV_20220607_cog.tif,s1_dem,unknown_event,bilinear,256,DEFLATE,ok,gdal_translate COG 成功,2026-05-21T20:42:55.120197
/home/NAS/homes/chunen-10029/bigdata/final/kurosiwo_S1_DEM/1111010/1111010_01_MK0_DEM_20170311.tif,/home/chunen/nas/bigdata/final/kurosiwo_S1_DEM/1111010/1111010_01_MK0_DEM_20170311.tif,KuroSiwo_COG_V8/unknown_event/dem/1111010_01_MK0_DEM_20170311_cog.tif,dem,unknown_event,bilinear,256,DEFLATE,ok,gdal_translate COG 成功,2026-05-21T20:42:56.591070
/home/NAS/homes/chunen-10029/bigdata/final/kurosiwo_S1_DEM/1111010/1111010_01_MK0_MLU_20170311.tif,/home/chunen/nas/bigdata/final/kurosiwo_S1_DEM/1111010/1111010_01_MK0_MLU_20170311.tif,KuroSiwo_COG_V8/unknown_event/lulc/1111010_01_MK0_MLU_20170311_cog.tif,lulc,unknown_event,nearest,256,DEFLATE,ok,gdal_translate COG 成功,2026-05-21T20:42:57.136268
/home/NAS/homes/chunen-10029/bigdata/final/kurosiwo_S1_DEM/1111010/1111010_01_MK0_MNA_20170311.tif,/home/chunen/nas/bigdata/final/kurosiwo_S1_DEM/1111010/1111010_01_MK0_MNA_20170311.tif,KuroSiwo_COG_V8/unknown_event/s1_dem/1111010_01_MK0_MNA_20170311_cog.tif,s1_dem,unknown_event,bilinear,256,DEFLATE,ok,gdal_translate COG 成功,2026-05-21T20:42:57.389645
/home/NAS/homes/chunen-10029/bigdata/final/kurosiwo_S1_DEM/1111010/1111010_01_MK0_SLOPE_20170311.tif,/home/chunen/nas/bigdata/final/kurosiwo_S1_DEM/1111010/1111010_01_MK0_SLOPE_20170311.tif,KuroSiwo_COG_V8/unknown_event/s1_dem/1111010_01_MK0_SLOPE_20170311_cog.tif,s1_dem,unknown_event,bilinear,256,DEFLATE,ok,gdal_translate COG 成功,2026-05-21T20:42:58.798940
/home/NAS/homes/chunen-10029/bigdata/final/kurosiwo_S1_DEM/1111010/1111010_01_MS1_IVH_20170311.tif,/home/chunen/nas/bigdata/final/kurosiwo_S1_DEM/1111010/1111010_01_MS1_IVH_20170311.tif,KuroSiwo_COG_V8/unknown_event/s1_dem/1111010_01_MS1_IVH_20170311_cog.tif,s1_dem,unknown_event,bilinear,256,DEFLATE,ok,gdal_translate COG 成功,2026-05-21T20:43:00.546761
/home/NAS/homes/chunen-10029/bigdata/final/kurosiwo_S1_DEM/1111010/1111010_01_MS1_IVV_20170311.tif,/home/chunen/nas/bigdata/final/kurosiwo_S1_DEM/1111010/1111010_01_MS1_IVV_20170311.tif,KuroSiwo_COG_V8/unknown_event/s1_dem/1111010_01_MS1_IVV_20170311_cog.tif,s1_dem,unknown_event,bilinear,256,DEFLATE,ok,gdal_translate COG 成功,2026-05-21T20:43:03.054358
/home/NAS/homes/chunen-10029/bigdata/final/kurosiwo_S1_DEM/1111010/1111010_01_SL1_IVH_20161123.tif,/home/chunen/nas/bigdata/final/kurosiwo_S1_DEM/1111010/1111010_01_SL1_IVH_20161123.tif,KuroSiwo_COG_V8/unknown_event/s1_dem/1111010_01_SL1_IVH_20161123_cog.tif,s1_dem,unknown_event,bilinear,256,DEFLATE,ok,gdal_translate COG 成功,2026-05-21T20:43:04.888261
/home/NAS/homes/chunen-10029/bigdata/final/kurosiwo_S1_DEM/1111010/1111010_01_SL1_IVV_20161123.tif,/home/chunen/nas/bigdata/final/kurosiwo_S1_DEM/1111010/1111010_01_SL1_IVV_20161123.tif,KuroSiwo_COG_V8/unknown_event/s1_dem/1111010_01_SL1_IVV_20161123_cog.tif,s1_dem,unknown_event,bilinear,256,DEFLATE,ok,gdal_translate COG 成功,2026-05-21T20:43:06.396172
/home/NAS/homes/chunen-10029/bigdata/final/kurosiwo_S1_DEM/1111010/1111010_01_SL2_IVH_20161030.tif,/home/chunen/nas/bigdata/final/kurosiwo_S1_DEM/1111010/1111010_01_SL2_IVH_20161030.tif,KuroSiwo_COG_V8/unknown_event/s1_dem/1111010_01_SL2_IVH_20161030_cog.tif,s1_dem,unknown_event,bilinear,256,DEFLATE,ok,gdal_translate COG 成功,2026-05-21T20:43:08.051760
/home/NAS/homes/chunen-10029/bigdata/final/kurosiwo_S1_DEM/1111010/1111010_01_SL2_IVV_20161030.tif,/home/chunen/nas/bigdata/final/kurosiwo_S1_DEM/1111010/1111010_01_SL2_IVV_20161030.tif,KuroSiwo_COG_V8/unknown_event/s1_dem/1111010_01_SL2_IVV_20161030_cog.tif,s1_dem,unknown_event,bilinear,256,DEFLATE,ok,gdal_translate COG 成功,2026-05-21T20:43:09.573294
/home/NAS/homes/chunen-10029/bigdata/final/kurosiwo_S1_DEM/1111011/1111011_01_MK0_DEM_20201113.tif,/home/chunen/nas/bigdata/final/kurosiwo_S1_DEM/1111011/1111011_01_MK0_DEM_20201113.tif,KuroSiwo_COG_V8/unknown_event/dem/1111011_01_MK0_DEM_20201113_cog.tif,dem,unknown_event,bilinear,256,DEFLATE,ok,gdal_translate COG 成功,2026-05-21T20:43:18.760281
/home/NAS/homes/chunen-10029/bigdata/final/kurosiwo_S1_DEM/1111011/1111011_01_MK0_MLU_20201113.tif,/home/chunen/nas/bigdata/final/kurosiwo_S1_DEM/1111011/1111011_01_MK0_MLU_20201113.tif,KuroSiwo_COG_V8/unknown_event/lulc/1111011_01_MK0_MLU_20201113_cog.tif,lulc,unknown_event,nearest,256,DEFLATE,ok,gdal_translate COG 成功,2026-05-21T20:43:19.713907
/home/NAS/homes/chunen-10029/bigdata/final/kurosiwo_S1_DEM/1111011/1111011_01_MK0_MNA_20201113.tif,/home/chunen/nas/bigdata/final/kurosiwo_S1_DEM/1111011/1111011_01_MK0_MNA_20201113.tif,KuroSiwo_COG_V8/unknown_event/s1_dem/1111011_01_MK0_MNA_20201113_cog.tif,s1_dem,unknown_event,bilinear,256,DEFLATE,ok,gdal_translate COG 成功,2026-05-21T20:43:20.714576
/home/NAS/homes/chunen-10029/bigdata/final/kurosiwo_S1_DEM/1111011/1111011_01_MK0_SLOPE_20201113.tif,/home/chunen/nas/bigdata/final/kurosiwo_S1_DEM/1111011/1111011_01_MK0_SLOPE_20201113.tif,KuroSiwo_COG_V8/unknown_event/s1_dem/1111011_01_MK0_SLOPE_20201113_cog.tif,s1_dem,unknown_event,bilinear,256,DEFLATE,ok,gdal_translate COG 成功,2026-05-21T20:43:29.236294
/home/NAS/homes/chunen-10029/bigdata/final/kurosiwo_S1_DEM/1111011/1111011_01_MS1_IVH_20201113.tif,/home/chunen/nas/bigdata/final/kurosiwo_S1_DEM/1111011/1111011_01_MS1_IVH_20201113.tif,KuroSiwo_COG_V8/unknown_event/s1_dem/1111011_01_MS1_IVH_20201113_cog.tif,s1_dem,unknown_event,bilinear,256,DEFLATE,ok,gdal_translate COG 成功,2026-05-21T20:43:37.734391
/home/NAS/homes/chunen-10029/bigdata/final/kurosiwo_S1_DEM/1111011/1111011_01_MS1_IVV_20201113.tif,/home/chunen/nas/bigdata/final/kurosiwo_S1_DEM/1111011/1111011_01_MS1_IVV_20201113.tif,KuroSiwo_COG_V8/unknown_event/s1_dem/1111011_01_MS1_IVV_20201113_cog.tif,s1_dem,unknown_event,bilinear,256,DEFLATE,ok,gdal_translate COG 成功,2026-05-21T20:43:47.962190
/home/NAS/homes/chunen-10029/bigdata/final/kurosiwo_S1_DEM/1111011/1111011_01_SL1_IVH_20201101.tif,/home/chunen/nas/bigdata/final/kurosiwo_S1_DEM/1111011/1111011_01_SL1_IVH_20201101.tif,KuroSiwo_COG_V8/unknown_event/s1_dem/1111011_01_SL1_IVH_20201101_cog.tif,s1_dem,unknown_event,bilinear,256,DEFLATE,ok,gdal_translate COG 成功,2026-05-21T20:43:56.653652
/home/NAS/homes/chunen-10029/bigdata/final/kurosiwo_S1_DEM/1111011/1111011_01_SL1_IVV_20201101.tif,/home/chunen/nas/bigdata/final/kurosiwo_S1_DEM/1111011/1111011_01_SL1_IVV_20201101.tif,KuroSiwo_COG_V8/unknown_event/s1_dem/1111011_01_SL1_IVV_20201101_cog.tif,s1_dem,unknown_event,bilinear,256,DEFLATE,ok,gdal_translate COG 成功,2026-05-21T20:44:06.641533
/home/NAS/homes/chunen-10029/bigdata/final/kurosiwo_S1_DEM/1111011/1111011_01_SL2_IVH_20201020.tif,/home/chunen/nas/bigdata/final/kurosiwo_S1_DEM/1111011/1111011_01_SL2_IVH_20201020.tif,KuroSiwo_COG_V8/unknown_event/s1_dem/1111011_01_SL2_IVH_20201020_cog.tif,s1_dem,unknown_event,bilinear,256,DEFLATE,ok,gdal_translate COG 成功,2026-05-21T20:44:15.950333
/home/NAS/homes/chunen-10029/bigdata/final/kurosiwo_S1_DEM/1111011/1111011_01_SL2_IVV_20201020.tif,/home/chunen/nas/bigdata/final/kurosiwo_S1_DEM/1111011/1111011_01_SL2_IVV_20201020.tif,KuroSiwo_COG_V8/unknown_event/s1_dem/1111011_01_SL2_IVV_20201020_cog.tif,s1_dem,unknown_event,bilinear,256,DEFLATE,ok,gdal_translate COG 成功,2026-05-21T20:44:25.375368
/home/NAS/homes/chunen-10029/bigdata/final/kurosiwo_S1_DEM/1111013/1111013_01_MK0_DEM_20170504.tif,/home/chunen/nas/bigdata/final/kurosiwo_S1_DEM/1111013/1111013_01_MK0_DEM_20170504.tif,KuroSiwo_COG_V8/unknown_event/dem/1111013_01_MK0_DEM_20170504_cog.tif,dem,unknown_event,bilinear,256,DEFLATE,ok,gdal_translate COG 成功,2026-05-21T20:44:45.262415
/home/NAS/homes/chunen-10029/bigdata/final/kurosiwo_S1_DEM/1111013/1111013_01_MK0_MLU_20170504.tif,/home/chunen/nas/bigdata/final/kurosiwo_S1_DEM/1111013/1111013_01_MK0_MLU_20170504.tif,KuroSiwo_COG_V8/unknown_event/lulc/1111013_01_MK0_MLU_20170504_cog.tif,lulc,unknown_event,nearest,256,DEFLATE,ok,gdal_translate COG 成功,2026-05-21T20:44:47.431828
/home/NAS/homes/chunen-10029/bigdata/final/kurosiwo_S1_DEM/1111013/1111013_01_MK0_MNA_20170504.tif,/home/chunen/nas/bigdata/final/kurosiwo_S1_DEM/1111013/1111013_01_MK0_MNA_20170504.tif,KuroSiwo_COG_V8/unknown_event/s1_dem/1111013_01_MK0_MNA_20170504_cog.tif,s1_dem,unknown_event,bilinear,256,DEFLATE,ok,gdal_translate COG 成功,2026-05-21T20:44:49.348592
/home/NAS/homes/chunen-10029/bigdata/final/kurosiwo_S1_DEM/1111013/1111013_01_MK0_SLOPE_20170504.tif,/home/chunen/nas/bigdata/final/kurosiwo_S1_DEM/1111013/1111013_01_MK0_SLOPE_20170504.tif,KuroSiwo_COG_V8/unknown_event/s1_dem/1111013_01_MK0_SLOPE_20170504_cog.tif,s1_dem,unknown_event,bilinear,256,DEFLATE,ok,gdal_translate COG 成功,2026-05-21T20:45:08.774828
/home/NAS/homes/chunen-10029/bigdata/final/kurosiwo_S1_DEM/1111013/1111013_01_MS1_IVH_20170504.tif,/home/chunen/nas/bigdata/final/kurosiwo_S1_DEM/1111013/1111013_01_MS1_IVH_20170504.tif,KuroSiwo_COG_V8/unknown_event/s1_dem/1111013_01_MS1_IVH_20170504_cog.tif,s1_dem,unknown_event,bilinear,256,DEFLATE,ok,gdal_translate COG 成功,2026-05-21T20:45:30.006088
/home/NAS/homes/chunen-10029/bigdata/final/kurosiwo_S1_DEM/1111013/1111013_01_MS1_IVV_20170504.tif,/home/chunen/nas/bigdata/final/kurosiwo_S1_DEM/1111013/1111013_01_MS1_IVV_20170504.tif,KuroSiwo_COG_V8/unknown_event/s1_dem/1111013_01_MS1_IVV_20170504_cog.tif,s1_dem,unknown_event,bilinear,256,DEFLATE,ok,gdal_translate COG 成功,2026-05-21T20:45:51.629026
/home/NAS/homes/chunen-10029/bigdata/final/kurosiwo_S1_DEM/1111013/1111013_01_SL1_IVH_20170422.tif,/home/chunen/nas/bigdata/final/kurosiwo_S1_DEM/1111013/1111013_01_SL1_IVH_20170422.tif,KuroSiwo_COG_V8/unknown_event/s1_dem/1111013_01_SL1_IVH_20170422_cog.tif,s1_dem,unknown_event,bilinear,256,DEFLATE,ok,gdal_translate COG 成功,2026-05-21T20:46:14.693154
/home/NAS/homes/chunen-10029/bigdata/final/kurosiwo_S1_DEM/1111013/1111013_01_SL1_IVV_20170422.tif,/home/chunen/nas/bigdata/final/kurosiwo_S1_DEM/1111013/1111013_01_SL1_IVV_20170422.tif,KuroSiwo_COG_V8/unknown_event/s1_dem/1111013_01_SL1_IVV_20170422_cog.tif,s1_dem,unknown_event,bilinear,256,DEFLATE,ok,gdal_translate COG 成功,2026-05-21T20:46:37.106238
/home/NAS/homes/chunen-10029/bigdata/final/kurosiwo_S1_DEM/1111013/1111013_01_SL2_IVH_20170410.tif,/home/chunen/nas/bigdata/final/kurosiwo_S1_DEM/1111013/1111013_01_SL2_IVH_20170410.tif,KuroSiwo_COG_V8/unknown_event/s1_dem/1111013_01_SL2_IVH_20170410_cog.tif,s1_dem,unknown_event,bilinear,256,DEFLATE,ok,gdal_translate COG 成功,2026-05-21T20:46:59.403712
/home/NAS/homes/chunen-10029/bigdata/final/kurosiwo_S1_DEM/1111013/1111013_01_SL2_IVV_20170410.tif,/home/chunen/nas/bigdata/final/kurosiwo_S1_DEM/1111013/1111013_01_SL2_IVV_20170410.tif,KuroSiwo_COG_V8/unknown_event/s1_dem/1111013_01_SL2_IVV_20170410_cog.tif,s1_dem,unknown_event,bilinear,256,DEFLATE,ok,gdal_translate COG 成功,2026-05-21T20:47:20.977327
/home/NAS/homes/chunen-10029/bigdata/final/kurosiwo_S1_DEM/118/118_01_MK0_DEM_20150203.tif,/home/chunen/nas/bigdata/final/kurosiwo_S1_DEM/118/118_01_MK0_DEM_20150203.tif,KuroSiwo_COG_V8/118/dem/118_01_MK0_DEM_20150203_cog.tif,dem,118,bilinear,256,DEFLATE,ok,gdal_translate COG 成功,2026-05-21T20:47:22.230735
/home/NAS/homes/chunen-10029/bigdata/final/kurosiwo_S1_DEM/118/118_01_MK0_MLU_20150203.tif,/home/chunen/nas/bigdata/final/kurosiwo_S1_DEM/118/118_01_MK0_MLU_20150203.tif,KuroSiwo_COG_V8/118/lulc/118_01_MK0_MLU_20150203_cog.tif,lulc,118,nearest,256,DEFLATE,ok,gdal_translate COG 成功,2026-05-21T20:47:22.399198
/home/NAS/homes/chunen-10029/bigdata/final/kurosiwo_S1_DEM/118/118_01_MK0_MNA_20150203.tif,/home/chunen/nas/bigdata/final/kurosiwo_S1_DEM/118/118_01_MK0_MNA_20150203.tif,KuroSiwo_COG_V8/118/s1_dem/118_01_MK0_MNA_20150203_cog.tif,s1_dem,118,bilinear,256,DEFLATE,ok,gdal_translate COG 成功,2026-05-21T20:47:22.544999
/home/NAS/homes/chunen-10029/bigdata/final/kurosiwo_S1_DEM/118/118_01_MK0_SLOPE_20150203.tif,/home/chunen/nas/bigdata/final/kurosiwo_S1_DEM/118/118_01_MK0_SLOPE_20150203.tif,KuroSiwo_COG_V8/118/s1_dem/118_01_MK0_SLOPE_20150203_cog.tif,s1_dem,118,bilinear,256,DEFLATE,ok,gdal_translate COG 成功,2026-05-21T20:47:23.203136
/home/NAS/homes/chunen-10029/bigdata/final/kurosiwo_S1_DEM/118/118_01_MS1_IVH_20150203.tif,/home/chunen/nas/bigdata/final/kurosiwo_S1_DEM/118/118_01_MS1_IVH_20150203.tif,KuroSiwo_COG_V8/118/s1_dem/118_01_MS1_IVH_20150203_cog.tif,s1_dem,118,bilinear,256,DEFLATE,ok,gdal_translate COG 成功,2026-05-21T20:47:23.848697
/home/NAS/homes/chunen-10029/bigdata/final/kurosiwo_S1_DEM/118/118_01_MS1_IVV_20150203.tif,/home/chunen/nas/bigdata/final/kurosiwo_S1_DEM/118/118_01_MS1_IVV_20150203.tif,KuroSiwo_COG_V8/118/s1_dem/118_01_MS1_IVV_20150203_cog.tif,s1_dem,118,bilinear,256,DEFLATE,ok,gdal_translate COG 成功,2026-05-21T20:47:24.504301
/home/NAS/homes/chunen-10029/bigdata/final/kurosiwo_S1_DEM/118/118_01_SL1_IVH_20141111.tif,/home/chunen/nas/bigdata/final/kurosiwo_S1_DEM/118/118_01_SL1_IVH_20141111.tif,KuroSiwo_COG_V8/118/s1_dem/118_01_SL1_IVH_20141111_cog.tif,s1_dem,118,bilinear,256,DEFLATE,ok,gdal_translate COG 成功,2026-05-21T20:47:25.190281
/home/NAS/homes/chunen-10029/bigdata/final/kurosiwo_S1_DEM/118/118_01_SL1_IVV_20141111.tif,/home/chunen/nas/bigdata/final/kurosiwo_S1_DEM/118/118_01_SL1_IVV_20141111.tif,KuroSiwo_COG_V8/118/s1_dem/118_01_SL1_IVV_20141111_cog.tif,s1_dem,118,bilinear,256,DEFLATE,ok,gdal_translate COG 成功,2026-05-21T20:47:25.864090
/home/NAS/homes/chunen-10029/bigdata/final/kurosiwo_S1_DEM/118/118_01_SL2_IVH_20141030.tif,/home/chunen/nas/bigdata/final/kurosiwo_S1_DEM/118/118_01_SL2_IVH_20141030.tif,KuroSiwo_COG_V8/118/s1_dem/118_01_SL2_IVH_20141030_cog.tif,s1_dem,118,bilinear,256,DEFLATE,ok,gdal_translate COG 成功,2026-05-21T20:47:27.568708
/home/NAS/homes/chunen-10029/bigdata/final/kurosiwo_S1_DEM/118/118_01_SL2_IVV_20141030.tif,/home/chunen/nas/bigdata/final/kurosiwo_S1_DEM/118/118_01_SL2_IVV_20141030.tif,KuroSiwo_COG_V8/118/s1_dem/118_01_SL2_IVV_20141030_cog.tif,s1_dem,118,bilinear,256,DEFLATE,ok,gdal_translate COG 成功,2026-05-21T20:47:28.363482
/home/NAS/homes/chunen-10029/bigdata/final/kurosiwo_S1_DEM/118/118_02_MK0_DEM_20150202.tif,/home/chunen/nas/bigdata/final/kurosiwo_S1_DEM/118/118_02_MK0_DEM_20150202.tif,KuroSiwo_COG_V8/118/dem/118_02_MK0_DEM_20150202_cog.tif,dem,118,bilinear,256,DEFLATE,ok,gdal_translate COG 成功,2026-05-21T20:47:29.165920
/home/NAS/homes/chunen-10029/bigdata/final/kurosiwo_S1_DEM/118/118_02_MK0_MLU_20150202.tif,/home/chunen/nas/bigdata/final/kurosiwo_S1_DEM/118/118_02_MK0_MLU_20150202.tif,KuroSiwo_COG_V8/118/lulc/118_02_MK0_MLU_20150202_cog.tif,lulc,118,nearest,256,DEFLATE,ok,gdal_translate COG 成功,2026-05-21T20:47:29.328036
/home/NAS/homes/chunen-10029/bigdata/final/kurosiwo_S1_DEM/118/118_02_MK0_MNA_20150202.tif,/home/chunen/nas/bigdata/final/kurosiwo_S1_DEM/118/118_02_MK0_MNA_20150202.tif,KuroSiwo_COG_V8/118/s1_dem/118_02_MK0_MNA_20150202_cog.tif,s1_dem,118,bilinear,256,DEFLATE,ok,gdal_translate COG 成功,2026-05-21T20:47:29.501411
/home/NAS/homes/chunen-10029/bigdata/final/kurosiwo_S1_DEM/118/118_02_MK0_SLOPE_20150202.tif,/home/chunen/nas/bigdata/final/kurosiwo_S1_DEM/118/118_02_MK0_SLOPE_20150202.tif,KuroSiwo_COG_V8/118/s1_dem/118_02_MK0_SLOPE_20150202_cog.tif,s1_dem,118,bilinear,256,DEFLATE,ok,gdal_translate COG 成功,2026-05-21T20:47:30.160445
/home/NAS/homes/chunen-10029/bigdata/final/kurosiwo_S1_DEM/118/118_02_MS1_IVH_20150202.tif,/home/chunen/nas/bigdata/final/kurosiwo_S1_DEM/118/118_02_MS1_IVH_20150202.tif,KuroSiwo_COG_V8/118/s1_dem/118_02_MS1_IVH_20150202_cog.tif,s1_dem,118,bilinear,256,DEFLATE,ok,gdal_translate COG 成功,2026-05-21T20:47:30.877025
/home/NAS/homes/chunen-10029/bigdata/final/kurosiwo_S1_DEM/118/118_02_MS1_IVV_20150202.tif,/home/chunen/nas/bigdata/final/kurosiwo_S1_DEM/118/118_02_MS1_IVV_20150202.tif,KuroSiwo_COG_V8/118/s1_dem/118_02_MS1_IVV_20150202_cog.tif,s1_dem,118,bilinear,256,DEFLATE,ok,gdal_translate COG 成功,2026-05-21T20:47:31.520887
/home/NAS/homes/chunen-10029/bigdata/final/kurosiwo_S1_DEM/118/118_02_SL1_IVH_20141029.tif,/home/chunen/nas/bigdata/final/kurosiwo_S1_DEM/118/118_02_SL1_IVH_20141029.tif,KuroSiwo_COG_V8/118/s1_dem/118_02_SL1_IVH_20141029_cog.tif,s1_dem,118,bilinear,256,DEFLATE,ok,gdal_translate COG 成功,2026-05-21T20:47:32.162306
/home/NAS/homes/chunen-10029/bigdata/final/kurosiwo_S1_DEM/118/118_02_SL1_IVV_20141029.tif,/home/chunen/nas/bigdata/final/kurosiwo_S1_DEM/118/118_02_SL1_IVV_20141029.tif,KuroSiwo_COG_V8/118/s1_dem/118_02_SL1_IVV_20141029_cog.tif,s1_dem,118,bilinear,256,DEFLATE,ok,gdal_translate COG 成功,2026-05-21T20:47:32.836200
/home/NAS/homes/chunen-10029/bigdata/final/kurosiwo_S1_DEM/118/118_02_SL2_IVH_20141017.tif,/home/chunen/nas/bigdata/final/kurosiwo_S1_DEM/118/118_02_SL2_IVH_20141017.tif,KuroSiwo_COG_V8/118/s1_dem/118_02_SL2_IVH_20141017_cog.tif,s1_dem,118,bilinear,256,DEFLATE,ok,gdal_translate COG 成功,2026-05-21T20:47:33.522101
/home/NAS/homes/chunen-10029/bigdata/final/kurosiwo_S1_DEM/118/118_02_SL2_IVV_20141017.tif,/home/chunen/nas/bigdata/final/kurosiwo_S1_DEM/118/118_02_SL2_IVV_20141017.tif,KuroSiwo_COG_V8/118/s1_dem/118_02_SL2_IVV_20141017_cog.tif,s1_dem,118,bilinear,256,DEFLATE,ok,gdal_translate COG 成功,2026-05-21T20:47:34.204402
/home/NAS/homes/chunen-10029/bigdata/final/kurosiwo_S1_DEM/130/130_06_MK0_DEM_20150913.tif,/home/chunen/nas/bigdata/final/kurosiwo_S1_DEM/130/130_06_MK0_DEM_20150913.tif,KuroSiwo_COG_V8/130/dem/130_06_MK0_DEM_20150913_cog.tif,dem,130,bilinear,256,DEFLATE,ok,gdal_translate COG 成功,2026-05-21T20:47:35.320588
/home/NAS/homes/chunen-10029/bigdata/final/kurosiwo_S1_DEM/130/130_06_MK0_MLU_20150913.tif,/home/chunen/nas/bigdata/final/kurosiwo_S1_DEM/130/130_06_MK0_MLU_20150913.tif,KuroSiwo_COG_V8/130/lulc/130_06_MK0_MLU_20150913_cog.tif,lulc,130,nearest,256,DEFLATE,ok,gdal_translate COG 成功,2026-05-21T20:47:35.600319
/home/NAS/homes/chunen-10029/bigdata/final/kurosiwo_S1_DEM/130/130_06_MK0_MNA_20150913.tif,/home/chunen/nas/bigdata/final/kurosiwo_S1_DEM/130/130_06_MK0_MNA_20150913.tif,KuroSiwo_COG_V8/130/s1_dem/130_06_MK0_MNA_20150913_cog.tif,s1_dem,130,bilinear,256,DEFLATE,ok,gdal_translate COG 成功,2026-05-21T20:47:36.407858
/home/NAS/homes/chunen-10029/bigdata/final/kurosiwo_S1_DEM/130/130_06_MK0_SLOPE_20150913.tif,/home/chunen/nas/bigdata/final/kurosiwo_S1_DEM/130/130_06_MK0_SLOPE_20150913.tif,KuroSiwo_COG_V8/130/s1_dem/130_06_MK0_SLOPE_20150913_cog.tif,s1_dem,130,bilinear,256,DEFLATE,ok,gdal_translate COG 成功,2026-05-21T20:47:37.535511
/home/NAS/homes/chunen-10029/bigdata/final/kurosiwo_S1_DEM/130/130_06_MS1_IVH_20150913.tif,/home/chunen/nas/bigdata/final/kurosiwo_S1_DEM/130/130_06_MS1_IVH_20150913.tif,KuroSiwo_COG_V8/130/s1_dem/130_06_MS1_IVH_20150913_cog.tif,s1_dem,130,bilinear,256,DEFLATE,ok,gdal_translate COG 成功,2026-05-21T20:47:38.606960
/home/NAS/homes/chunen-10029/bigdata/final/kurosiwo_S1_DEM/130/130_06_MS1_IVV_20150913.tif,/home/chunen/nas/bigdata/final/kurosiwo_S1_DEM/130/130_06_MS1_IVV_20150913.tif,KuroSiwo_COG_V8/130/s1_dem/130_06_MS1_IVV_20150913_cog.tif,s1_dem,130,bilinear,256,DEFLATE,ok,gdal_translate COG 成功,2026-05-21T20:47:39.646820
/home/NAS/homes/chunen-10029/bigdata/final/kurosiwo_S1_DEM/130/130_06_SL1_IVH_20150422.tif,/home/chunen/nas/bigdata/final/kurosiwo_S1_DEM/130/130_06_SL1_IVH_20150422.tif,KuroSiwo_COG_V8/130/s1_dem/130_06_SL1_IVH_20150422_cog.tif,s1_dem,130,bilinear,256,DEFLATE,ok,gdal_translate COG 成功,2026-05-21T20:47:40.882163
/home/NAS/homes/chunen-10029/bigdata/final/kurosiwo_S1_DEM/130/130_06_SL1_IVV_20150422.tif,/home/chunen/nas/bigdata/final/kurosiwo_S1_DEM/130/130_06_SL1_IVV_20150422.tif,KuroSiwo_COG_V8/130/s1_dem/130_06_SL1_IVV_20150422_cog.tif,s1_dem,130,bilinear,256,DEFLATE,ok,gdal_translate COG 成功,2026-05-21T20:47:42.138362
/home/NAS/homes/chunen-10029/bigdata/final/kurosiwo_S1_DEM/130/130_06_SL2_IVH_20150329.tif,/home/chunen/nas/bigdata/final/kurosiwo_S1_DEM/130/130_06_SL2_IVH_20150329.tif,KuroSiwo_COG_V8/130/s1_dem/130_06_SL2_IVH_20150329_cog.tif,s1_dem,130,bilinear,256,DEFLATE,ok,gdal_translate COG 成功,2026-05-21T20:47:43.403351
/home/NAS/homes/chunen-10029/bigdata/final/kurosiwo_S1_DEM/130/130_06_SL2_IVV_20150329.tif,/home/chunen/nas/bigdata/final/kurosiwo_S1_DEM/130/130_06_SL2_IVV_20150329.tif,KuroSiwo_COG_V8/130/s1_dem/130_06_SL2_IVV_20150329_cog.tif,s1_dem,130,bilinear,256,DEFLATE,ok,gdal_translate COG 成功,2026-05-21T20:47:45.995856
/home/NAS/homes/chunen-10029/bigdata/final/kurosiwo_S1_DEM/147/147_01_MK0_DEM_20151210.tif,/home/chunen/nas/bigdata/final/kurosiwo_S1_DEM/147/147_01_MK0_DEM_20151210.tif,KuroSiwo_COG_V8/147/dem/147_01_MK0_DEM_20151210_cog.tif,dem,147,bilinear,256,DEFLATE,ok,gdal_translate COG 成功,2026-05-21T20:47:47.354596
/home/NAS/homes/chunen-10029/bigdata/final/kurosiwo_S1_DEM/147/147_01_MK0_MLU_20151210.tif,/home/chunen/nas/bigdata/final/kurosiwo_S1_DEM/147/147_01_MK0_MLU_20151210.tif,KuroSiwo_COG_V8/147/lulc/147_01_MK0_MLU_20151210_cog.tif,lulc,147,nearest,256,DEFLATE,ok,gdal_translate COG 成功,2026-05-21T20:47:47.570330
/home/NAS/homes/chunen-10029/bigdata/final/kurosiwo_S1_DEM/147/147_01_MK0_MNA_20151210.tif,/home/chunen/nas/bigdata/final/kurosiwo_S1_DEM/147/147_01_MK0_MNA_20151210.tif,KuroSiwo_COG_V8/147/s1_dem/147_01_MK0_MNA_20151210_cog.tif,s1_dem,147,bilinear,256,DEFLATE,ok,gdal_translate COG 成功,2026-05-21T20:47:47.775243
/home/NAS/homes/chunen-10029/bigdata/final/kurosiwo_S1_DEM/147/147_01_MK0_SLOPE_20151210.tif,/home/chunen/nas/bigdata/final/kurosiwo_S1_DEM/147/147_01_MK0_SLOPE_20151210.tif,KuroSiwo_COG_V8/147/s1_dem/147_01_MK0_SLOPE_20151210_cog.tif,s1_dem,147,bilinear,256,DEFLATE,ok,gdal_translate COG 成功,2026-05-21T20:47:48.900171
/home/NAS/homes/chunen-10029/bigdata/final/kurosiwo_S1_DEM/147/147_01_MS1_IVH_20151210.tif,/home/chunen/nas/bigdata/final/kurosiwo_S1_DEM/147/147_01_MS1_IVH_20151210.tif,KuroSiwo_COG_V8/147/s1_dem/147_01_MS1_IVH_20151210_cog.tif,s1_dem,147,bilinear,256,DEFLATE,ok,gdal_translate COG 成功,2026-05-21T20:47:50.324490
/home/NAS/homes/chunen-10029/bigdata/final/kurosiwo_S1_DEM/147/147_01_MS1_IVV_20151210.tif,/home/chunen/nas/bigdata/final/kurosiwo_S1_DEM/147/147_01_MS1_IVV_20151210.tif,KuroSiwo_COG_V8/147/s1_dem/147_01_MS1_IVV_20151210_cog.tif,s1_dem,147,bilinear,256,DEFLATE,ok,gdal_translate COG 成功,2026-05-21T20:47:51.618615
/home/NAS/homes/chunen-10029/bigdata/final/kurosiwo_S1_DEM/147/147_01_SL1_IVH_20150625.tif,/home/chunen/nas/bigdata/final/kurosiwo_S1_DEM/147/147_01_SL1_IVH_20150625.tif,KuroSiwo_COG_V8/147/s1_dem/147_01_SL1_IVH_20150625_cog.tif,s1_dem,147,bilinear,256,DEFLATE,ok,gdal_translate COG 成功,2026-05-21T20:47:52.988548
/home/NAS/homes/chunen-10029/bigdata/final/kurosiwo_S1_DEM/147/147_01_SL1_IVV_20150625.tif,/home/chunen/nas/bigdata/final/kurosiwo_S1_DEM/147/147_01_SL1_IVV_20150625.tif,KuroSiwo_COG_V8/147/s1_dem/147_01_SL1_IVV_20150625_cog.tif,s1_dem,147,bilinear,256,DEFLATE,ok,gdal_translate COG 成功,2026-05-21T20:47:54.380346
/home/NAS/homes/chunen-10029/bigdata/final/kurosiwo_S1_DEM/147/147_01_SL2_IVH_20150613.tif,/home/chunen/nas/bigdata/final/kurosiwo_S1_DEM/147/147_01_SL2_IVH_20150613.tif,KuroSiwo_COG_V8/147/s1_dem/147_01_SL2_IVH_20150613_cog.tif,s1_dem,147,bilinear,256,DEFLATE,ok,gdal_translate COG 成功,2026-05-21T20:47:55.826074
/home/NAS/homes/chunen-10029/bigdata/final/kurosiwo_S1_DEM/147/147_01_SL2_IVV_20150613.tif,/home/chunen/nas/bigdata/final/kurosiwo_S1_DEM/147/147_01_SL2_IVV_20150613.tif,KuroSiwo_COG_V8/147/s1_dem/147_01_SL2_IVV_20150613_cog.tif,s1_dem,147,bilinear,256,DEFLATE,ok,gdal_translate COG 成功,2026-05-21T20:47:57.285258
/home/NAS/homes/chunen-10029/bigdata/final/kurosiwo_S1_DEM/147/147_02_MK0_DEM_20151210.tif,/home/chunen/nas/bigdata/final/kurosiwo_S1_DEM/147/147_02_MK0_DEM_20151210.tif,KuroSiwo_COG_V8/147/dem/147_02_MK0_DEM_20151210_cog.tif,dem,147,bilinear,256,DEFLATE,ok,gdal_translate COG 成功,2026-05-21T20:47:59.042682
/home/NAS/homes/chunen-10029/bigdata/final/kurosiwo_S1_DEM/147/147_02_MK0_MLU_20151210.tif,/home/chunen/nas/bigdata/final/kurosiwo_S1_DEM/147/147_02_MK0_MLU_20151210.tif,KuroSiwo_COG_V8/147/lulc/147_02_MK0_MLU_20151210_cog.tif,lulc,147,nearest,256,DEFLATE,ok,gdal_translate COG 成功,2026-05-21T20:47:59.384355
/home/NAS/homes/chunen-10029/bigdata/final/kurosiwo_S1_DEM/147/147_02_MK0_MNA_20151210.tif,/home/chunen/nas/bigdata/final/kurosiwo_S1_DEM/147/147_02_MK0_MNA_20151210.tif,KuroSiwo_COG_V8/147/s1_dem/147_02_MK0_MNA_20151210_cog.tif,s1_dem,147,bilinear,256,DEFLATE,ok,gdal_translate COG 成功,2026-05-21T20:47:59.605575
/home/NAS/homes/chunen-10029/bigdata/final/kurosiwo_S1_DEM/147/147_02_MK0_SLOPE_20151210.tif,/home/chunen/nas/bigdata/final/kurosiwo_S1_DEM/147/147_02_MK0_SLOPE_20151210.tif,KuroSiwo_COG_V8/147/s1_dem/147_02_MK0_SLOPE_20151210_cog.tif,s1_dem,147,bilinear,256,DEFLATE,ok,gdal_translate COG 成功,2026-05-21T20:48:00.939476
/home/NAS/homes/chunen-10029/bigdata/final/kurosiwo_S1_DEM/147/147_02_MS1_IVH_20151210.tif,/home/chunen/nas/bigdata/final/kurosiwo_S1_DEM/147/147_02_MS1_IVH_20151210.tif,KuroSiwo_COG_V8/147/s1_dem/147_02_MS1_IVH_20151210_cog.tif,s1_dem,147,bilinear,256,DEFLATE,ok,gdal_translate COG 成功,2026-05-21T20:48:02.676887
/home/NAS/homes/chunen-10029/bigdata/final/kurosiwo_S1_DEM/147/147_02_MS1_IVV_20151210.tif,/home/chunen/nas/bigdata/final/kurosiwo_S1_DEM/147/147_02_MS1_IVV_20151210.tif,KuroSiwo_COG_V8/147/s1_dem/147_02_MS1_IVV_20151210_cog.tif,s1_dem,147,bilinear,256,DEFLATE,ok,gdal_translate COG 成功,2026-05-21T20:48:05.335950
/home/NAS/homes/chunen-10029/bigdata/final/kurosiwo_S1_DEM/147/147_02_SL1_IVH_20150625.tif,/home/chunen/nas/bigdata/final/kurosiwo_S1_DEM/147/147_02_SL1_IVH_20150625.tif,KuroSiwo_COG_V8/147/s1_dem/147_02_SL1_IVH_20150625_cog.tif,s1_dem,147,bilinear,256,DEFLATE,ok,gdal_translate COG 成功,2026-05-21T20:48:07.039428
/home/NAS/homes/chunen-10029/bigdata/final/kurosiwo_S1_DEM/147/147_02_SL1_IVV_20150625.tif,/home/chunen/nas/bigdata/final/kurosiwo_S1_DEM/147/147_02_SL1_IVV_20150625.tif,KuroSiwo_COG_V8/147/s1_dem/147_02_SL1_IVV_20150625_cog.tif,s1_dem,147,bilinear,256,DEFLATE,ok,gdal_translate COG 成功,2026-05-21T20:48:08.743194
/home/NAS/homes/chunen-10029/bigdata/final/kurosiwo_S1_DEM/147/147_02_SL2_IVH_20150613.tif,/home/chunen/nas/bigdata/final/kurosiwo_S1_DEM/147/147_02_SL2_IVH_20150613.tif,KuroSiwo_COG_V8/147/s1_dem/147_02_SL2_IVH_20150613_cog.tif,s1_dem,147,bilinear,256,DEFLATE,ok,gdal_translate COG 成功,2026-05-21T20:48:10.164435
/home/NAS/homes/chunen-10029/bigdata/final/kurosiwo_S1_DEM/147/147_02_SL2_IVV_20150613.tif,/home/chunen/nas/bigdata/final/kurosiwo_S1_DEM/147/147_02_SL2_IVV_20150613.tif,KuroSiwo_COG_V8/147/s1_dem/147_02_SL2_IVV_20150613_cog.tif,s1_dem,147,bilinear,256,DEFLATE,ok,gdal_translate COG 成功,2026-05-21T20:48:11.778196
/home/NAS/homes/chunen-10029/bigdata/final/kurosiwo_S1_DEM/147/147_03_MK0_DEM_20151210.tif,/home/chunen/nas/bigdata/final/kurosiwo_S1_DEM/147/147_03_MK0_DEM_20151210.tif,KuroSiwo_COG_V8/147/dem/147_03_MK0_DEM_20151210_cog.tif,dem,147,bilinear,256,DEFLATE,ok,gdal_translate COG 成功,2026-05-21T20:48:14.522183
/home/NAS/homes/chunen-10029/bigdata/final/kurosiwo_S1_DEM/147/147_03_MK0_MLU_20151210.tif,/home/chunen/nas/bigdata/final/kurosiwo_S1_DEM/147/147_03_MK0_MLU_20151210.tif,KuroSiwo_COG_V8/147/lulc/147_03_MK0_MLU_20151210_cog.tif,lulc,147,nearest,256,DEFLATE,ok,gdal_translate COG 成功,2026-05-21T20:48:14.791709
/home/NAS/homes/chunen-10029/bigdata/final/kurosiwo_S1_DEM/147/147_03_MK0_MNA_20151210.tif,/home/chunen/nas/bigdata/final/kurosiwo_S1_DEM/147/147_03_MK0_MNA_20151210.tif,KuroSiwo_COG_V8/147/s1_dem/147_03_MK0_MNA_20151210_cog.tif,s1_dem,147,bilinear,256,DEFLATE,ok,gdal_translate COG 成功,2026-05-21T20:48:15.154038
/home/NAS/homes/chunen-10029/bigdata/final/kurosiwo_S1_DEM/147/147_03_MK0_SLOPE_20151210.tif,/home/chunen/nas/bigdata/final/kurosiwo_S1_DEM/147/147_03_MK0_SLOPE_20151210.tif,KuroSiwo_COG_V8/147/s1_dem/147_03_MK0_SLOPE_20151210_cog.tif,s1_dem,147,bilinear,256,DEFLATE,ok,gdal_translate COG 成功,2026-05-21T20:48:17.399618
/home/NAS/homes/chunen-10029/bigdata/final/kurosiwo_S1_DEM/147/147_03_MS1_IVH_20151210.tif,/home/chunen/nas/bigdata/final/kurosiwo_S1_DEM/147/147_03_MS1_IVH_20151210.tif,KuroSiwo_COG_V8/147/s1_dem/147_03_MS1_IVH_20151210_cog.tif,s1_dem,147,bilinear,256,DEFLATE,ok,gdal_translate COG 成功,2026-05-21T20:48:20.056316
/home/NAS/homes/chunen-10029/bigdata/final/kurosiwo_S1_DEM/147/147_03_MS1_IVV_20151210.tif,/home/chunen/nas/bigdata/final/kurosiwo_S1_DEM/147/147_03_MS1_IVV_20151210.tif,KuroSiwo_COG_V8/147/s1_dem/147_03_MS1_IVV_20151210_cog.tif,s1_dem,147,bilinear,256,DEFLATE,ok,gdal_translate COG 成功,2026-05-21T20:48:22.697532
/home/NAS/homes/chunen-10029/bigdata/final/kurosiwo_S1_DEM/147/147_03_SL1_IVH_20150625.tif,/home/chunen/nas/bigdata/final/kurosiwo_S1_DEM/147/147_03_SL1_IVH_20150625.tif,KuroSiwo_COG_V8/147/s1_dem/147_03_SL1_IVH_20150625_cog.tif,s1_dem,147,bilinear,256,DEFLATE,ok,gdal_translate COG 成功,2026-05-21T20:48:25.165591
/home/NAS/homes/chunen-10029/bigdata/final/kurosiwo_S1_DEM/147/147_03_SL1_IVV_20150625.tif,/home/chunen/nas/bigdata/final/kurosiwo_S1_DEM/147/147_03_SL1_IVV_20150625.tif,KuroSiwo_COG_V8/147/s1_dem/147_03_SL1_IVV_20150625_cog.tif,s1_dem,147,bilinear,256,DEFLATE,ok,gdal_translate COG 成功,2026-05-21T20:48:27.753978
/home/NAS/homes/chunen-10029/bigdata/final/kurosiwo_S1_DEM/147/147_03_SL2_IVH_20150613.tif,/home/chunen/nas/bigdata/final/kurosiwo_S1_DEM/147/147_03_SL2_IVH_20150613.tif,KuroSiwo_COG_V8/147/s1_dem/147_03_SL2_IVH_20150613_cog.tif,s1_dem,147,bilinear,256,DEFLATE,ok,gdal_translate COG 成功,2026-05-21T20:48:31.118288
/home/NAS/homes/chunen-10029/bigdata/final/kurosiwo_S1_DEM/147/147_03_SL2_IVV_20150613.tif,/home/chunen/nas/bigdata/final/kurosiwo_S1_DEM/147/147_03_SL2_IVV_20150613.tif,KuroSiwo_COG_V8/147/s1_dem/147_03_SL2_IVV_20150613_cog.tif,s1_dem,147,bilinear,256,DEFLATE,ok,gdal_translate COG 成功,2026-05-21T20:48:33.465826
/home/NAS/homes/chunen-10029/bigdata/final/kurosiwo_S1_DEM/174/174_01_MK0_DEM_20160807.tif,/home/chunen/nas/bigdata/final/kurosiwo_S1_DEM/174/174_01_MK0_DEM_20160807.tif,KuroSiwo_COG_V8/174/dem/174_01_MK0_DEM_20160807_cog.tif,dem,174,bilinear,256,DEFLATE,ok,gdal_translate COG 成功,2026-05-21T20:48:34.016053
/home/NAS/homes/chunen-10029/bigdata/final/kurosiwo_S1_DEM/174/174_01_MK0_MLU_20160807.tif,/home/chunen/nas/bigdata/final/kurosiwo_S1_DEM/174/174_01_MK0_MLU_20160807.tif,KuroSiwo_COG_V8/174/lulc/174_01_MK0_MLU_20160807_cog.tif,lulc,174,nearest,256,DEFLATE,ok,gdal_translate COG 成功,2026-05-21T20:48:34.176360
/home/NAS/homes/chunen-10029/bigdata/final/kurosiwo_S1_DEM/174/174_01_MK0_MNA_20160807.tif,/home/chunen/nas/bigdata/final/kurosiwo_S1_DEM/174/174_01_MK0_MNA_20160807.tif,KuroSiwo_COG_V8/174/s1_dem/174_01_MK0_MNA_20160807_cog.tif,s1_dem,174,bilinear,256,DEFLATE,ok,gdal_translate COG 成功,2026-05-21T20:48:34.320595
/home/NAS/homes/chunen-10029/bigdata/final/kurosiwo_S1_DEM/174/174_01_MK0_SLOPE_20160807.tif,/home/chunen/nas/bigdata/final/kurosiwo_S1_DEM/174/174_01_MK0_SLOPE_20160807.tif,KuroSiwo_COG_V8/174/s1_dem/174_01_MK0_SLOPE_20160807_cog.tif,s1_dem,174,bilinear,256,DEFLATE,ok,gdal_translate COG 成功,2026-05-21T20:48:34.921119
/home/NAS/homes/chunen-10029/bigdata/final/kurosiwo_S1_DEM/174/174_01_MS1_IVH_20160807.tif,/home/chunen/nas/bigdata/final/kurosiwo_S1_DEM/174/174_01_MS1_IVH_20160807.tif,KuroSiwo_COG_V8/174/s1_dem/174_01_MS1_IVH_20160807_cog.tif,s1_dem,174,bilinear,256,DEFLATE,ok,gdal_translate COG 成功,2026-05-21T20:48:35.472575
/home/NAS/homes/chunen-10029/bigdata/final/kurosiwo_S1_DEM/174/174_01_MS1_IVV_20160807.tif,/home/chunen/nas/bigdata/final/kurosiwo_S1_DEM/174/174_01_MS1_IVV_20160807.tif,KuroSiwo_COG_V8/174/s1_dem/174_01_MS1_IVV_20160807_cog.tif,s1_dem,174,bilinear,256,DEFLATE,ok,gdal_translate COG 成功,2026-05-21T20:48:35.976885
/home/NAS/homes/chunen-10029/bigdata/final/kurosiwo_S1_DEM/174/174_01_SL1_IVH_20150813.tif,/home/chunen/nas/bigdata/final/kurosiwo_S1_DEM/174/174_01_SL1_IVH_20150813.tif,KuroSiwo_COG_V8/174/s1_dem/174_01_SL1_IVH_20150813_cog.tif,s1_dem,174,bilinear,256,DEFLATE,ok,gdal_translate COG 成功,2026-05-21T20:48:36.684833
/home/NAS/homes/chunen-10029/bigdata/final/kurosiwo_S1_DEM/174/174_01_SL1_IVV_20150813.tif,/home/chunen/nas/bigdata/final/kurosiwo_S1_DEM/174/174_01_SL1_IVV_20150813.tif,KuroSiwo_COG_V8/174/s1_dem/174_01_SL1_IVV_20150813_cog.tif,s1_dem,174,bilinear,256,DEFLATE,ok,gdal_translate COG 成功,2026-05-21T20:48:37.420690
/home/NAS/homes/chunen-10029/bigdata/final/kurosiwo_S1_DEM/174/174_01_SL2_IVH_20150720.tif,/home/chunen/nas/bigdata/final/kurosiwo_S1_DEM/174/174_01_SL2_IVH_20150720.tif,KuroSiwo_COG_V8/174/s1_dem/174_01_SL2_IVH_20150720_cog.tif,s1_dem,174,bilinear,256,DEFLATE,ok,gdal_translate COG 成功,2026-05-21T20:48:38.051876
/home/NAS/homes/chunen-10029/bigdata/final/kurosiwo_S1_DEM/174/174_01_SL2_IVV_20150720.tif,/home/chunen/nas/bigdata/final/kurosiwo_S1_DEM/174/174_01_SL2_IVV_20150720.tif,KuroSiwo_COG_V8/174/s1_dem/174_01_SL2_IVV_20150720_cog.tif,s1_dem,174,bilinear,256,DEFLATE,ok,gdal_translate COG 成功,2026-05-21T20:48:38.537291
/home/NAS/homes/chunen-10029/bigdata/final/kurosiwo_S1_DEM/205/205_01_MK0_DEM_20170530.tif,/home/chunen/nas/bigdata/final/kurosiwo_S1_DEM/205/205_01_MK0_DEM_20170530.tif,KuroSiwo_COG_V8/205/dem/205_01_MK0_DEM_20170530_cog.tif,dem,205,bilinear,256,DEFLATE,ok,gdal_translate COG 成功,2026-05-21T20:48:38.896885
/home/NAS/homes/chunen-10029/bigdata/final/kurosiwo_S1_DEM/205/205_01_MK0_MLU_20170530.tif,/home/chunen/nas/bigdata/final/kurosiwo_S1_DEM/205/205_01_MK0_MLU_20170530.tif,KuroSiwo_COG_V8/205/lulc/205_01_MK0_MLU_20170530_cog.tif,lulc,205,nearest,256,DEFLATE,ok,gdal_translate COG 成功,2026-05-21T20:48:39.018347
/home/NAS/homes/chunen-10029/bigdata/final/kurosiwo_S1_DEM/205/205_01_MK0_MNA_20170530.tif,/home/chunen/nas/bigdata/final/kurosiwo_S1_DEM/205/205_01_MK0_MNA_20170530.tif,KuroSiwo_COG_V8/205/s1_dem/205_01_MK0_MNA_20170530_cog.tif,s1_dem,205,bilinear,256,DEFLATE,ok,gdal_translate COG 成功,2026-05-21T20:48:39.140657
/home/NAS/homes/chunen-10029/bigdata/final/kurosiwo_S1_DEM/205/205_01_MK0_SLOPE_20170530.tif,/home/chunen/nas/bigdata/final/kurosiwo_S1_DEM/205/205_01_MK0_SLOPE_20170530.tif,KuroSiwo_COG_V8/205/s1_dem/205_01_MK0_SLOPE_20170530_cog.tif,s1_dem,205,bilinear,256,DEFLATE,ok,gdal_translate COG 成功,2026-05-21T20:48:39.547312
/home/NAS/homes/chunen-10029/bigdata/final/kurosiwo_S1_DEM/205/205_01_MS1_IVH_20170530.tif,/home/chunen/nas/bigdata/final/kurosiwo_S1_DEM/205/205_01_MS1_IVH_20170530.tif,KuroSiwo_COG_V8/205/s1_dem/205_01_MS1_IVH_20170530_cog.tif,s1_dem,205,bilinear,256,DEFLATE,ok,gdal_translate COG 成功,2026-05-21T20:48:39.918088
/home/NAS/homes/chunen-10029/bigdata/final/kurosiwo_S1_DEM/205/205_01_MS1_IVV_20170530.tif,/home/chunen/nas/bigdata/final/kurosiwo_S1_DEM/205/205_01_MS1_IVV_20170530.tif,KuroSiwo_COG_V8/205/s1_dem/205_01_MS1_IVV_20170530_cog.tif,s1_dem,205,bilinear,256,DEFLATE,ok,gdal_translate COG 成功,2026-05-21T20:48:40.230230
/home/NAS/homes/chunen-10029/bigdata/final/kurosiwo_S1_DEM/205/205_01_SL1_IVH_20170124.tif,/home/chunen/nas/bigdata/final/kurosiwo_S1_DEM/205/205_01_SL1_IVH_20170124.tif,KuroSiwo_COG_V8/205/s1_dem/205_01_SL1_IVH_20170124_cog.tif,s1_dem,205,bilinear,256,DEFLATE,ok,gdal_translate COG 成功,2026-05-21T20:48:40.588911
/home/NAS/homes/chunen-10029/bigdata/final/kurosiwo_S1_DEM/205/205_01_SL1_IVV_20170124.tif,/home/chunen/nas/bigdata/final/kurosiwo_S1_DEM/205/205_01_SL1_IVV_20170124.tif,KuroSiwo_COG_V8/205/s1_dem/205_01_SL1_IVV_20170124_cog.tif,s1_dem,205,bilinear,256,DEFLATE,ok,gdal_translate COG 成功,2026-05-21T20:48:40.936094
/home/NAS/homes/chunen-10029/bigdata/final/kurosiwo_S1_DEM/205/205_01_SL2_IVH_20170112.tif,/home/chunen/nas/bigdata/final/kurosiwo_S1_DEM/205/205_01_SL2_IVH_20170112.tif,KuroSiwo_COG_V8/205/s1_dem/205_01_SL2_IVH_20170112_cog.tif,s1_dem,205,bilinear,256,DEFLATE,ok,gdal_translate COG 成功,2026-05-21T20:48:41.283799
/home/NAS/homes/chunen-10029/bigdata/final/kurosiwo_S1_DEM/205/205_01_SL2_IVV_20170112.tif,/home/chunen/nas/bigdata/final/kurosiwo_S1_DEM/205/205_01_SL2_IVV_20170112.tif,KuroSiwo_COG_V8/205/s1_dem/205_01_SL2_IVV_20170112_cog.tif,s1_dem,205,bilinear,256,DEFLATE,ok,gdal_translate COG 成功,2026-05-21T20:48:41.621081
/home/NAS/homes/chunen-10029/bigdata/final/kurosiwo_S1_DEM/205/205_03_MK0_DEM_20170530.tif,/home/chunen/nas/bigdata/final/kurosiwo_S1_DEM/205/205_03_MK0_DEM_20170530.tif,KuroSiwo_COG_V8/205/dem/205_03_MK0_DEM_20170530_cog.tif,dem,205,bilinear,256,DEFLATE,ok,gdal_translate COG 成功,2026-05-21T20:48:41.977278
/home/NAS/homes/chunen-10029/bigdata/final/kurosiwo_S1_DEM/205/205_03_MK0_MLU_20170530.tif,/home/chunen/nas/bigdata/final/kurosiwo_S1_DEM/205/205_03_MK0_MLU_20170530.tif,KuroSiwo_COG_V8/205/lulc/205_03_MK0_MLU_20170530_cog.tif,lulc,205,nearest,256,DEFLATE,ok,gdal_translate COG 成功,2026-05-21T20:48:42.099753
/home/NAS/homes/chunen-10029/bigdata/final/kurosiwo_S1_DEM/205/205_03_MK0_MNA_20170530.tif,/home/chunen/nas/bigdata/final/kurosiwo_S1_DEM/205/205_03_MK0_MNA_20170530.tif,KuroSiwo_COG_V8/205/s1_dem/205_03_MK0_MNA_20170530_cog.tif,s1_dem,205,bilinear,256,DEFLATE,ok,gdal_translate COG 成功,2026-05-21T20:48:42.225978
/home/NAS/homes/chunen-10029/bigdata/final/kurosiwo_S1_DEM/205/205_03_MK0_SLOPE_20170530.tif,/home/chunen/nas/bigdata/final/kurosiwo_S1_DEM/205/205_03_MK0_SLOPE_20170530.tif,KuroSiwo_COG_V8/205/s1_dem/205_03_MK0_SLOPE_20170530_cog.tif,s1_dem,205,bilinear,256,DEFLATE,ok,gdal_translate COG 成功,2026-05-21T20:48:42.707699
/home/NAS/homes/chunen-10029/bigdata/final/kurosiwo_S1_DEM/205/205_03_MS1_IVH_20170530.tif,/home/chunen/nas/bigdata/final/kurosiwo_S1_DEM/205/205_03_MS1_IVH_20170530.tif,KuroSiwo_COG_V8/205/s1_dem/205_03_MS1_IVH_20170530_cog.tif,s1_dem,205,bilinear,256,DEFLATE,ok,gdal_translate COG 成功,2026-05-21T20:48:43.116603
/home/NAS/homes/chunen-10029/bigdata/final/kurosiwo_S1_DEM/205/205_03_MS1_IVV_20170530.tif,/home/chunen/nas/bigdata/final/kurosiwo_S1_DEM/205/205_03_MS1_IVV_20170530.tif,KuroSiwo_COG_V8/205/s1_dem/205_03_MS1_IVV_20170530_cog.tif,s1_dem,205,bilinear,256,DEFLATE,ok,gdal_translate COG 成功,2026-05-21T20:48:43.490572
/home/NAS/homes/chunen-10029/bigdata/final/kurosiwo_S1_DEM/205/205_03_SL1_IVH_20170124.tif,/home/chunen/nas/bigdata/final/kurosiwo_S1_DEM/205/205_03_SL1_IVH_20170124.tif,KuroSiwo_COG_V8/205/s1_dem/205_03_SL1_IVH_20170124_cog.tif,s1_dem,205,bilinear,256,DEFLATE,ok,gdal_translate COG 成功,2026-05-21T20:48:43.833774
/home/NAS/homes/chunen-10029/bigdata/final/kurosiwo_S1_DEM/205/205_03_SL1_IVV_20170124.tif,/home/chunen/nas/bigdata/final/kurosiwo_S1_DEM/205/205_03_SL1_IVV_20170124.tif,KuroSiwo_COG_V8/205/s1_dem/205_03_SL1_IVV_20170124_cog.tif,s1_dem,205,bilinear,256,DEFLATE,ok,gdal_translate COG 成功,2026-05-21T20:48:44.471626
/home/NAS/homes/chunen-10029/bigdata/final/kurosiwo_S1_DEM/205/205_03_SL2_IVH_20170112.tif,/home/chunen/nas/bigdata/final/kurosiwo_S1_DEM/205/205_03_SL2_IVH_20170112.tif,KuroSiwo_COG_V8/205/s1_dem/205_03_SL2_IVH_20170112_cog.tif,s1_dem,205,bilinear,256,DEFLATE,ok,gdal_translate COG 成功,2026-05-21T20:48:44.908982
/home/NAS/homes/chunen-10029/bigdata/final/kurosiwo_S1_DEM/205/205_03_SL2_IVV_20170112.tif,/home/chunen/nas/bigdata/final/kurosiwo_S1_DEM/205/205_03_SL2_IVV_20170112.tif,KuroSiwo_COG_V8/205/s1_dem/205_03_SL2_IVV_20170112_cog.tif,s1_dem,205,bilinear,256,DEFLATE,ok,gdal_translate COG 成功,2026-05-21T20:48:45.426452
/home/NAS/homes/chunen-10029/bigdata/final/kurosiwo_S1_DEM/205/205_04_MK0_DEM_20170530.tif,/home/chunen/nas/bigdata/final/kurosiwo_S1_DEM/205/205_04_MK0_DEM_20170530.tif,KuroSiwo_COG_V8/205/dem/205_04_MK0_DEM_20170530_cog.tif,dem,205,bilinear,256,DEFLATE,ok,gdal_translate COG 成功,2026-05-21T20:48:45.945107
/home/NAS/homes/chunen-10029/bigdata/final/kurosiwo_S1_DEM/205/205_04_MK0_MLU_20170530.tif,/home/chunen/nas/bigdata/final/kurosiwo_S1_DEM/205/205_04_MK0_MLU_20170530.tif,KuroSiwo_COG_V8/205/lulc/205_04_MK0_MLU_20170530_cog.tif,lulc,205,nearest,256,DEFLATE,ok,gdal_translate COG 成功,2026-05-21T20:48:46.084389
/home/NAS/homes/chunen-10029/bigdata/final/kurosiwo_S1_DEM/205/205_04_MK0_MNA_20170530.tif,/home/chunen/nas/bigdata/final/kurosiwo_S1_DEM/205/205_04_MK0_MNA_20170530.tif,KuroSiwo_COG_V8/205/s1_dem/205_04_MK0_MNA_20170530_cog.tif,s1_dem,205,bilinear,256,DEFLATE,ok,gdal_translate COG 成功,2026-05-21T20:48:46.202328
/home/NAS/homes/chunen-10029/bigdata/final/kurosiwo_S1_DEM/205/205_04_MK0_SLOPE_20170530.tif,/home/chunen/nas/bigdata/final/kurosiwo_S1_DEM/205/205_04_MK0_SLOPE_20170530.tif,KuroSiwo_COG_V8/205/s1_dem/205_04_MK0_SLOPE_20170530_cog.tif,s1_dem,205,bilinear,256,DEFLATE,ok,gdal_translate COG 成功,2026-05-21T20:48:46.662743
/home/NAS/homes/chunen-10029/bigdata/final/kurosiwo_S1_DEM/205/205_04_MS1_IVH_20170530.tif,/home/chunen/nas/bigdata/final/kurosiwo_S1_DEM/205/205_04_MS1_IVH_20170530.tif,KuroSiwo_COG_V8/205/s1_dem/205_04_MS1_IVH_20170530_cog.tif,s1_dem,205,bilinear,256,DEFLATE,ok,gdal_translate COG 成功,2026-05-21T20:48:47.017046
/home/NAS/homes/chunen-10029/bigdata/final/kurosiwo_S1_DEM/205/205_04_MS1_IVV_20170530.tif,/home/chunen/nas/bigdata/final/kurosiwo_S1_DEM/205/205_04_MS1_IVV_20170530.tif,KuroSiwo_COG_V8/205/s1_dem/205_04_MS1_IVV_20170530_cog.tif,s1_dem,205,bilinear,256,DEFLATE,ok,gdal_translate COG 成功,2026-05-21T20:48:47.350946
/home/NAS/homes/chunen-10029/bigdata/final/kurosiwo_S1_DEM/205/205_04_SL1_IVH_20170124.tif,/home/chunen/nas/bigdata/final/kurosiwo_S1_DEM/205/205_04_SL1_IVH_20170124.tif,KuroSiwo_COG_V8/205/s1_dem/205_04_SL1_IVH_20170124_cog.tif,s1_dem,205,bilinear,256,DEFLATE,ok,gdal_translate COG 成功,2026-05-21T20:48:47.700419
/home/NAS/homes/chunen-10029/bigdata/final/kurosiwo_S1_DEM/205/205_04_SL1_IVV_20170124.tif,/home/chunen/nas/bigdata/final/kurosiwo_S1_DEM/205/205_04_SL1_IVV_20170124.tif,KuroSiwo_COG_V8/205/s1_dem/205_04_SL1_IVV_20170124_cog.tif,s1_dem,205,bilinear,256,DEFLATE,ok,gdal_translate COG 成功,2026-05-21T20:48:48.003679
/home/NAS/homes/chunen-10029/bigdata/final/kurosiwo_S1_DEM/205/205_04_SL2_IVH_20170112.tif,/home/chunen/nas/bigdata/final/kurosiwo_S1_DEM/205/205_04_SL2_IVH_20170112.tif,KuroSiwo_COG_V8/205/s1_dem/205_04_SL2_IVH_20170112_cog.tif,s1_dem,205,bilinear,256,DEFLATE,ok,gdal_translate COG 成功,2026-05-21T20:48:48.330689
/home/NAS/homes/chunen-10029/bigdata/final/kurosiwo_S1_DEM/205/205_04_SL2_IVV_20170112.tif,/home/chunen/nas/bigdata/final/kurosiwo_S1_DEM/205/205_04_SL2_IVV_20170112.tif,KuroSiwo_COG_V8/205/s1_dem/205_04_SL2_IVV_20170112_cog.tif,s1_dem,205,bilinear,256,DEFLATE,ok,gdal_translate COG 成功,2026-05-21T20:48:48.704997
/home/NAS/homes/chunen-10029/bigdata/final/kurosiwo_S1_DEM/205/205_05_MK0_DEM_20170530.tif,/home/chunen/nas/bigdata/final/kurosiwo_S1_DEM/205/205_05_MK0_DEM_20170530.tif,KuroSiwo_COG_V8/205/dem/205_05_MK0_DEM_20170530_cog.tif,dem,205,bilinear,256,DEFLATE,ok,gdal_translate COG 成功,2026-05-21T20:48:49.070760
/home/NAS/homes/chunen-10029/bigdata/final/kurosiwo_S1_DEM/205/205_05_MK0_MLU_20170530.tif,/home/chunen/nas/bigdata/final/kurosiwo_S1_DEM/205/205_05_MK0_MLU_20170530.tif,KuroSiwo_COG_V8/205/lulc/205_05_MK0_MLU_20170530_cog.tif,lulc,205,nearest,256,DEFLATE,ok,gdal_translate COG 成功,2026-05-21T20:48:49.227895
/home/NAS/homes/chunen-10029/bigdata/final/kurosiwo_S1_DEM/205/205_05_MK0_MNA_20170530.tif,/home/chunen/nas/bigdata/final/kurosiwo_S1_DEM/205/205_05_MK0_MNA_20170530.tif,KuroSiwo_COG_V8/205/s1_dem/205_05_MK0_MNA_20170530_cog.tif,s1_dem,205,bilinear,256,DEFLATE,ok,gdal_translate COG 成功,2026-05-21T20:48:49.379823
/home/NAS/homes/chunen-10029/bigdata/final/kurosiwo_S1_DEM/205/205_05_MK0_SLOPE_20170530.tif,/home/chunen/nas/bigdata/final/kurosiwo_S1_DEM/205/205_05_MK0_SLOPE_20170530.tif,KuroSiwo_COG_V8/205/s1_dem/205_05_MK0_SLOPE_20170530_cog.tif,s1_dem,205,bilinear,256,DEFLATE,ok,gdal_translate COG 成功,2026-05-21T20:48:50.465887
/home/NAS/homes/chunen-10029/bigdata/final/kurosiwo_S1_DEM/205/205_05_MS1_IVH_20170530.tif,/home/chunen/nas/bigdata/final/kurosiwo_S1_DEM/205/205_05_MS1_IVH_20170530.tif,KuroSiwo_COG_V8/205/s1_dem/205_05_MS1_IVH_20170530_cog.tif,s1_dem,205,bilinear,256,DEFLATE,ok,gdal_translate COG 成功,2026-05-21T20:48:50.813551
/home/NAS/homes/chunen-10029/bigdata/final/kurosiwo_S1_DEM/205/205_05_MS1_IVV_20170530.tif,/home/chunen/nas/bigdata/final/kurosiwo_S1_DEM/205/205_05_MS1_IVV_20170530.tif,KuroSiwo_COG_V8/205/s1_dem/205_05_MS1_IVV_20170530_cog.tif,s1_dem,205,bilinear,256,DEFLATE,ok,gdal_translate COG 成功,2026-05-21T20:48:51.167618
/home/NAS/homes/chunen-10029/bigdata/final/kurosiwo_S1_DEM/205/205_05_SL1_IVH_20170124.tif,/home/chunen/nas/bigdata/final/kurosiwo_S1_DEM/205/205_05_SL1_IVH_20170124.tif,KuroSiwo_COG_V8/205/s1_dem/205_05_SL1_IVH_20170124_cog.tif,s1_dem,205,bilinear,256,DEFLATE,ok,gdal_translate COG 成功,2026-05-21T20:48:51.489092
/home/NAS/homes/chunen-10029/bigdata/final/kurosiwo_S1_DEM/205/205_05_SL1_IVV_20170124.tif,/home/chunen/nas/bigdata/final/kurosiwo_S1_DEM/205/205_05_SL1_IVV_20170124.tif,KuroSiwo_COG_V8/205/s1_dem/205_05_SL1_IVV_20170124_cog.tif,s1_dem,205,bilinear,256,DEFLATE,ok,gdal_translate COG 成功,2026-05-21T20:48:51.798205
/home/NAS/homes/chunen-10029/bigdata/final/kurosiwo_S1_DEM/205/205_05_SL2_IVH_20170112.tif,/home/chunen/nas/bigdata/final/kurosiwo_S1_DEM/205/205_05_SL2_IVH_20170112.tif,KuroSiwo_COG_V8/205/s1_dem/205_05_SL2_IVH_20170112_cog.tif,s1_dem,205,bilinear,256,DEFLATE,ok,gdal_translate COG 成功,2026-05-21T20:48:52.130543
/home/NAS/homes/chunen-10029/bigdata/final/kurosiwo_S1_DEM/205/205_05_SL2_IVV_20170112.tif,/home/chunen/nas/bigdata/final/kurosiwo_S1_DEM/205/205_05_SL2_IVV_20170112.tif,KuroSiwo_COG_V8/205/s1_dem/205_05_SL2_IVV_20170112_cog.tif,s1_dem,205,bilinear,256,DEFLATE,ok,gdal_translate COG 成功,2026-05-21T20:48:52.473423
/home/NAS/homes/chunen-10029/bigdata/final/kurosiwo_S1_DEM/267/267_01_MK0_DEM_20180202.tif,/home/chunen/nas/bigdata/final/kurosiwo_S1_DEM/267/267_01_MK0_DEM_20180202.tif,KuroSiwo_COG_V8/267/dem/267_01_MK0_DEM_20180202_cog.tif,dem,267,bilinear,256,DEFLATE,ok,gdal_translate COG 成功,2026-05-21T20:48:53.455416
/home/NAS/homes/chunen-10029/bigdata/final/kurosiwo_S1_DEM/267/267_01_MK0_MLU_20180202.tif,/home/chunen/nas/bigdata/final/kurosiwo_S1_DEM/267/267_01_MK0_MLU_20180202.tif,KuroSiwo_COG_V8/267/lulc/267_01_MK0_MLU_20180202_cog.tif,lulc,267,nearest,256,DEFLATE,ok,gdal_translate COG 成功,2026-05-21T20:48:53.781205
/home/NAS/homes/chunen-10029/bigdata/final/kurosiwo_S1_DEM/267/267_01_MK0_MNA_20180202.tif,/home/chunen/nas/bigdata/final/kurosiwo_S1_DEM/267/267_01_MK0_MNA_20180202.tif,KuroSiwo_COG_V8/267/s1_dem/267_01_MK0_MNA_20180202_cog.tif,s1_dem,267,bilinear,256,DEFLATE,ok,gdal_translate COG 成功,2026-05-21T20:48:53.988103
/home/NAS/homes/chunen-10029/bigdata/final/kurosiwo_S1_DEM/267/267_01_MK0_SLOPE_20180202.tif,/home/chunen/nas/bigdata/final/kurosiwo_S1_DEM/267/267_01_MK0_SLOPE_20180202.tif,KuroSiwo_COG_V8/267/s1_dem/267_01_MK0_SLOPE_20180202_cog.tif,s1_dem,267,bilinear,256,DEFLATE,ok,gdal_translate COG 成功,2026-05-21T20:48:55.021177
/home/NAS/homes/chunen-10029/bigdata/final/kurosiwo_S1_DEM/267/267_01_MS1_IVH_20180202.tif,/home/chunen/nas/bigdata/final/kurosiwo_S1_DEM/267/267_01_MS1_IVH_20180202.tif,KuroSiwo_COG_V8/267/s1_dem/267_01_MS1_IVH_20180202_cog.tif,s1_dem,267,bilinear,256,DEFLATE,ok,gdal_translate COG 成功,2026-05-21T20:48:56.599987
/home/NAS/homes/chunen-10029/bigdata/final/kurosiwo_S1_DEM/267/267_01_MS1_IVV_20180202.tif,/home/chunen/nas/bigdata/final/kurosiwo_S1_DEM/267/267_01_MS1_IVV_20180202.tif,KuroSiwo_COG_V8/267/s1_dem/267_01_MS1_IVV_20180202_cog.tif,s1_dem,267,bilinear,256,DEFLATE,ok,gdal_translate COG 成功,2026-05-21T20:48:58.715475
/home/NAS/homes/chunen-10029/bigdata/final/kurosiwo_S1_DEM/267/267_01_SL1_IVH_20170830.tif,/home/chunen/nas/bigdata/final/kurosiwo_S1_DEM/267/267_01_SL1_IVH_20170830.tif,KuroSiwo_COG_V8/267/s1_dem/267_01_SL1_IVH_20170830_cog.tif,s1_dem,267,bilinear,256,DEFLATE,ok,gdal_translate COG 成功,2026-05-21T20:49:00.242849
/home/NAS/homes/chunen-10029/bigdata/final/kurosiwo_S1_DEM/267/267_01_SL1_IVV_20170830.tif,/home/chunen/nas/bigdata/final/kurosiwo_S1_DEM/267/267_01_SL1_IVV_20170830.tif,KuroSiwo_COG_V8/267/s1_dem/267_01_SL1_IVV_20170830_cog.tif,s1_dem,267,bilinear,256,DEFLATE,ok,gdal_translate COG 成功,2026-05-21T20:49:01.983607
/home/NAS/homes/chunen-10029/bigdata/final/kurosiwo_S1_DEM/267/267_01_SL2_IVH_20170725.tif,/home/chunen/nas/bigdata/final/kurosiwo_S1_DEM/267/267_01_SL2_IVH_20170725.tif,KuroSiwo_COG_V8/267/s1_dem/267_01_SL2_IVH_20170725_cog.tif,s1_dem,267,bilinear,256,DEFLATE,ok,gdal_translate COG 成功,2026-05-21T20:49:03.502867
/home/NAS/homes/chunen-10029/bigdata/final/kurosiwo_S1_DEM/267/267_01_SL2_IVV_20170725.tif,/home/chunen/nas/bigdata/final/kurosiwo_S1_DEM/267/267_01_SL2_IVV_20170725.tif,KuroSiwo_COG_V8/267/s1_dem/267_01_SL2_IVV_20170725_cog.tif,s1_dem,267,bilinear,256,DEFLATE,ok,gdal_translate COG 成功,2026-05-21T20:49:06.045827
/home/NAS/homes/chunen-10029/bigdata/final/kurosiwo_S1_DEM/273/273_02_MK0_DEM_20180311.tif,/home/chunen/nas/bigdata/final/kurosiwo_S1_DEM/273/273_02_MK0_DEM_20180311.tif,KuroSiwo_COG_V8/273/dem/273_02_MK0_DEM_20180311_cog.tif,dem,273,bilinear,256,DEFLATE,ok,gdal_translate COG 成功,2026-05-21T20:49:06.471123
/home/NAS/homes/chunen-10029/bigdata/final/kurosiwo_S1_DEM/273/273_02_MK0_MLU_20180311.tif,/home/chunen/nas/bigdata/final/kurosiwo_S1_DEM/273/273_02_MK0_MLU_20180311.tif,KuroSiwo_COG_V8/273/lulc/273_02_MK0_MLU_20180311_cog.tif,lulc,273,nearest,256,DEFLATE,ok,gdal_translate COG 成功,2026-05-21T20:49:06.605531
/home/NAS/homes/chunen-10029/bigdata/final/kurosiwo_S1_DEM/273/273_02_MK0_MNA_20180311.tif,/home/chunen/nas/bigdata/final/kurosiwo_S1_DEM/273/273_02_MK0_MNA_20180311.tif,KuroSiwo_COG_V8/273/s1_dem/273_02_MK0_MNA_20180311_cog.tif,s1_dem,273,bilinear,256,DEFLATE,ok,gdal_translate COG 成功,2026-05-21T20:49:06.737471
/home/NAS/homes/chunen-10029/bigdata/final/kurosiwo_S1_DEM/273/273_02_MK0_SLOPE_20180311.tif,/home/chunen/nas/bigdata/final/kurosiwo_S1_DEM/273/273_02_MK0_SLOPE_20180311.tif,KuroSiwo_COG_V8/273/s1_dem/273_02_MK0_SLOPE_20180311_cog.tif,s1_dem,273,bilinear,256,DEFLATE,ok,gdal_translate COG 成功,2026-05-21T20:49:07.156082
/home/NAS/homes/chunen-10029/bigdata/final/kurosiwo_S1_DEM/273/273_02_MS1_IVH_20180311.tif,/home/chunen/nas/bigdata/final/kurosiwo_S1_DEM/273/273_02_MS1_IVH_20180311.tif,KuroSiwo_COG_V8/273/s1_dem/273_02_MS1_IVH_20180311_cog.tif,s1_dem,273,bilinear,256,DEFLATE,ok,gdal_translate COG 成功,2026-05-21T20:49:08.056182
/home/NAS/homes/chunen-10029/bigdata/final/kurosiwo_S1_DEM/273/273_02_MS1_IVV_20180311.tif,/home/chunen/nas/bigdata/final/kurosiwo_S1_DEM/273/273_02_MS1_IVV_20180311.tif,KuroSiwo_COG_V8/273/s1_dem/273_02_MS1_IVV_20180311_cog.tif,s1_dem,273,bilinear,256,DEFLATE,ok,gdal_translate COG 成功,2026-05-21T20:49:08.533597
/home/NAS/homes/chunen-10029/bigdata/final/kurosiwo_S1_DEM/273/273_02_SL1_IVH_20170820.tif,/home/chunen/nas/bigdata/final/kurosiwo_S1_DEM/273/273_02_SL1_IVH_20170820.tif,KuroSiwo_COG_V8/273/s1_dem/273_02_SL1_IVH_20170820_cog.tif,s1_dem,273,bilinear,256,DEFLATE,ok,gdal_translate COG 成功,2026-05-21T20:49:09.029501
/home/NAS/homes/chunen-10029/bigdata/final/kurosiwo_S1_DEM/273/273_02_SL1_IVV_20170820.tif,/home/chunen/nas/bigdata/final/kurosiwo_S1_DEM/273/273_02_SL1_IVV_20170820.tif,KuroSiwo_COG_V8/273/s1_dem/273_02_SL1_IVV_20170820_cog.tif,s1_dem,273,bilinear,256,DEFLATE,ok,gdal_translate COG 成功,2026-05-21T20:49:09.517056
/home/NAS/homes/chunen-10029/bigdata/final/kurosiwo_S1_DEM/273/273_02_SL2_IVH_20170727.tif,/home/chunen/nas/bigdata/final/kurosiwo_S1_DEM/273/273_02_SL2_IVH_20170727.tif,KuroSiwo_COG_V8/273/s1_dem/273_02_SL2_IVH_20170727_cog.tif,s1_dem,273,bilinear,256,DEFLATE,ok,gdal_translate COG 成功,2026-05-21T20:49:09.920821
/home/NAS/homes/chunen-10029/bigdata/final/kurosiwo_S1_DEM/273/273_02_SL2_IVV_20170727.tif,/home/chunen/nas/bigdata/final/kurosiwo_S1_DEM/273/273_02_SL2_IVV_20170727.tif,KuroSiwo_COG_V8/273/s1_dem/273_02_SL2_IVV_20170727_cog.tif,s1_dem,273,bilinear,256,DEFLATE,ok,gdal_translate COG 成功,2026-05-21T20:49:10.335676
/home/NAS/homes/chunen-10029/bigdata/final/kurosiwo_S1_DEM/273/273_03_MK0_DEM_20180311.tif,/home/chunen/nas/bigdata/final/kurosiwo_S1_DEM/273/273_03_MK0_DEM_20180311.tif,KuroSiwo_COG_V8/273/dem/273_03_MK0_DEM_20180311_cog.tif,dem,273,bilinear,256,DEFLATE,ok,gdal_translate COG 成功,2026-05-21T20:49:10.737212
/home/NAS/homes/chunen-10029/bigdata/final/kurosiwo_S1_DEM/273/273_03_MK0_MLU_20180311.tif,/home/chunen/nas/bigdata/final/kurosiwo_S1_DEM/273/273_03_MK0_MLU_20180311.tif,KuroSiwo_COG_V8/273/lulc/273_03_MK0_MLU_20180311_cog.tif,lulc,273,nearest,256,DEFLATE,ok,gdal_translate COG 成功,2026-05-21T20:49:10.871987
/home/NAS/homes/chunen-10029/bigdata/final/kurosiwo_S1_DEM/273/273_03_MK0_MNA_20180311.tif,/home/chunen/nas/bigdata/final/kurosiwo_S1_DEM/273/273_03_MK0_MNA_20180311.tif,KuroSiwo_COG_V8/273/s1_dem/273_03_MK0_MNA_20180311_cog.tif,s1_dem,273,bilinear,256,DEFLATE,ok,gdal_translate COG 成功,2026-05-21T20:49:11.011649
/home/NAS/homes/chunen-10029/bigdata/final/kurosiwo_S1_DEM/273/273_03_MK0_SLOPE_20180311.tif,/home/chunen/nas/bigdata/final/kurosiwo_S1_DEM/273/273_03_MK0_SLOPE_20180311.tif,KuroSiwo_COG_V8/273/s1_dem/273_03_MK0_SLOPE_20180311_cog.tif,s1_dem,273,bilinear,256,DEFLATE,ok,gdal_translate COG 成功,2026-05-21T20:49:11.462178
/home/NAS/homes/chunen-10029/bigdata/final/kurosiwo_S1_DEM/273/273_03_MS1_IVH_20180311.tif,/home/chunen/nas/bigdata/final/kurosiwo_S1_DEM/273/273_03_MS1_IVH_20180311.tif,KuroSiwo_COG_V8/273/s1_dem/273_03_MS1_IVH_20180311_cog.tif,s1_dem,273,bilinear,256,DEFLATE,ok,gdal_translate COG 成功,2026-05-21T20:49:12.020285
/home/NAS/homes/chunen-10029/bigdata/final/kurosiwo_S1_DEM/273/273_03_MS1_IVV_20180311.tif,/home/chunen/nas/bigdata/final/kurosiwo_S1_DEM/273/273_03_MS1_IVV_20180311.tif,KuroSiwo_COG_V8/273/s1_dem/273_03_MS1_IVV_20180311_cog.tif,s1_dem,273,bilinear,256,DEFLATE,ok,gdal_translate COG 成功,2026-05-21T20:49:12.479574
/home/NAS/homes/chunen-10029/bigdata/final/kurosiwo_S1_DEM/273/273_03_SL1_IVH_20170820.tif,/home/chunen/nas/bigdata/final/kurosiwo_S1_DEM/273/273_03_SL1_IVH_20170820.tif,KuroSiwo_COG_V8/273/s1_dem/273_03_SL1_IVH_20170820_cog.tif,s1_dem,273,bilinear,256,DEFLATE,ok,gdal_translate COG 成功,2026-05-21T20:49:12.939258
/home/NAS/homes/chunen-10029/bigdata/final/kurosiwo_S1_DEM/273/273_03_SL1_IVV_20170820.tif,/home/chunen/nas/bigdata/final/kurosiwo_S1_DEM/273/273_03_SL1_IVV_20170820.tif,KuroSiwo_COG_V8/273/s1_dem/273_03_SL1_IVV_20170820_cog.tif,s1_dem,273,bilinear,256,DEFLATE,ok,gdal_translate COG 成功,2026-05-21T20:49:13.358955
/home/NAS/homes/chunen-10029/bigdata/final/kurosiwo_S1_DEM/273/273_03_SL2_IVH_20170727.tif,/home/chunen/nas/bigdata/final/kurosiwo_S1_DEM/273/273_03_SL2_IVH_20170727.tif,KuroSiwo_COG_V8/273/s1_dem/273_03_SL2_IVH_20170727_cog.tif,s1_dem,273,bilinear,256,DEFLATE,ok,gdal_translate COG 成功,2026-05-21T20:49:13.789372
/home/NAS/homes/chunen-10029/bigdata/final/kurosiwo_S1_DEM/273/273_03_SL2_IVV_20170727.tif,/home/chunen/nas/bigdata/final/kurosiwo_S1_DEM/273/273_03_SL2_IVV_20170727.tif,KuroSiwo_COG_V8/273/s1_dem/273_03_SL2_IVV_20170727_cog.tif,s1_dem,273,bilinear,256,DEFLATE,ok,gdal_translate COG 成功,2026-05-21T20:49:14.251693
/home/NAS/homes/chunen-10029/bigdata/final/kurosiwo_S1_DEM/273/273_04_MK0_DEM_20180311.tif,/home/chunen/nas/bigdata/final/kurosiwo_S1_DEM/273/273_04_MK0_DEM_20180311.tif,KuroSiwo_COG_V8/273/dem/273_04_MK0_DEM_20180311_cog.tif,dem,273,bilinear,256,DEFLATE,ok,gdal_translate COG 成功,2026-05-21T20:49:14.606479
/home/NAS/homes/chunen-10029/bigdata/final/kurosiwo_S1_DEM/273/273_04_MK0_MLU_20180311.tif,/home/chunen/nas/bigdata/final/kurosiwo_S1_DEM/273/273_04_MK0_MLU_20180311.tif,KuroSiwo_COG_V8/273/lulc/273_04_MK0_MLU_20180311_cog.tif,lulc,273,nearest,256,DEFLATE,ok,gdal_translate COG 成功,2026-05-21T20:49:14.736812
/home/NAS/homes/chunen-10029/bigdata/final/kurosiwo_S1_DEM/273/273_04_MK0_MNA_20180311.tif,/home/chunen/nas/bigdata/final/kurosiwo_S1_DEM/273/273_04_MK0_MNA_20180311.tif,KuroSiwo_COG_V8/273/s1_dem/273_04_MK0_MNA_20180311_cog.tif,s1_dem,273,bilinear,256,DEFLATE,ok,gdal_translate COG 成功,2026-05-21T20:49:14.869758
/home/NAS/homes/chunen-10029/bigdata/final/kurosiwo_S1_DEM/273/273_04_MK0_SLOPE_20180311.tif,/home/chunen/nas/bigdata/final/kurosiwo_S1_DEM/273/273_04_MK0_SLOPE_20180311.tif,KuroSiwo_COG_V8/273/s1_dem/273_04_MK0_SLOPE_20180311_cog.tif,s1_dem,273,bilinear,256,DEFLATE,ok,gdal_translate COG 成功,2026-05-21T20:49:15.344595
/home/NAS/homes/chunen-10029/bigdata/final/kurosiwo_S1_DEM/273/273_04_MS1_IVH_20180311.tif,/home/chunen/nas/bigdata/final/kurosiwo_S1_DEM/273/273_04_MS1_IVH_20180311.tif,KuroSiwo_COG_V8/273/s1_dem/273_04_MS1_IVH_20180311_cog.tif,s1_dem,273,bilinear,256,DEFLATE,ok,gdal_translate COG 成功,2026-05-21T20:49:15.741031
/home/NAS/homes/chunen-10029/bigdata/final/kurosiwo_S1_DEM/273/273_04_MS1_IVV_20180311.tif,/home/chunen/nas/bigdata/final/kurosiwo_S1_DEM/273/273_04_MS1_IVV_20180311.tif,KuroSiwo_COG_V8/273/s1_dem/273_04_MS1_IVV_20180311_cog.tif,s1_dem,273,bilinear,256,DEFLATE,ok,gdal_translate COG 成功,2026-05-21T20:49:16.167414
/home/NAS/homes/chunen-10029/bigdata/final/kurosiwo_S1_DEM/273/273_04_SL1_IVH_20170820.tif,/home/chunen/nas/bigdata/final/kurosiwo_S1_DEM/273/273_04_SL1_IVH_20170820.tif,KuroSiwo_COG_V8/273/s1_dem/273_04_SL1_IVH_20170820_cog.tif,s1_dem,273,bilinear,256,DEFLATE,ok,gdal_translate COG 成功,2026-05-21T20:49:16.563949
/home/NAS/homes/chunen-10029/bigdata/final/kurosiwo_S1_DEM/273/273_04_SL1_IVV_20170820.tif,/home/chunen/nas/bigdata/final/kurosiwo_S1_DEM/273/273_04_SL1_IVV_20170820.tif,KuroSiwo_COG_V8/273/s1_dem/273_04_SL1_IVV_20170820_cog.tif,s1_dem,273,bilinear,256,DEFLATE,ok,gdal_translate COG 成功,2026-05-21T20:49:16.949054
/home/NAS/homes/chunen-10029/bigdata/final/kurosiwo_S1_DEM/273/273_04_SL2_IVH_20170727.tif,/home/chunen/nas/bigdata/final/kurosiwo_S1_DEM/273/273_04_SL2_IVH_20170727.tif,KuroSiwo_COG_V8/273/s1_dem/273_04_SL2_IVH_20170727_cog.tif,s1_dem,273,bilinear,256,DEFLATE,ok,gdal_translate COG 成功,2026-05-21T20:49:17.387542
/home/NAS/homes/chunen-10029/bigdata/final/kurosiwo_S1_DEM/273/273_04_SL2_IVV_20170727.tif,/home/chunen/nas/bigdata/final/kurosiwo_S1_DEM/273/273_04_SL2_IVV_20170727.tif,KuroSiwo_COG_V8/273/s1_dem/273_04_SL2_IVV_20170727_cog.tif,s1_dem,273,bilinear,256,DEFLATE,ok,gdal_translate COG 成功,2026-05-21T20:49:17.657518
/home/NAS/homes/chunen-10029/bigdata/final/kurosiwo_S1_DEM/273/273_05_MK0_DEM_20180311.tif,/home/chunen/nas/bigdata/final/kurosiwo_S1_DEM/273/273_05_MK0_DEM_20180311.tif,KuroSiwo_COG_V8/273/dem/273_05_MK0_DEM_20180311_cog.tif,dem,273,bilinear,256,DEFLATE,ok,gdal_translate COG 成功,2026-05-21T20:49:18.130949
/home/NAS/homes/chunen-10029/bigdata/final/kurosiwo_S1_DEM/273/273_05_MK0_MLU_20180311.tif,/home/chunen/nas/bigdata/final/kurosiwo_S1_DEM/273/273_05_MK0_MLU_20180311.tif,KuroSiwo_COG_V8/273/lulc/273_05_MK0_MLU_20180311_cog.tif,lulc,273,nearest,256,DEFLATE,ok,gdal_translate COG 成功,2026-05-21T20:49:18.266241
/home/NAS/homes/chunen-10029/bigdata/final/kurosiwo_S1_DEM/273/273_05_MK0_MNA_20180311.tif,/home/chunen/nas/bigdata/final/kurosiwo_S1_DEM/273/273_05_MK0_MNA_20180311.tif,KuroSiwo_COG_V8/273/s1_dem/273_05_MK0_MNA_20180311_cog.tif,s1_dem,273,bilinear,256,DEFLATE,ok,gdal_translate COG 成功,2026-05-21T20:49:18.399975
/home/NAS/homes/chunen-10029/bigdata/final/kurosiwo_S1_DEM/273/273_05_MK0_SLOPE_20180311.tif,/home/chunen/nas/bigdata/final/kurosiwo_S1_DEM/273/273_05_MK0_SLOPE_20180311.tif,KuroSiwo_COG_V8/273/s1_dem/273_05_MK0_SLOPE_20180311_cog.tif,s1_dem,273,bilinear,256,DEFLATE,ok,gdal_translate COG 成功,2026-05-21T20:49:18.813091
/home/NAS/homes/chunen-10029/bigdata/final/kurosiwo_S1_DEM/273/273_05_MS1_IVH_20180311.tif,/home/chunen/nas/bigdata/final/kurosiwo_S1_DEM/273/273_05_MS1_IVH_20180311.tif,KuroSiwo_COG_V8/273/s1_dem/273_05_MS1_IVH_20180311_cog.tif,s1_dem,273,bilinear,256,DEFLATE,ok,gdal_translate COG 成功,2026-05-21T20:49:19.219056
/home/NAS/homes/chunen-10029/bigdata/final/kurosiwo_S1_DEM/273/273_05_MS1_IVV_20180311.tif,/home/chunen/nas/bigdata/final/kurosiwo_S1_DEM/273/273_05_MS1_IVV_20180311.tif,KuroSiwo_COG_V8/273/s1_dem/273_05_MS1_IVV_20180311_cog.tif,s1_dem,273,bilinear,256,DEFLATE,ok,gdal_translate COG 成功,2026-05-21T20:49:19.655259
/home/NAS/homes/chunen-10029/bigdata/final/kurosiwo_S1_DEM/273/273_05_SL1_IVH_20170820.tif,/home/chunen/nas/bigdata/final/kurosiwo_S1_DEM/273/273_05_SL1_IVH_20170820.tif,KuroSiwo_COG_V8/273/s1_dem/273_05_SL1_IVH_20170820_cog.tif,s1_dem,273,bilinear,256,DEFLATE,ok,gdal_translate COG 成功,2026-05-21T20:49:20.081035
/home/NAS/homes/chunen-10029/bigdata/final/kurosiwo_S1_DEM/273/273_05_SL1_IVV_20170820.tif,/home/chunen/nas/bigdata/final/kurosiwo_S1_DEM/273/273_05_SL1_IVV_20170820.tif,KuroSiwo_COG_V8/273/s1_dem/273_05_SL1_IVV_20170820_cog.tif,s1_dem,273,bilinear,256,DEFLATE,ok,gdal_translate COG 成功,2026-05-21T20:49:20.522695
/home/NAS/homes/chunen-10029/bigdata/final/kurosiwo_S1_DEM/273/273_05_SL2_IVH_20170727.tif,/home/chunen/nas/bigdata/final/kurosiwo_S1_DEM/273/273_05_SL2_IVH_20170727.tif,KuroSiwo_COG_V8/273/s1_dem/273_05_SL2_IVH_20170727_cog.tif,s1_dem,273,bilinear,256,DEFLATE,ok,gdal_translate COG 成功,2026-05-21T20:49:21.004089
/home/NAS/homes/chunen-10029/bigdata/final/kurosiwo_S1_DEM/273/273_05_SL2_IVV_20170727.tif,/home/chunen/nas/bigdata/final/kurosiwo_S1_DEM/273/273_05_SL2_IVV_20170727.tif,KuroSiwo_COG_V8/273/s1_dem/273_05_SL2_IVV_20170727_cog.tif,s1_dem,273,bilinear,256,DEFLATE,ok,gdal_translate COG 成功,2026-05-21T20:49:21.526798
/home/NAS/homes/chunen-10029/bigdata/final/kurosiwo_S1_DEM/275/275_01_MK0_DEM_20180322.tif,/home/chunen/nas/bigdata/final/kurosiwo_S1_DEM/275/275_01_MK0_DEM_20180322.tif,KuroSiwo_COG_V8/275/dem/275_01_MK0_DEM_20180322_cog.tif,dem,275,bilinear,256,DEFLATE,ok,gdal_translate COG 成功,2026-05-21T20:49:22.950737
/home/NAS/homes/chunen-10029/bigdata/final/kurosiwo_S1_DEM/275/275_01_MK0_MLU_20180322.tif,/home/chunen/nas/bigdata/final/kurosiwo_S1_DEM/275/275_01_MK0_MLU_20180322.tif,KuroSiwo_COG_V8/275/lulc/275_01_MK0_MLU_20180322_cog.tif,lulc,275,nearest,256,DEFLATE,ok,gdal_translate COG 成功,2026-05-21T20:49:23.451130
/home/NAS/homes/chunen-10029/bigdata/final/kurosiwo_S1_DEM/275/275_01_MK0_MNA_20180322.tif,/home/chunen/nas/bigdata/final/kurosiwo_S1_DEM/275/275_01_MK0_MNA_20180322.tif,KuroSiwo_COG_V8/275/s1_dem/275_01_MK0_MNA_20180322_cog.tif,s1_dem,275,bilinear,256,DEFLATE,ok,gdal_translate COG 成功,2026-05-21T20:49:23.645264
/home/NAS/homes/chunen-10029/bigdata/final/kurosiwo_S1_DEM/275/275_01_MK0_SLOPE_20180322.tif,/home/chunen/nas/bigdata/final/kurosiwo_S1_DEM/275/275_01_MK0_SLOPE_20180322.tif,KuroSiwo_COG_V8/275/s1_dem/275_01_MK0_SLOPE_20180322_cog.tif,s1_dem,275,bilinear,256,DEFLATE,ok,gdal_translate COG 成功,2026-05-21T20:49:24.801510
/home/NAS/homes/chunen-10029/bigdata/final/kurosiwo_S1_DEM/275/275_01_MS1_IVH_20180322.tif,/home/chunen/nas/bigdata/final/kurosiwo_S1_DEM/275/275_01_MS1_IVH_20180322.tif,KuroSiwo_COG_V8/275/s1_dem/275_01_MS1_IVH_20180322_cog.tif,s1_dem,275,bilinear,256,DEFLATE,ok,gdal_translate COG 成功,2026-05-21T20:49:26.117502
/home/NAS/homes/chunen-10029/bigdata/final/kurosiwo_S1_DEM/275/275_01_MS1_IVV_20180322.tif,/home/chunen/nas/bigdata/final/kurosiwo_S1_DEM/275/275_01_MS1_IVV_20180322.tif,KuroSiwo_COG_V8/275/s1_dem/275_01_MS1_IVV_20180322_cog.tif,s1_dem,275,bilinear,256,DEFLATE,ok,gdal_translate COG 成功,2026-05-21T20:49:28.231242
/home/NAS/homes/chunen-10029/bigdata/final/kurosiwo_S1_DEM/275/275_01_SL1_IVH_20170806.tif,/home/chunen/nas/bigdata/final/kurosiwo_S1_DEM/275/275_01_SL1_IVH_20170806.tif,KuroSiwo_COG_V8/275/s1_dem/275_01_SL1_IVH_20170806_cog.tif,s1_dem,275,bilinear,256,DEFLATE,ok,gdal_translate COG 成功,2026-05-21T20:49:29.554930
/home/NAS/homes/chunen-10029/bigdata/final/kurosiwo_S1_DEM/275/275_01_SL1_IVV_20170806.tif,/home/chunen/nas/bigdata/final/kurosiwo_S1_DEM/275/275_01_SL1_IVV_20170806.tif,KuroSiwo_COG_V8/275/s1_dem/275_01_SL1_IVV_20170806_cog.tif,s1_dem,275,bilinear,256,DEFLATE,ok,gdal_translate COG 成功,2026-05-21T20:49:31.043305
/home/NAS/homes/chunen-10029/bigdata/final/kurosiwo_S1_DEM/275/275_01_SL2_IVH_20170707.tif,/home/chunen/nas/bigdata/final/kurosiwo_S1_DEM/275/275_01_SL2_IVH_20170707.tif,KuroSiwo_COG_V8/275/s1_dem/275_01_SL2_IVH_20170707_cog.tif,s1_dem,275,bilinear,256,DEFLATE,ok,gdal_translate COG 成功,2026-05-21T20:49:32.387297
/home/NAS/homes/chunen-10029/bigdata/final/kurosiwo_S1_DEM/275/275_01_SL2_IVV_20170707.tif,/home/chunen/nas/bigdata/final/kurosiwo_S1_DEM/275/275_01_SL2_IVV_20170707.tif,KuroSiwo_COG_V8/275/s1_dem/275_01_SL2_IVV_20170707_cog.tif,s1_dem,275,bilinear,256,DEFLATE,ok,gdal_translate COG 成功,2026-05-21T20:49:33.692483
/home/NAS/homes/chunen-10029/bigdata/final/kurosiwo_S1_DEM/275/275_02_MK0_DEM_20180322.tif,/home/chunen/nas/bigdata/final/kurosiwo_S1_DEM/275/275_02_MK0_DEM_20180322.tif,KuroSiwo_COG_V8/275/dem/275_02_MK0_DEM_20180322_cog.tif,dem,275,bilinear,256,DEFLATE,ok,gdal_translate COG 成功,2026-05-21T20:49:34.868541
/home/NAS/homes/chunen-10029/bigdata/final/kurosiwo_S1_DEM/275/275_02_MK0_MLU_20180322.tif,/home/chunen/nas/bigdata/final/kurosiwo_S1_DEM/275/275_02_MK0_MLU_20180322.tif,KuroSiwo_COG_V8/275/lulc/275_02_MK0_MLU_20180322_cog.tif,lulc,275,nearest,256,DEFLATE,ok,gdal_translate COG 成功,2026-05-21T20:49:35.109942
/home/NAS/homes/chunen-10029/bigdata/final/kurosiwo_S1_DEM/275/275_02_MK0_MNA_20180322.tif,/home/chunen/nas/bigdata/final/kurosiwo_S1_DEM/275/275_02_MK0_MNA_20180322.tif,KuroSiwo_COG_V8/275/s1_dem/275_02_MK0_MNA_20180322_cog.tif,s1_dem,275,bilinear,256,DEFLATE,ok,gdal_translate COG 成功,2026-05-21T20:49:35.308234
/home/NAS/homes/chunen-10029/bigdata/final/kurosiwo_S1_DEM/275/275_02_MK0_SLOPE_20180322.tif,/home/chunen/nas/bigdata/final/kurosiwo_S1_DEM/275/275_02_MK0_SLOPE_20180322.tif,KuroSiwo_COG_V8/275/s1_dem/275_02_MK0_SLOPE_20180322_cog.tif,s1_dem,275,bilinear,256,DEFLATE,ok,gdal_translate COG 成功,2026-05-21T20:49:36.508949
/home/NAS/homes/chunen-10029/bigdata/final/kurosiwo_S1_DEM/275/275_02_MS1_IVH_20180322.tif,/home/chunen/nas/bigdata/final/kurosiwo_S1_DEM/275/275_02_MS1_IVH_20180322.tif,KuroSiwo_COG_V8/275/s1_dem/275_02_MS1_IVH_20180322_cog.tif,s1_dem,275,bilinear,256,DEFLATE,ok,gdal_translate COG 成功,2026-05-21T20:49:37.874667
/home/NAS/homes/chunen-10029/bigdata/final/kurosiwo_S1_DEM/275/275_02_MS1_IVV_20180322.tif,/home/chunen/nas/bigdata/final/kurosiwo_S1_DEM/275/275_02_MS1_IVV_20180322.tif,KuroSiwo_COG_V8/275/s1_dem/275_02_MS1_IVV_20180322_cog.tif,s1_dem,275,bilinear,256,DEFLATE,ok,gdal_translate COG 成功,2026-05-21T20:49:39.739658
/home/NAS/homes/chunen-10029/bigdata/final/kurosiwo_S1_DEM/275/275_02_SL1_IVH_20170806.tif,/home/chunen/nas/bigdata/final/kurosiwo_S1_DEM/275/275_02_SL1_IVH_20170806.tif,KuroSiwo_COG_V8/275/s1_dem/275_02_SL1_IVH_20170806_cog.tif,s1_dem,275,bilinear,256,DEFLATE,ok,gdal_translate COG 成功,2026-05-21T20:49:42.253178
/home/NAS/homes/chunen-10029/bigdata/final/kurosiwo_S1_DEM/275/275_02_SL1_IVV_20170806.tif,/home/chunen/nas/bigdata/final/kurosiwo_S1_DEM/275/275_02_SL1_IVV_20170806.tif,KuroSiwo_COG_V8/275/s1_dem/275_02_SL1_IVV_20170806_cog.tif,s1_dem,275,bilinear,256,DEFLATE,ok,gdal_translate COG 成功,2026-05-21T20:49:43.800363
/home/NAS/homes/chunen-10029/bigdata/final/kurosiwo_S1_DEM/275/275_02_SL2_IVH_20170707.tif,/home/chunen/nas/bigdata/final/kurosiwo_S1_DEM/275/275_02_SL2_IVH_20170707.tif,KuroSiwo_COG_V8/275/s1_dem/275_02_SL2_IVH_20170707_cog.tif,s1_dem,275,bilinear,256,DEFLATE,ok,gdal_translate COG 成功,2026-05-21T20:49:45.213215
/home/NAS/homes/chunen-10029/bigdata/final/kurosiwo_S1_DEM/275/275_02_SL2_IVV_20170707.tif,/home/chunen/nas/bigdata/final/kurosiwo_S1_DEM/275/275_02_SL2_IVV_20170707.tif,KuroSiwo_COG_V8/275/s1_dem/275_02_SL2_IVV_20170707_cog.tif,s1_dem,275,bilinear,256,DEFLATE,ok,gdal_translate COG 成功,2026-05-21T20:49:46.814012
/home/NAS/homes/chunen-10029/bigdata/final/kurosiwo_S1_DEM/275/275_03_MK0_DEM_20180322.tif,/home/chunen/nas/bigdata/final/kurosiwo_S1_DEM/275/275_03_MK0_DEM_20180322.tif,KuroSiwo_COG_V8/275/dem/275_03_MK0_DEM_20180322_cog.tif,dem,275,bilinear,256,DEFLATE,ok,gdal_translate COG 成功,2026-05-21T20:49:47.995674
/home/NAS/homes/chunen-10029/bigdata/final/kurosiwo_S1_DEM/275/275_03_MK0_MLU_20180322.tif,/home/chunen/nas/bigdata/final/kurosiwo_S1_DEM/275/275_03_MK0_MLU_20180322.tif,KuroSiwo_COG_V8/275/lulc/275_03_MK0_MLU_20180322_cog.tif,lulc,275,nearest,256,DEFLATE,ok,gdal_translate COG 成功,2026-05-21T20:49:48.243068
/home/NAS/homes/chunen-10029/bigdata/final/kurosiwo_S1_DEM/275/275_03_MK0_MNA_20180322.tif,/home/chunen/nas/bigdata/final/kurosiwo_S1_DEM/275/275_03_MK0_MNA_20180322.tif,KuroSiwo_COG_V8/275/s1_dem/275_03_MK0_MNA_20180322_cog.tif,s1_dem,275,bilinear,256,DEFLATE,ok,gdal_translate COG 成功,2026-05-21T20:49:48.440419
/home/NAS/homes/chunen-10029/bigdata/final/kurosiwo_S1_DEM/275/275_03_MK0_SLOPE_20180322.tif,/home/chunen/nas/bigdata/final/kurosiwo_S1_DEM/275/275_03_MK0_SLOPE_20180322.tif,KuroSiwo_COG_V8/275/s1_dem/275_03_MK0_SLOPE_20180322_cog.tif,s1_dem,275,bilinear,256,DEFLATE,ok,gdal_translate COG 成功,2026-05-21T20:49:49.610348
/home/NAS/homes/chunen-10029/bigdata/final/kurosiwo_S1_DEM/275/275_03_MS1_IVH_20180322.tif,/home/chunen/nas/bigdata/final/kurosiwo_S1_DEM/275/275_03_MS1_IVH_20180322.tif,KuroSiwo_COG_V8/275/s1_dem/275_03_MS1_IVH_20180322_cog.tif,s1_dem,275,bilinear,256,DEFLATE,ok,gdal_translate COG 成功,2026-05-21T20:49:50.752234
/home/NAS/homes/chunen-10029/bigdata/final/kurosiwo_S1_DEM/275/275_03_MS1_IVV_20180322.tif,/home/chunen/nas/bigdata/final/kurosiwo_S1_DEM/275/275_03_MS1_IVV_20180322.tif,KuroSiwo_COG_V8/275/s1_dem/275_03_MS1_IVV_20180322_cog.tif,s1_dem,275,bilinear,256,DEFLATE,ok,gdal_translate COG 成功,2026-05-21T20:49:51.970604
/home/NAS/homes/chunen-10029/bigdata/final/kurosiwo_S1_DEM/275/275_03_SL1_IVH_20170806.tif,/home/chunen/nas/bigdata/final/kurosiwo_S1_DEM/275/275_03_SL1_IVH_20170806.tif,KuroSiwo_COG_V8/275/s1_dem/275_03_SL1_IVH_20170806_cog.tif,s1_dem,275,bilinear,256,DEFLATE,ok,gdal_translate COG 成功,2026-05-21T20:49:53.563945
/home/NAS/homes/chunen-10029/bigdata/final/kurosiwo_S1_DEM/275/275_03_SL1_IVV_20170806.tif,/home/chunen/nas/bigdata/final/kurosiwo_S1_DEM/275/275_03_SL1_IVV_20170806.tif,KuroSiwo_COG_V8/275/s1_dem/275_03_SL1_IVV_20170806_cog.tif,s1_dem,275,bilinear,256,DEFLATE,ok,gdal_translate COG 成功,2026-05-21T20:49:54.943412
/home/NAS/homes/chunen-10029/bigdata/final/kurosiwo_S1_DEM/275/275_03_SL2_IVH_20170707.tif,/home/chunen/nas/bigdata/final/kurosiwo_S1_DEM/275/275_03_SL2_IVH_20170707.tif,KuroSiwo_COG_V8/275/s1_dem/275_03_SL2_IVH_20170707_cog.tif,s1_dem,275,bilinear,256,DEFLATE,ok,gdal_translate COG 成功,2026-05-21T20:49:56.192403
/home/NAS/homes/chunen-10029/bigdata/final/kurosiwo_S1_DEM/275/275_03_SL2_IVV_20170707.tif,/home/chunen/nas/bigdata/final/kurosiwo_S1_DEM/275/275_03_SL2_IVV_20170707.tif,KuroSiwo_COG_V8/275/s1_dem/275_03_SL2_IVV_20170707_cog.tif,s1_dem,275,bilinear,256,DEFLATE,ok,gdal_translate COG 成功,2026-05-21T20:49:57.375903
/home/NAS/homes/chunen-10029/bigdata/final/kurosiwo_S1_DEM/277/277_01_MK0_DEM_20180327.tif,/home/chunen/nas/bigdata/final/kurosiwo_S1_DEM/277/277_01_MK0_DEM_20180327.tif,KuroSiwo_COG_V8/277/dem/277_01_MK0_DEM_20180327_cog.tif,dem,277,bilinear,256,DEFLATE,ok,gdal_translate COG 成功,2026-05-21T20:49:59.563713
/home/NAS/homes/chunen-10029/bigdata/final/kurosiwo_S1_DEM/277/277_01_MK0_MLU_20180327.tif,/home/chunen/nas/bigdata/final/kurosiwo_S1_DEM/277/277_01_MK0_MLU_20180327.tif,KuroSiwo_COG_V8/277/lulc/277_01_MK0_MLU_20180327_cog.tif,lulc,277,nearest,256,DEFLATE,ok,gdal_translate COG 成功,2026-05-21T20:49:59.805648
/home/NAS/homes/chunen-10029/bigdata/final/kurosiwo_S1_DEM/277/277_01_MK0_MNA_20180327.tif,/home/chunen/nas/bigdata/final/kurosiwo_S1_DEM/277/277_01_MK0_MNA_20180327.tif,KuroSiwo_COG_V8/277/s1_dem/277_01_MK0_MNA_20180327_cog.tif,s1_dem,277,bilinear,256,DEFLATE,ok,gdal_translate COG 成功,2026-05-21T20:50:00.022734
/home/NAS/homes/chunen-10029/bigdata/final/kurosiwo_S1_DEM/277/277_01_MK0_SLOPE_20180327.tif,/home/chunen/nas/bigdata/final/kurosiwo_S1_DEM/277/277_01_MK0_SLOPE_20180327.tif,KuroSiwo_COG_V8/277/s1_dem/277_01_MK0_SLOPE_20180327_cog.tif,s1_dem,277,bilinear,256,DEFLATE,ok,gdal_translate COG 成功,2026-05-21T20:50:01.581936
/home/NAS/homes/chunen-10029/bigdata/final/kurosiwo_S1_DEM/277/277_01_MS1_IVH_20180327.tif,/home/chunen/nas/bigdata/final/kurosiwo_S1_DEM/277/277_01_MS1_IVH_20180327.tif,KuroSiwo_COG_V8/277/s1_dem/277_01_MS1_IVH_20180327_cog.tif,s1_dem,277,bilinear,256,DEFLATE,ok,gdal_translate COG 成功,2026-05-21T20:50:03.063299
/home/NAS/homes/chunen-10029/bigdata/final/kurosiwo_S1_DEM/277/277_01_MS1_IVV_20180327.tif,/home/chunen/nas/bigdata/final/kurosiwo_S1_DEM/277/277_01_MS1_IVV_20180327.tif,KuroSiwo_COG_V8/277/s1_dem/277_01_MS1_IVV_20180327_cog.tif,s1_dem,277,bilinear,256,DEFLATE,ok,gdal_translate COG 成功,2026-05-21T20:50:04.848449
/home/NAS/homes/chunen-10029/bigdata/final/kurosiwo_S1_DEM/277/277_01_SL1_IVH_20170829.tif,/home/chunen/nas/bigdata/final/kurosiwo_S1_DEM/277/277_01_SL1_IVH_20170829.tif,KuroSiwo_COG_V8/277/s1_dem/277_01_SL1_IVH_20170829_cog.tif,s1_dem,277,bilinear,256,DEFLATE,ok,gdal_translate COG 成功,2026-05-21T20:50:06.203855
/home/NAS/homes/chunen-10029/bigdata/final/kurosiwo_S1_DEM/277/277_01_SL1_IVV_20170829.tif,/home/chunen/nas/bigdata/final/kurosiwo_S1_DEM/277/277_01_SL1_IVV_20170829.tif,KuroSiwo_COG_V8/277/s1_dem/277_01_SL1_IVV_20170829_cog.tif,s1_dem,277,bilinear,256,DEFLATE,ok,gdal_translate COG 成功,2026-05-21T20:50:07.677267
/home/NAS/homes/chunen-10029/bigdata/final/kurosiwo_S1_DEM/277/277_01_SL2_IVH_20170730.tif,/home/chunen/nas/bigdata/final/kurosiwo_S1_DEM/277/277_01_SL2_IVH_20170730.tif,KuroSiwo_COG_V8/277/s1_dem/277_01_SL2_IVH_20170730_cog.tif,s1_dem,277,bilinear,256,DEFLATE,ok,gdal_translate COG 成功,2026-05-21T20:50:09.581367
/home/NAS/homes/chunen-10029/bigdata/final/kurosiwo_S1_DEM/277/277_01_SL2_IVV_20170730.tif,/home/chunen/nas/bigdata/final/kurosiwo_S1_DEM/277/277_01_SL2_IVV_20170730.tif,KuroSiwo_COG_V8/277/s1_dem/277_01_SL2_IVV_20170730_cog.tif,s1_dem,277,bilinear,256,DEFLATE,ok,gdal_translate COG 成功,2026-05-21T20:50:12.262593
/home/NAS/homes/chunen-10029/bigdata/final/kurosiwo_S1_DEM/277/277_02_MK0_DEM_20180327.tif,/home/chunen/nas/bigdata/final/kurosiwo_S1_DEM/277/277_02_MK0_DEM_20180327.tif,KuroSiwo_COG_V8/277/dem/277_02_MK0_DEM_20180327_cog.tif,dem,277,bilinear,256,DEFLATE,ok,gdal_translate COG 成功,2026-05-21T20:50:13.795467
/home/NAS/homes/chunen-10029/bigdata/final/kurosiwo_S1_DEM/277/277_02_MK0_MLU_20180327.tif,/home/chunen/nas/bigdata/final/kurosiwo_S1_DEM/277/277_02_MK0_MLU_20180327.tif,KuroSiwo_COG_V8/277/lulc/277_02_MK0_MLU_20180327_cog.tif,lulc,277,nearest,256,DEFLATE,ok,gdal_translate COG 成功,2026-05-21T20:50:14.058231
/home/NAS/homes/chunen-10029/bigdata/final/kurosiwo_S1_DEM/277/277_02_MK0_MNA_20180327.tif,/home/chunen/nas/bigdata/final/kurosiwo_S1_DEM/277/277_02_MK0_MNA_20180327.tif,KuroSiwo_COG_V8/277/s1_dem/277_02_MK0_MNA_20180327_cog.tif,s1_dem,277,bilinear,256,DEFLATE,ok,gdal_translate COG 成功,2026-05-21T20:50:14.304318
/home/NAS/homes/chunen-10029/bigdata/final/kurosiwo_S1_DEM/277/277_02_MK0_SLOPE_20180327.tif,/home/chunen/nas/bigdata/final/kurosiwo_S1_DEM/277/277_02_MK0_SLOPE_20180327.tif,KuroSiwo_COG_V8/277/s1_dem/277_02_MK0_SLOPE_20180327_cog.tif,s1_dem,277,bilinear,256,DEFLATE,ok,gdal_translate COG 成功,2026-05-21T20:50:15.907273
/home/NAS/homes/chunen-10029/bigdata/final/kurosiwo_S1_DEM/277/277_02_MS1_IVH_20180327.tif,/home/chunen/nas/bigdata/final/kurosiwo_S1_DEM/277/277_02_MS1_IVH_20180327.tif,KuroSiwo_COG_V8/277/s1_dem/277_02_MS1_IVH_20180327_cog.tif,s1_dem,277,bilinear,256,DEFLATE,ok,gdal_translate COG 成功,2026-05-21T20:50:17.595259
/home/NAS/homes/chunen-10029/bigdata/final/kurosiwo_S1_DEM/277/277_02_MS1_IVV_20180327.tif,/home/chunen/nas/bigdata/final/kurosiwo_S1_DEM/277/277_02_MS1_IVV_20180327.tif,KuroSiwo_COG_V8/277/s1_dem/277_02_MS1_IVV_20180327_cog.tif,s1_dem,277,bilinear,256,DEFLATE,ok,gdal_translate COG 成功,2026-05-21T20:50:19.323486
/home/NAS/homes/chunen-10029/bigdata/final/kurosiwo_S1_DEM/277/277_02_SL1_IVH_20170829.tif,/home/chunen/nas/bigdata/final/kurosiwo_S1_DEM/277/277_02_SL1_IVH_20170829.tif,KuroSiwo_COG_V8/277/s1_dem/277_02_SL1_IVH_20170829_cog.tif,s1_dem,277,bilinear,256,DEFLATE,ok,gdal_translate COG 成功,2026-05-21T20:50:20.999512
/home/NAS/homes/chunen-10029/bigdata/final/kurosiwo_S1_DEM/277/277_02_SL1_IVV_20170829.tif,/home/chunen/nas/bigdata/final/kurosiwo_S1_DEM/277/277_02_SL1_IVV_20170829.tif,KuroSiwo_COG_V8/277/s1_dem/277_02_SL1_IVV_20170829_cog.tif,s1_dem,277,bilinear,256,DEFLATE,ok,gdal_translate COG 成功,2026-05-21T20:50:22.923598
/home/NAS/homes/chunen-10029/bigdata/final/kurosiwo_S1_DEM/277/277_02_SL2_IVH_20170730.tif,/home/chunen/nas/bigdata/final/kurosiwo_S1_DEM/277/277_02_SL2_IVH_20170730.tif,KuroSiwo_COG_V8/277/s1_dem/277_02_SL2_IVH_20170730_cog.tif,s1_dem,277,bilinear,256,DEFLATE,ok,gdal_translate COG 成功,2026-05-21T20:50:24.575138
/home/NAS/homes/chunen-10029/bigdata/final/kurosiwo_S1_DEM/277/277_02_SL2_IVV_20170730.tif,/home/chunen/nas/bigdata/final/kurosiwo_S1_DEM/277/277_02_SL2_IVV_20170730.tif,KuroSiwo_COG_V8/277/s1_dem/277_02_SL2_IVV_20170730_cog.tif,s1_dem,277,bilinear,256,DEFLATE,ok,gdal_translate COG 成功,2026-05-21T20:50:27.165574
/home/NAS/homes/chunen-10029/bigdata/final/kurosiwo_S1_DEM/277/277_03_MK0_DEM_20180327.tif,/home/chunen/nas/bigdata/final/kurosiwo_S1_DEM/277/277_03_MK0_DEM_20180327.tif,KuroSiwo_COG_V8/277/dem/277_03_MK0_DEM_20180327_cog.tif,dem,277,bilinear,256,DEFLATE,ok,gdal_translate COG 成功,2026-05-21T20:50:28.864356
/home/NAS/homes/chunen-10029/bigdata/final/kurosiwo_S1_DEM/277/277_03_MK0_MLU_20180327.tif,/home/chunen/nas/bigdata/final/kurosiwo_S1_DEM/277/277_03_MK0_MLU_20180327.tif,KuroSiwo_COG_V8/277/lulc/277_03_MK0_MLU_20180327_cog.tif,lulc,277,nearest,256,DEFLATE,ok,gdal_translate COG 成功,2026-05-21T20:50:29.148110
/home/NAS/homes/chunen-10029/bigdata/final/kurosiwo_S1_DEM/277/277_03_MK0_MNA_20180327.tif,/home/chunen/nas/bigdata/final/kurosiwo_S1_DEM/277/277_03_MK0_MNA_20180327.tif,KuroSiwo_COG_V8/277/s1_dem/277_03_MK0_MNA_20180327_cog.tif,s1_dem,277,bilinear,256,DEFLATE,ok,gdal_translate COG 成功,2026-05-21T20:50:29.375173
/home/NAS/homes/chunen-10029/bigdata/final/kurosiwo_S1_DEM/277/277_03_MK0_SLOPE_20180327.tif,/home/chunen/nas/bigdata/final/kurosiwo_S1_DEM/277/277_03_MK0_SLOPE_20180327.tif,KuroSiwo_COG_V8/277/s1_dem/277_03_MK0_SLOPE_20180327_cog.tif,s1_dem,277,bilinear,256,DEFLATE,ok,gdal_translate COG 成功,2026-05-21T20:50:30.883220
/home/NAS/homes/chunen-10029/bigdata/final/kurosiwo_S1_DEM/277/277_03_MS1_IVH_20180327.tif,/home/chunen/nas/bigdata/final/kurosiwo_S1_DEM/277/277_03_MS1_IVH_20180327.tif,KuroSiwo_COG_V8/277/s1_dem/277_03_MS1_IVH_20180327_cog.tif,s1_dem,277,bilinear,256,DEFLATE,ok,gdal_translate COG 成功,2026-05-21T20:50:32.617486
/home/NAS/homes/chunen-10029/bigdata/final/kurosiwo_S1_DEM/277/277_03_MS1_IVV_20180327.tif,/home/chunen/nas/bigdata/final/kurosiwo_S1_DEM/277/277_03_MS1_IVV_20180327.tif,KuroSiwo_COG_V8/277/s1_dem/277_03_MS1_IVV_20180327_cog.tif,s1_dem,277,bilinear,256,DEFLATE,ok,gdal_translate COG 成功,2026-05-21T20:50:34.347490
/home/NAS/homes/chunen-10029/bigdata/final/kurosiwo_S1_DEM/277/277_03_SL1_IVH_20170829.tif,/home/chunen/nas/bigdata/final/kurosiwo_S1_DEM/277/277_03_SL1_IVH_20170829.tif,KuroSiwo_COG_V8/277/s1_dem/277_03_SL1_IVH_20170829_cog.tif,s1_dem,277,bilinear,256,DEFLATE,ok,gdal_translate COG 成功,2026-05-21T20:50:36.167929
/home/NAS/homes/chunen-10029/bigdata/final/kurosiwo_S1_DEM/277/277_03_SL1_IVV_20170829.tif,/home/chunen/nas/bigdata/final/kurosiwo_S1_DEM/277/277_03_SL1_IVV_20170829.tif,KuroSiwo_COG_V8/277/s1_dem/277_03_SL1_IVV_20170829_cog.tif,s1_dem,277,bilinear,256,DEFLATE,ok,gdal_translate COG 成功,2026-05-21T20:50:38.005316
/home/NAS/homes/chunen-10029/bigdata/final/kurosiwo_S1_DEM/277/277_03_SL2_IVH_20170730.tif,/home/chunen/nas/bigdata/final/kurosiwo_S1_DEM/277/277_03_SL2_IVH_20170730.tif,KuroSiwo_COG_V8/277/s1_dem/277_03_SL2_IVH_20170730_cog.tif,s1_dem,277,bilinear,256,DEFLATE,ok,gdal_translate COG 成功,2026-05-21T20:50:39.769814
/home/NAS/homes/chunen-10029/bigdata/final/kurosiwo_S1_DEM/277/277_03_SL2_IVV_20170730.tif,/home/chunen/nas/bigdata/final/kurosiwo_S1_DEM/277/277_03_SL2_IVV_20170730.tif,KuroSiwo_COG_V8/277/s1_dem/277_03_SL2_IVV_20170730_cog.tif,s1_dem,277,bilinear,256,DEFLATE,ok,gdal_translate COG 成功,2026-05-21T20:50:41.814336
/home/NAS/homes/chunen-10029/bigdata/final/kurosiwo_S1_DEM/279/279_05_MK0_DEM_20180413.tif,/home/chunen/nas/bigdata/final/kurosiwo_S1_DEM/279/279_05_MK0_DEM_20180413.tif,KuroSiwo_COG_V8/279/dem/279_05_MK0_DEM_20180413_cog.tif,dem,279,bilinear,256,DEFLATE,ok,gdal_translate COG 成功,2026-05-21T20:50:44.766277
/home/NAS/homes/chunen-10029/bigdata/final/kurosiwo_S1_DEM/279/279_05_MK0_MLU_20180413.tif,/home/chunen/nas/bigdata/final/kurosiwo_S1_DEM/279/279_05_MK0_MLU_20180413.tif,KuroSiwo_COG_V8/279/lulc/279_05_MK0_MLU_20180413_cog.tif,lulc,279,nearest,256,DEFLATE,ok,gdal_translate COG 成功,2026-05-21T20:50:45.032241
/home/NAS/homes/chunen-10029/bigdata/final/kurosiwo_S1_DEM/279/279_05_MK0_MNA_20180413.tif,/home/chunen/nas/bigdata/final/kurosiwo_S1_DEM/279/279_05_MK0_MNA_20180413.tif,KuroSiwo_COG_V8/279/s1_dem/279_05_MK0_MNA_20180413_cog.tif,s1_dem,279,bilinear,256,DEFLATE,ok,gdal_translate COG 成功,2026-05-21T20:50:45.303218
/home/NAS/homes/chunen-10029/bigdata/final/kurosiwo_S1_DEM/279/279_05_MK0_SLOPE_20180413.tif,/home/chunen/nas/bigdata/final/kurosiwo_S1_DEM/279/279_05_MK0_SLOPE_20180413.tif,KuroSiwo_COG_V8/279/s1_dem/279_05_MK0_SLOPE_20180413_cog.tif,s1_dem,279,bilinear,256,DEFLATE,ok,gdal_translate COG 成功,2026-05-21T20:50:47.516568
/home/NAS/homes/chunen-10029/bigdata/final/kurosiwo_S1_DEM/279/279_05_MS1_IVH_20180413.tif,/home/chunen/nas/bigdata/final/kurosiwo_S1_DEM/279/279_05_MS1_IVH_20180413.tif,KuroSiwo_COG_V8/279/s1_dem/279_05_MS1_IVH_20180413_cog.tif,s1_dem,279,bilinear,256,DEFLATE,ok,gdal_translate COG 成功,2026-05-21T20:50:49.838948
/home/NAS/homes/chunen-10029/bigdata/final/kurosiwo_S1_DEM/279/279_05_MS1_IVV_20180413.tif,/home/chunen/nas/bigdata/final/kurosiwo_S1_DEM/279/279_05_MS1_IVV_20180413.tif,KuroSiwo_COG_V8/279/s1_dem/279_05_MS1_IVV_20180413_cog.tif,s1_dem,279,bilinear,256,DEFLATE,ok,gdal_translate COG 成功,2026-05-21T20:50:52.362753
/home/NAS/homes/chunen-10029/bigdata/final/kurosiwo_S1_DEM/279/279_05_SL1_IVH_20170915.tif,/home/chunen/nas/bigdata/final/kurosiwo_S1_DEM/279/279_05_SL1_IVH_20170915.tif,KuroSiwo_COG_V8/279/s1_dem/279_05_SL1_IVH_20170915_cog.tif,s1_dem,279,bilinear,256,DEFLATE,ok,gdal_translate COG 成功,2026-05-21T20:50:55.257232
/home/NAS/homes/chunen-10029/bigdata/final/kurosiwo_S1_DEM/279/279_05_SL1_IVV_20170915.tif,/home/chunen/nas/bigdata/final/kurosiwo_S1_DEM/279/279_05_SL1_IVV_20170915.tif,KuroSiwo_COG_V8/279/s1_dem/279_05_SL1_IVV_20170915_cog.tif,s1_dem,279,bilinear,256,DEFLATE,ok,gdal_translate COG 成功,2026-05-21T20:50:57.361605
/home/NAS/homes/chunen-10029/bigdata/final/kurosiwo_S1_DEM/279/279_05_SL2_IVH_20170822.tif,/home/chunen/nas/bigdata/final/kurosiwo_S1_DEM/279/279_05_SL2_IVH_20170822.tif,KuroSiwo_COG_V8/279/s1_dem/279_05_SL2_IVH_20170822_cog.tif,s1_dem,279,bilinear,256,DEFLATE,ok,gdal_translate COG 成功,2026-05-21T20:50:59.520094
/home/NAS/homes/chunen-10029/bigdata/final/kurosiwo_S1_DEM/279/279_05_SL2_IVV_20170822.tif,/home/chunen/nas/bigdata/final/kurosiwo_S1_DEM/279/279_05_SL2_IVV_20170822.tif,KuroSiwo_COG_V8/279/s1_dem/279_05_SL2_IVV_20170822_cog.tif,s1_dem,279,bilinear,256,DEFLATE,ok,gdal_translate COG 成功,2026-05-21T20:51:01.795133
/home/NAS/homes/chunen-10029/bigdata/final/kurosiwo_S1_DEM/279/279_06_MK0_DEM_20180413.tif,/home/chunen/nas/bigdata/final/kurosiwo_S1_DEM/279/279_06_MK0_DEM_20180413.tif,KuroSiwo_COG_V8/279/dem/279_06_MK0_DEM_20180413_cog.tif,dem,279,bilinear,256,DEFLATE,ok,gdal_translate COG 成功,2026-05-21T20:51:04.696012
/home/NAS/homes/chunen-10029/bigdata/final/kurosiwo_S1_DEM/279/279_06_MK0_MLU_20180413.tif,/home/chunen/nas/bigdata/final/kurosiwo_S1_DEM/279/279_06_MK0_MLU_20180413.tif,KuroSiwo_COG_V8/279/lulc/279_06_MK0_MLU_20180413_cog.tif,lulc,279,nearest,256,DEFLATE,ok,gdal_translate COG 成功,2026-05-21T20:51:05.270917
/home/NAS/homes/chunen-10029/bigdata/final/kurosiwo_S1_DEM/279/279_06_MK0_MNA_20180413.tif,/home/chunen/nas/bigdata/final/kurosiwo_S1_DEM/279/279_06_MK0_MNA_20180413.tif,KuroSiwo_COG_V8/279/s1_dem/279_06_MK0_MNA_20180413_cog.tif,s1_dem,279,bilinear,256,DEFLATE,ok,gdal_translate COG 成功,2026-05-21T20:51:05.793426
/home/NAS/homes/chunen-10029/bigdata/final/kurosiwo_S1_DEM/279/279_06_MK0_SLOPE_20180413.tif,/home/chunen/nas/bigdata/final/kurosiwo_S1_DEM/279/279_06_MK0_SLOPE_20180413.tif,KuroSiwo_COG_V8/279/s1_dem/279_06_MK0_SLOPE_20180413_cog.tif,s1_dem,279,bilinear,256,DEFLATE,ok,gdal_translate COG 成功,2026-05-21T20:51:08.045283
/home/NAS/homes/chunen-10029/bigdata/final/kurosiwo_S1_DEM/279/279_06_MS1_IVH_20180413.tif,/home/chunen/nas/bigdata/final/kurosiwo_S1_DEM/279/279_06_MS1_IVH_20180413.tif,KuroSiwo_COG_V8/279/s1_dem/279_06_MS1_IVH_20180413_cog.tif,s1_dem,279,bilinear,256,DEFLATE,ok,gdal_translate COG 成功,2026-05-21T20:51:10.200224
/home/NAS/homes/chunen-10029/bigdata/final/kurosiwo_S1_DEM/279/279_06_MS1_IVV_20180413.tif,/home/chunen/nas/bigdata/final/kurosiwo_S1_DEM/279/279_06_MS1_IVV_20180413.tif,KuroSiwo_COG_V8/279/s1_dem/279_06_MS1_IVV_20180413_cog.tif,s1_dem,279,bilinear,256,DEFLATE,ok,gdal_translate COG 成功,2026-05-21T20:51:12.440472
/home/NAS/homes/chunen-10029/bigdata/final/kurosiwo_S1_DEM/279/279_06_SL1_IVH_20170915.tif,/home/chunen/nas/bigdata/final/kurosiwo_S1_DEM/279/279_06_SL1_IVH_20170915.tif,KuroSiwo_COG_V8/279/s1_dem/279_06_SL1_IVH_20170915_cog.tif,s1_dem,279,bilinear,256,DEFLATE,ok,gdal_translate COG 成功,2026-05-21T20:51:14.501515
/home/NAS/homes/chunen-10029/bigdata/final/kurosiwo_S1_DEM/279/279_06_SL1_IVV_20170915.tif,/home/chunen/nas/bigdata/final/kurosiwo_S1_DEM/279/279_06_SL1_IVV_20170915.tif,KuroSiwo_COG_V8/279/s1_dem/279_06_SL1_IVV_20170915_cog.tif,s1_dem,279,bilinear,256,DEFLATE,ok,gdal_translate COG 成功,2026-05-21T20:51:16.805487
/home/NAS/homes/chunen-10029/bigdata/final/kurosiwo_S1_DEM/279/279_06_SL2_IVH_20170822.tif,/home/chunen/nas/bigdata/final/kurosiwo_S1_DEM/279/279_06_SL2_IVH_20170822.tif,KuroSiwo_COG_V8/279/s1_dem/279_06_SL2_IVH_20170822_cog.tif,s1_dem,279,bilinear,256,DEFLATE,ok,gdal_translate COG 成功,2026-05-21T20:51:20.264911
/home/NAS/homes/chunen-10029/bigdata/final/kurosiwo_S1_DEM/279/279_06_SL2_IVV_20170822.tif,/home/chunen/nas/bigdata/final/kurosiwo_S1_DEM/279/279_06_SL2_IVV_20170822.tif,KuroSiwo_COG_V8/279/s1_dem/279_06_SL2_IVV_20170822_cog.tif,s1_dem,279,bilinear,256,DEFLATE,ok,gdal_translate COG 成功,2026-05-21T20:51:22.394115
/home/NAS/homes/chunen-10029/bigdata/final/kurosiwo_S1_DEM/279/279_11_MK0_DEM_20180419.tif,/home/chunen/nas/bigdata/final/kurosiwo_S1_DEM/279/279_11_MK0_DEM_20180419.tif,KuroSiwo_COG_V8/279/dem/279_11_MK0_DEM_20180419_cog.tif,dem,279,bilinear,256,DEFLATE,ok,gdal_translate COG 成功,2026-05-21T20:51:23.918305
/home/NAS/homes/chunen-10029/bigdata/final/kurosiwo_S1_DEM/279/279_11_MK0_MLU_20180419.tif,/home/chunen/nas/bigdata/final/kurosiwo_S1_DEM/279/279_11_MK0_MLU_20180419.tif,KuroSiwo_COG_V8/279/lulc/279_11_MK0_MLU_20180419_cog.tif,lulc,279,nearest,256,DEFLATE,ok,gdal_translate COG 成功,2026-05-21T20:51:24.266123
/home/NAS/homes/chunen-10029/bigdata/final/kurosiwo_S1_DEM/279/279_11_MK0_MNA_20180419.tif,/home/chunen/nas/bigdata/final/kurosiwo_S1_DEM/279/279_11_MK0_MNA_20180419.tif,KuroSiwo_COG_V8/279/s1_dem/279_11_MK0_MNA_20180419_cog.tif,s1_dem,279,bilinear,256,DEFLATE,ok,gdal_translate COG 成功,2026-05-21T20:51:24.547459
/home/NAS/homes/chunen-10029/bigdata/final/kurosiwo_S1_DEM/279/279_11_MK0_SLOPE_20180419.tif,/home/chunen/nas/bigdata/final/kurosiwo_S1_DEM/279/279_11_MK0_SLOPE_20180419.tif,KuroSiwo_COG_V8/279/s1_dem/279_11_MK0_SLOPE_20180419_cog.tif,s1_dem,279,bilinear,256,DEFLATE,ok,gdal_translate COG 成功,2026-05-21T20:51:26.202769
/home/NAS/homes/chunen-10029/bigdata/final/kurosiwo_S1_DEM/279/279_11_MS1_IVH_20180419.tif,/home/chunen/nas/bigdata/final/kurosiwo_S1_DEM/279/279_11_MS1_IVH_20180419.tif,KuroSiwo_COG_V8/279/s1_dem/279_11_MS1_IVH_20180419_cog.tif,s1_dem,279,bilinear,256,DEFLATE,ok,gdal_translate COG 成功,2026-05-21T20:51:27.885278
/home/NAS/homes/chunen-10029/bigdata/final/kurosiwo_S1_DEM/279/279_11_MS1_IVV_20180419.tif,/home/chunen/nas/bigdata/final/kurosiwo_S1_DEM/279/279_11_MS1_IVV_20180419.tif,KuroSiwo_COG_V8/279/s1_dem/279_11_MS1_IVV_20180419_cog.tif,s1_dem,279,bilinear,256,DEFLATE,ok,gdal_translate COG 成功,2026-05-21T20:51:29.512374
/home/NAS/homes/chunen-10029/bigdata/final/kurosiwo_S1_DEM/279/279_11_SL1_IVH_20170915.tif,/home/chunen/nas/bigdata/final/kurosiwo_S1_DEM/279/279_11_SL1_IVH_20170915.tif,KuroSiwo_COG_V8/279/s1_dem/279_11_SL1_IVH_20170915_cog.tif,s1_dem,279,bilinear,256,DEFLATE,ok,gdal_translate COG 成功,2026-05-21T20:51:31.268712
/home/NAS/homes/chunen-10029/bigdata/final/kurosiwo_S1_DEM/279/279_11_SL1_IVV_20170915.tif,/home/chunen/nas/bigdata/final/kurosiwo_S1_DEM/279/279_11_SL1_IVV_20170915.tif,KuroSiwo_COG_V8/279/s1_dem/279_11_SL1_IVV_20170915_cog.tif,s1_dem,279,bilinear,256,DEFLATE,ok,gdal_translate COG 成功,2026-05-21T20:51:32.961748
/home/NAS/homes/chunen-10029/bigdata/final/kurosiwo_S1_DEM/279/279_11_SL2_IVH_20170828.tif,/home/chunen/nas/bigdata/final/kurosiwo_S1_DEM/279/279_11_SL2_IVH_20170828.tif,KuroSiwo_COG_V8/279/s1_dem/279_11_SL2_IVH_20170828_cog.tif,s1_dem,279,bilinear,256,DEFLATE,ok,gdal_translate COG 成功,2026-05-21T20:51:35.039404
/home/NAS/homes/chunen-10029/bigdata/final/kurosiwo_S1_DEM/279/279_11_SL2_IVV_20170828.tif,/home/chunen/nas/bigdata/final/kurosiwo_S1_DEM/279/279_11_SL2_IVV_20170828.tif,KuroSiwo_COG_V8/279/s1_dem/279_11_SL2_IVV_20170828_cog.tif,s1_dem,279,bilinear,256,DEFLATE,ok,gdal_translate COG 成功,2026-05-21T20:51:38.216938
/home/NAS/homes/chunen-10029/bigdata/final/kurosiwo_S1_DEM/321/321_01_MK0_DEM_20181007.tif,/home/chunen/nas/bigdata/final/kurosiwo_S1_DEM/321/321_01_MK0_DEM_20181007.tif,KuroSiwo_COG_V8/321/dem/321_01_MK0_DEM_20181007_cog.tif,dem,321,bilinear,256,DEFLATE,ok,gdal_translate COG 成功,2026-05-21T20:51:38.749786
/home/NAS/homes/chunen-10029/bigdata/final/kurosiwo_S1_DEM/321/321_01_MK0_MLU_20181007.tif,/home/chunen/nas/bigdata/final/kurosiwo_S1_DEM/321/321_01_MK0_MLU_20181007.tif,KuroSiwo_COG_V8/321/lulc/321_01_MK0_MLU_20181007_cog.tif,lulc,321,nearest,256,DEFLATE,ok,gdal_translate COG 成功,2026-05-21T20:51:38.894048
/home/NAS/homes/chunen-10029/bigdata/final/kurosiwo_S1_DEM/321/321_01_MK0_MNA_20181007.tif,/home/chunen/nas/bigdata/final/kurosiwo_S1_DEM/321/321_01_MK0_MNA_20181007.tif,KuroSiwo_COG_V8/321/s1_dem/321_01_MK0_MNA_20181007_cog.tif,s1_dem,321,bilinear,256,DEFLATE,ok,gdal_translate COG 成功,2026-05-21T20:51:39.053912
/home/NAS/homes/chunen-10029/bigdata/final/kurosiwo_S1_DEM/321/321_01_MK0_SLOPE_20181007.tif,/home/chunen/nas/bigdata/final/kurosiwo_S1_DEM/321/321_01_MK0_SLOPE_20181007.tif,KuroSiwo_COG_V8/321/s1_dem/321_01_MK0_SLOPE_20181007_cog.tif,s1_dem,321,bilinear,256,DEFLATE,ok,gdal_translate COG 成功,2026-05-21T20:51:39.603844
/home/NAS/homes/chunen-10029/bigdata/final/kurosiwo_S1_DEM/321/321_01_MS1_IVH_20181007.tif,/home/chunen/nas/bigdata/final/kurosiwo_S1_DEM/321/321_01_MS1_IVH_20181007.tif,KuroSiwo_COG_V8/321/s1_dem/321_01_MS1_IVH_20181007_cog.tif,s1_dem,321,bilinear,256,DEFLATE,ok,gdal_translate COG 成功,2026-05-21T20:51:40.136759
/home/NAS/homes/chunen-10029/bigdata/final/kurosiwo_S1_DEM/321/321_01_MS1_IVV_20181007.tif,/home/chunen/nas/bigdata/final/kurosiwo_S1_DEM/321/321_01_MS1_IVV_20181007.tif,KuroSiwo_COG_V8/321/s1_dem/321_01_MS1_IVV_20181007_cog.tif,s1_dem,321,bilinear,256,DEFLATE,ok,gdal_translate COG 成功,2026-05-21T20:51:40.700572
/home/NAS/homes/chunen-10029/bigdata/final/kurosiwo_S1_DEM/321/321_01_SL1_IVH_20171223.tif,/home/chunen/nas/bigdata/final/kurosiwo_S1_DEM/321/321_01_SL1_IVH_20171223.tif,KuroSiwo_COG_V8/321/s1_dem/321_01_SL1_IVH_20171223_cog.tif,s1_dem,321,bilinear,256,DEFLATE,ok,gdal_translate COG 成功,2026-05-21T20:51:41.269662
/home/NAS/homes/chunen-10029/bigdata/final/kurosiwo_S1_DEM/321/321_01_SL1_IVV_20171223.tif,/home/chunen/nas/bigdata/final/kurosiwo_S1_DEM/321/321_01_SL1_IVV_20171223.tif,KuroSiwo_COG_V8/321/s1_dem/321_01_SL1_IVV_20171223_cog.tif,s1_dem,321,bilinear,256,DEFLATE,ok,gdal_translate COG 成功,2026-05-21T20:51:41.779337
/home/NAS/homes/chunen-10029/bigdata/final/kurosiwo_S1_DEM/321/321_01_SL2_IVH_20171211.tif,/home/chunen/nas/bigdata/final/kurosiwo_S1_DEM/321/321_01_SL2_IVH_20171211.tif,KuroSiwo_COG_V8/321/s1_dem/321_01_SL2_IVH_20171211_cog.tif,s1_dem,321,bilinear,256,DEFLATE,ok,gdal_translate COG 成功,2026-05-21T20:51:42.240444
/home/NAS/homes/chunen-10029/bigdata/final/kurosiwo_S1_DEM/321/321_01_SL2_IVV_20171211.tif,/home/chunen/nas/bigdata/final/kurosiwo_S1_DEM/321/321_01_SL2_IVV_20171211.tif,KuroSiwo_COG_V8/321/s1_dem/321_01_SL2_IVV_20171211_cog.tif,s1_dem,321,bilinear,256,DEFLATE,ok,gdal_translate COG 成功,2026-05-21T20:51:42.811212
/home/NAS/homes/chunen-10029/bigdata/final/kurosiwo_S1_DEM/321/321_02_MK0_DEM_20181007.tif,/home/chunen/nas/bigdata/final/kurosiwo_S1_DEM/321/321_02_MK0_DEM_20181007.tif,KuroSiwo_COG_V8/321/dem/321_02_MK0_DEM_20181007_cog.tif,dem,321,bilinear,256,DEFLATE,ok,gdal_translate COG 成功,2026-05-21T20:51:43.589391
/home/NAS/homes/chunen-10029/bigdata/final/kurosiwo_S1_DEM/321/321_02_MK0_MLU_20181007.tif,/home/chunen/nas/bigdata/final/kurosiwo_S1_DEM/321/321_02_MK0_MLU_20181007.tif,KuroSiwo_COG_V8/321/lulc/321_02_MK0_MLU_20181007_cog.tif,lulc,321,nearest,256,DEFLATE,ok,gdal_translate COG 成功,2026-05-21T20:51:43.787827
/home/NAS/homes/chunen-10029/bigdata/final/kurosiwo_S1_DEM/321/321_02_MK0_MNA_20181007.tif,/home/chunen/nas/bigdata/final/kurosiwo_S1_DEM/321/321_02_MK0_MNA_20181007.tif,KuroSiwo_COG_V8/321/s1_dem/321_02_MK0_MNA_20181007_cog.tif,s1_dem,321,bilinear,256,DEFLATE,ok,gdal_translate COG 成功,2026-05-21T20:51:43.926153
/home/NAS/homes/chunen-10029/bigdata/final/kurosiwo_S1_DEM/321/321_02_MK0_SLOPE_20181007.tif,/home/chunen/nas/bigdata/final/kurosiwo_S1_DEM/321/321_02_MK0_SLOPE_20181007.tif,KuroSiwo_COG_V8/321/s1_dem/321_02_MK0_SLOPE_20181007_cog.tif,s1_dem,321,bilinear,256,DEFLATE,ok,gdal_translate COG 成功,2026-05-21T20:51:44.508087
/home/NAS/homes/chunen-10029/bigdata/final/kurosiwo_S1_DEM/321/321_02_MS1_IVH_20181007.tif,/home/chunen/nas/bigdata/final/kurosiwo_S1_DEM/321/321_02_MS1_IVH_20181007.tif,KuroSiwo_COG_V8/321/s1_dem/321_02_MS1_IVH_20181007_cog.tif,s1_dem,321,bilinear,256,DEFLATE,ok,gdal_translate COG 成功,2026-05-21T20:51:45.068801
/home/NAS/homes/chunen-10029/bigdata/final/kurosiwo_S1_DEM/321/321_02_MS1_IVV_20181007.tif,/home/chunen/nas/bigdata/final/kurosiwo_S1_DEM/321/321_02_MS1_IVV_20181007.tif,KuroSiwo_COG_V8/321/s1_dem/321_02_MS1_IVV_20181007_cog.tif,s1_dem,321,bilinear,256,DEFLATE,ok,gdal_translate COG 成功,2026-05-21T20:51:45.607599
/home/NAS/homes/chunen-10029/bigdata/final/kurosiwo_S1_DEM/321/321_02_SL1_IVH_20171223.tif,/home/chunen/nas/bigdata/final/kurosiwo_S1_DEM/321/321_02_SL1_IVH_20171223.tif,KuroSiwo_COG_V8/321/s1_dem/321_02_SL1_IVH_20171223_cog.tif,s1_dem,321,bilinear,256,DEFLATE,ok,gdal_translate COG 成功,2026-05-21T20:51:46.135465
/home/NAS/homes/chunen-10029/bigdata/final/kurosiwo_S1_DEM/321/321_02_SL1_IVV_20171223.tif,/home/chunen/nas/bigdata/final/kurosiwo_S1_DEM/321/321_02_SL1_IVV_20171223.tif,KuroSiwo_COG_V8/321/s1_dem/321_02_SL1_IVV_20171223_cog.tif,s1_dem,321,bilinear,256,DEFLATE,ok,gdal_translate COG 成功,2026-05-21T20:51:46.702567
/home/NAS/homes/chunen-10029/bigdata/final/kurosiwo_S1_DEM/321/321_02_SL2_IVH_20171211.tif,/home/chunen/nas/bigdata/final/kurosiwo_S1_DEM/321/321_02_SL2_IVH_20171211.tif,KuroSiwo_COG_V8/321/s1_dem/321_02_SL2_IVH_20171211_cog.tif,s1_dem,321,bilinear,256,DEFLATE,ok,gdal_translate COG 成功,2026-05-21T20:51:47.234630
/home/NAS/homes/chunen-10029/bigdata/final/kurosiwo_S1_DEM/321/321_02_SL2_IVV_20171211.tif,/home/chunen/nas/bigdata/final/kurosiwo_S1_DEM/321/321_02_SL2_IVV_20171211.tif,KuroSiwo_COG_V8/321/s1_dem/321_02_SL2_IVV_20171211_cog.tif,s1_dem,321,bilinear,256,DEFLATE,ok,gdal_translate COG 成功,2026-05-21T20:51:47.799985
/home/NAS/homes/chunen-10029/bigdata/final/kurosiwo_S1_DEM/321/321_03_MK0_DEM_20181007.tif,/home/chunen/nas/bigdata/final/kurosiwo_S1_DEM/321/321_03_MK0_DEM_20181007.tif,KuroSiwo_COG_V8/321/dem/321_03_MK0_DEM_20181007_cog.tif,dem,321,bilinear,256,DEFLATE,ok,gdal_translate COG 成功,2026-05-21T20:51:48.338553
/home/NAS/homes/chunen-10029/bigdata/final/kurosiwo_S1_DEM/321/321_03_MK0_MLU_20181007.tif,/home/chunen/nas/bigdata/final/kurosiwo_S1_DEM/321/321_03_MK0_MLU_20181007.tif,KuroSiwo_COG_V8/321/lulc/321_03_MK0_MLU_20181007_cog.tif,lulc,321,nearest,256,DEFLATE,ok,gdal_translate COG 成功,2026-05-21T20:51:48.484585
/home/NAS/homes/chunen-10029/bigdata/final/kurosiwo_S1_DEM/321/321_03_MK0_MNA_20181007.tif,/home/chunen/nas/bigdata/final/kurosiwo_S1_DEM/321/321_03_MK0_MNA_20181007.tif,KuroSiwo_COG_V8/321/s1_dem/321_03_MK0_MNA_20181007_cog.tif,s1_dem,321,bilinear,256,DEFLATE,ok,gdal_translate COG 成功,2026-05-21T20:51:48.635082
/home/NAS/homes/chunen-10029/bigdata/final/kurosiwo_S1_DEM/321/321_03_MK0_SLOPE_20181007.tif,/home/chunen/nas/bigdata/final/kurosiwo_S1_DEM/321/321_03_MK0_SLOPE_20181007.tif,KuroSiwo_COG_V8/321/s1_dem/321_03_MK0_SLOPE_20181007_cog.tif,s1_dem,321,bilinear,256,DEFLATE,ok,gdal_translate COG 成功,2026-05-21T20:51:49.281349
/home/NAS/homes/chunen-10029/bigdata/final/kurosiwo_S1_DEM/321/321_03_MS1_IVH_20181007.tif,/home/chunen/nas/bigdata/final/kurosiwo_S1_DEM/321/321_03_MS1_IVH_20181007.tif,KuroSiwo_COG_V8/321/s1_dem/321_03_MS1_IVH_20181007_cog.tif,s1_dem,321,bilinear,256,DEFLATE,ok,gdal_translate COG 成功,2026-05-21T20:51:49.820205
/home/NAS/homes/chunen-10029/bigdata/final/kurosiwo_S1_DEM/321/321_03_MS1_IVV_20181007.tif,/home/chunen/nas/bigdata/final/kurosiwo_S1_DEM/321/321_03_MS1_IVV_20181007.tif,KuroSiwo_COG_V8/321/s1_dem/321_03_MS1_IVV_20181007_cog.tif,s1_dem,321,bilinear,256,DEFLATE,ok,gdal_translate COG 成功,2026-05-21T20:51:50.345076
/home/NAS/homes/chunen-10029/bigdata/final/kurosiwo_S1_DEM/321/321_03_SL1_IVH_20171223.tif,/home/chunen/nas/bigdata/final/kurosiwo_S1_DEM/321/321_03_SL1_IVH_20171223.tif,KuroSiwo_COG_V8/321/s1_dem/321_03_SL1_IVH_20171223_cog.tif,s1_dem,321,bilinear,256,DEFLATE,ok,gdal_translate COG 成功,2026-05-21T20:51:51.180525
/home/NAS/homes/chunen-10029/bigdata/final/kurosiwo_S1_DEM/321/321_03_SL1_IVV_20171223.tif,/home/chunen/nas/bigdata/final/kurosiwo_S1_DEM/321/321_03_SL1_IVV_20171223.tif,KuroSiwo_COG_V8/321/s1_dem/321_03_SL1_IVV_20171223_cog.tif,s1_dem,321,bilinear,256,DEFLATE,ok,gdal_translate COG 成功,2026-05-21T20:51:51.708866
/home/NAS/homes/chunen-10029/bigdata/final/kurosiwo_S1_DEM/321/321_03_SL2_IVH_20171211.tif,/home/chunen/nas/bigdata/final/kurosiwo_S1_DEM/321/321_03_SL2_IVH_20171211.tif,KuroSiwo_COG_V8/321/s1_dem/321_03_SL2_IVH_20171211_cog.tif,s1_dem,321,bilinear,256,DEFLATE,ok,gdal_translate COG 成功,2026-05-21T20:51:52.246044
/home/NAS/homes/chunen-10029/bigdata/final/kurosiwo_S1_DEM/321/321_03_SL2_IVV_20171211.tif,/home/chunen/nas/bigdata/final/kurosiwo_S1_DEM/321/321_03_SL2_IVV_20171211.tif,KuroSiwo_COG_V8/321/s1_dem/321_03_SL2_IVV_20171211_cog.tif,s1_dem,321,bilinear,256,DEFLATE,ok,gdal_translate COG 成功,2026-05-21T20:51:52.726074
/home/NAS/homes/chunen-10029/bigdata/final/kurosiwo_S1_DEM/321/321_04_MK0_DEM_20181007.tif,/home/chunen/nas/bigdata/final/kurosiwo_S1_DEM/321/321_04_MK0_DEM_20181007.tif,KuroSiwo_COG_V8/321/dem/321_04_MK0_DEM_20181007_cog.tif,dem,321,bilinear,256,DEFLATE,ok,gdal_translate COG 成功,2026-05-21T20:51:53.050334
/home/NAS/homes/chunen-10029/bigdata/final/kurosiwo_S1_DEM/321/321_04_MK0_MLU_20181007.tif,/home/chunen/nas/bigdata/final/kurosiwo_S1_DEM/321/321_04_MK0_MLU_20181007.tif,KuroSiwo_COG_V8/321/lulc/321_04_MK0_MLU_20181007_cog.tif,lulc,321,nearest,256,DEFLATE,ok,gdal_translate COG 成功,2026-05-21T20:51:53.189147
/home/NAS/homes/chunen-10029/bigdata/final/kurosiwo_S1_DEM/321/321_04_MK0_MNA_20181007.tif,/home/chunen/nas/bigdata/final/kurosiwo_S1_DEM/321/321_04_MK0_MNA_20181007.tif,KuroSiwo_COG_V8/321/s1_dem/321_04_MK0_MNA_20181007_cog.tif,s1_dem,321,bilinear,256,DEFLATE,ok,gdal_translate COG 成功,2026-05-21T20:51:53.315298
/home/NAS/homes/chunen-10029/bigdata/final/kurosiwo_S1_DEM/321/321_04_MK0_SLOPE_20181007.tif,/home/chunen/nas/bigdata/final/kurosiwo_S1_DEM/321/321_04_MK0_SLOPE_20181007.tif,KuroSiwo_COG_V8/321/s1_dem/321_04_MK0_SLOPE_20181007_cog.tif,s1_dem,321,bilinear,256,DEFLATE,ok,gdal_translate COG 成功,2026-05-21T20:51:53.804533
/home/NAS/homes/chunen-10029/bigdata/final/kurosiwo_S1_DEM/321/321_04_MS1_IVH_20181007.tif,/home/chunen/nas/bigdata/final/kurosiwo_S1_DEM/321/321_04_MS1_IVH_20181007.tif,KuroSiwo_COG_V8/321/s1_dem/321_04_MS1_IVH_20181007_cog.tif,s1_dem,321,bilinear,256,DEFLATE,ok,gdal_translate COG 成功,2026-05-21T20:51:54.126877
/home/NAS/homes/chunen-10029/bigdata/final/kurosiwo_S1_DEM/321/321_04_MS1_IVV_20181007.tif,/home/chunen/nas/bigdata/final/kurosiwo_S1_DEM/321/321_04_MS1_IVV_20181007.tif,KuroSiwo_COG_V8/321/s1_dem/321_04_MS1_IVV_20181007_cog.tif,s1_dem,321,bilinear,256,DEFLATE,ok,gdal_translate COG 成功,2026-05-21T20:51:54.447837
/home/NAS/homes/chunen-10029/bigdata/final/kurosiwo_S1_DEM/321/321_04_SL1_IVH_20171223.tif,/home/chunen/nas/bigdata/final/kurosiwo_S1_DEM/321/321_04_SL1_IVH_20171223.tif,KuroSiwo_COG_V8/321/s1_dem/321_04_SL1_IVH_20171223_cog.tif,s1_dem,321,bilinear,256,DEFLATE,ok,gdal_translate COG 成功,2026-05-21T20:51:54.984292
/home/NAS/homes/chunen-10029/bigdata/final/kurosiwo_S1_DEM/321/321_04_SL1_IVV_20171223.tif,/home/chunen/nas/bigdata/final/kurosiwo_S1_DEM/321/321_04_SL1_IVV_20171223.tif,KuroSiwo_COG_V8/321/s1_dem/321_04_SL1_IVV_20171223_cog.tif,s1_dem,321,bilinear,256,DEFLATE,ok,gdal_translate COG 成功,2026-05-21T20:51:55.374958
/home/NAS/homes/chunen-10029/bigdata/final/kurosiwo_S1_DEM/321/321_04_SL2_IVH_20171211.tif,/home/chunen/nas/bigdata/final/kurosiwo_S1_DEM/321/321_04_SL2_IVH_20171211.tif,KuroSiwo_COG_V8/321/s1_dem/321_04_SL2_IVH_20171211_cog.tif,s1_dem,321,bilinear,256,DEFLATE,ok,gdal_translate COG 成功,2026-05-21T20:51:55.724343
/home/NAS/homes/chunen-10029/bigdata/final/kurosiwo_S1_DEM/321/321_04_SL2_IVV_20171211.tif,/home/chunen/nas/bigdata/final/kurosiwo_S1_DEM/321/321_04_SL2_IVV_20171211.tif,KuroSiwo_COG_V8/321/s1_dem/321_04_SL2_IVV_20171211_cog.tif,s1_dem,321,bilinear,256,DEFLATE,ok,gdal_translate COG 成功,2026-05-21T20:51:56.899193
/home/NAS/homes/chunen-10029/bigdata/final/kurosiwo_S1_DEM/324/324_01_MK0_DEM_20181016.tif,/home/chunen/nas/bigdata/final/kurosiwo_S1_DEM/324/324_01_MK0_DEM_20181016.tif,KuroSiwo_COG_V8/324/dem/324_01_MK0_DEM_20181016_cog.tif,dem,324,bilinear,256,DEFLATE,ok,gdal_translate COG 成功,2026-05-21T20:51:57.595918
/home/NAS/homes/chunen-10029/bigdata/final/kurosiwo_S1_DEM/324/324_01_MK0_MLU_20181016.tif,/home/chunen/nas/bigdata/final/kurosiwo_S1_DEM/324/324_01_MK0_MLU_20181016.tif,KuroSiwo_COG_V8/324/lulc/324_01_MK0_MLU_20181016_cog.tif,lulc,324,nearest,256,DEFLATE,ok,gdal_translate COG 成功,2026-05-21T20:51:57.747311
/home/NAS/homes/chunen-10029/bigdata/final/kurosiwo_S1_DEM/324/324_01_MK0_MNA_20181016.tif,/home/chunen/nas/bigdata/final/kurosiwo_S1_DEM/324/324_01_MK0_MNA_20181016.tif,KuroSiwo_COG_V8/324/s1_dem/324_01_MK0_MNA_20181016_cog.tif,s1_dem,324,bilinear,256,DEFLATE,ok,gdal_translate COG 成功,2026-05-21T20:51:57.903033
/home/NAS/homes/chunen-10029/bigdata/final/kurosiwo_S1_DEM/324/324_01_MK0_SLOPE_20181016.tif,/home/chunen/nas/bigdata/final/kurosiwo_S1_DEM/324/324_01_MK0_SLOPE_20181016.tif,KuroSiwo_COG_V8/324/s1_dem/324_01_MK0_SLOPE_20181016_cog.tif,s1_dem,324,bilinear,256,DEFLATE,ok,gdal_translate COG 成功,2026-05-21T20:51:58.548380
/home/NAS/homes/chunen-10029/bigdata/final/kurosiwo_S1_DEM/324/324_01_MS1_IVH_20181016.tif,/home/chunen/nas/bigdata/final/kurosiwo_S1_DEM/324/324_01_MS1_IVH_20181016.tif,KuroSiwo_COG_V8/324/s1_dem/324_01_MS1_IVH_20181016_cog.tif,s1_dem,324,bilinear,256,DEFLATE,ok,gdal_translate COG 成功,2026-05-21T20:51:59.147482
/home/NAS/homes/chunen-10029/bigdata/final/kurosiwo_S1_DEM/324/324_01_MS1_IVV_20181016.tif,/home/chunen/nas/bigdata/final/kurosiwo_S1_DEM/324/324_01_MS1_IVV_20181016.tif,KuroSiwo_COG_V8/324/s1_dem/324_01_MS1_IVV_20181016_cog.tif,s1_dem,324,bilinear,256,DEFLATE,ok,gdal_translate COG 成功,2026-05-21T20:51:59.757068
/home/NAS/homes/chunen-10029/bigdata/final/kurosiwo_S1_DEM/324/324_01_SL1_IVH_20180830.tif,/home/chunen/nas/bigdata/final/kurosiwo_S1_DEM/324/324_01_SL1_IVH_20180830.tif,KuroSiwo_COG_V8/324/s1_dem/324_01_SL1_IVH_20180830_cog.tif,s1_dem,324,bilinear,256,DEFLATE,ok,gdal_translate COG 成功,2026-05-21T20:52:00.367325
/home/NAS/homes/chunen-10029/bigdata/final/kurosiwo_S1_DEM/324/324_01_SL1_IVV_20180830.tif,/home/chunen/nas/bigdata/final/kurosiwo_S1_DEM/324/324_01_SL1_IVV_20180830.tif,KuroSiwo_COG_V8/324/s1_dem/324_01_SL1_IVV_20180830_cog.tif,s1_dem,324,bilinear,256,DEFLATE,ok,gdal_translate COG 成功,2026-05-21T20:52:00.933925
/home/NAS/homes/chunen-10029/bigdata/final/kurosiwo_S1_DEM/324/324_01_SL2_IVH_20180713.tif,/home/chunen/nas/bigdata/final/kurosiwo_S1_DEM/324/324_01_SL2_IVH_20180713.tif,KuroSiwo_COG_V8/324/s1_dem/324_01_SL2_IVH_20180713_cog.tif,s1_dem,324,bilinear,256,DEFLATE,ok,gdal_translate COG 成功,2026-05-21T20:52:01.655398
/home/NAS/homes/chunen-10029/bigdata/final/kurosiwo_S1_DEM/324/324_01_SL2_IVV_20180713.tif,/home/chunen/nas/bigdata/final/kurosiwo_S1_DEM/324/324_01_SL2_IVV_20180713.tif,KuroSiwo_COG_V8/324/s1_dem/324_01_SL2_IVV_20180713_cog.tif,s1_dem,324,bilinear,256,DEFLATE,ok,gdal_translate COG 成功,2026-05-21T20:52:02.227449
/home/NAS/homes/chunen-10029/bigdata/final/kurosiwo_S1_DEM/324/324_02_MK0_DEM_20181016.tif,/home/chunen/nas/bigdata/final/kurosiwo_S1_DEM/324/324_02_MK0_DEM_20181016.tif,KuroSiwo_COG_V8/324/dem/324_02_MK0_DEM_20181016_cog.tif,dem,324,bilinear,256,DEFLATE,ok,gdal_translate COG 成功,2026-05-21T20:52:02.734511
/home/NAS/homes/chunen-10029/bigdata/final/kurosiwo_S1_DEM/324/324_02_MK0_MLU_20181016.tif,/home/chunen/nas/bigdata/final/kurosiwo_S1_DEM/324/324_02_MK0_MLU_20181016.tif,KuroSiwo_COG_V8/324/lulc/324_02_MK0_MLU_20181016_cog.tif,lulc,324,nearest,256,DEFLATE,ok,gdal_translate COG 成功,2026-05-21T20:52:02.876614
/home/NAS/homes/chunen-10029/bigdata/final/kurosiwo_S1_DEM/324/324_02_MK0_MNA_20181016.tif,/home/chunen/nas/bigdata/final/kurosiwo_S1_DEM/324/324_02_MK0_MNA_20181016.tif,KuroSiwo_COG_V8/324/s1_dem/324_02_MK0_MNA_20181016_cog.tif,s1_dem,324,bilinear,256,DEFLATE,ok,gdal_translate COG 成功,2026-05-21T20:52:03.022701
/home/NAS/homes/chunen-10029/bigdata/final/kurosiwo_S1_DEM/324/324_02_MK0_SLOPE_20181016.tif,/home/chunen/nas/bigdata/final/kurosiwo_S1_DEM/324/324_02_MK0_SLOPE_20181016.tif,KuroSiwo_COG_V8/324/s1_dem/324_02_MK0_SLOPE_20181016_cog.tif,s1_dem,324,bilinear,256,DEFLATE,ok,gdal_translate COG 成功,2026-05-21T20:52:03.556004
/home/NAS/homes/chunen-10029/bigdata/final/kurosiwo_S1_DEM/324/324_02_MS1_IVH_20181016.tif,/home/chunen/nas/bigdata/final/kurosiwo_S1_DEM/324/324_02_MS1_IVH_20181016.tif,KuroSiwo_COG_V8/324/s1_dem/324_02_MS1_IVH_20181016_cog.tif,s1_dem,324,bilinear,256,DEFLATE,ok,gdal_translate COG 成功,2026-05-21T20:52:04.365892
/home/NAS/homes/chunen-10029/bigdata/final/kurosiwo_S1_DEM/324/324_02_MS1_IVV_20181016.tif,/home/chunen/nas/bigdata/final/kurosiwo_S1_DEM/324/324_02_MS1_IVV_20181016.tif,KuroSiwo_COG_V8/324/s1_dem/324_02_MS1_IVV_20181016_cog.tif,s1_dem,324,bilinear,256,DEFLATE,ok,gdal_translate COG 成功,2026-05-21T20:52:05.019082
/home/NAS/homes/chunen-10029/bigdata/final/kurosiwo_S1_DEM/324/324_02_SL1_IVH_20180830.tif,/home/chunen/nas/bigdata/final/kurosiwo_S1_DEM/324/324_02_SL1_IVH_20180830.tif,KuroSiwo_COG_V8/324/s1_dem/324_02_SL1_IVH_20180830_cog.tif,s1_dem,324,bilinear,256,DEFLATE,ok,gdal_translate COG 成功,2026-05-21T20:52:05.637076
/home/NAS/homes/chunen-10029/bigdata/final/kurosiwo_S1_DEM/324/324_02_SL1_IVV_20180830.tif,/home/chunen/nas/bigdata/final/kurosiwo_S1_DEM/324/324_02_SL1_IVV_20180830.tif,KuroSiwo_COG_V8/324/s1_dem/324_02_SL1_IVV_20180830_cog.tif,s1_dem,324,bilinear,256,DEFLATE,ok,gdal_translate COG 成功,2026-05-21T20:52:06.236842
/home/NAS/homes/chunen-10029/bigdata/final/kurosiwo_S1_DEM/324/324_02_SL2_IVH_20180713.tif,/home/chunen/nas/bigdata/final/kurosiwo_S1_DEM/324/324_02_SL2_IVH_20180713.tif,KuroSiwo_COG_V8/324/s1_dem/324_02_SL2_IVH_20180713_cog.tif,s1_dem,324,bilinear,256,DEFLATE,ok,gdal_translate COG 成功,2026-05-21T20:52:08.012721
/home/NAS/homes/chunen-10029/bigdata/final/kurosiwo_S1_DEM/324/324_02_SL2_IVV_20180713.tif,/home/chunen/nas/bigdata/final/kurosiwo_S1_DEM/324/324_02_SL2_IVV_20180713.tif,KuroSiwo_COG_V8/324/s1_dem/324_02_SL2_IVV_20180713_cog.tif,s1_dem,324,bilinear,256,DEFLATE,ok,gdal_translate COG 成功,2026-05-21T20:52:08.787602
/home/NAS/homes/chunen-10029/bigdata/final/kurosiwo_S1_DEM/324/324_03_MK0_DEM_20181016.tif,/home/chunen/nas/bigdata/final/kurosiwo_S1_DEM/324/324_03_MK0_DEM_20181016.tif,KuroSiwo_COG_V8/324/dem/324_03_MK0_DEM_20181016_cog.tif,dem,324,bilinear,256,DEFLATE,ok,gdal_translate COG 成功,2026-05-21T20:52:09.366061
/home/NAS/homes/chunen-10029/bigdata/final/kurosiwo_S1_DEM/324/324_03_MK0_MLU_20181016.tif,/home/chunen/nas/bigdata/final/kurosiwo_S1_DEM/324/324_03_MK0_MLU_20181016.tif,KuroSiwo_COG_V8/324/lulc/324_03_MK0_MLU_20181016_cog.tif,lulc,324,nearest,256,DEFLATE,ok,gdal_translate COG 成功,2026-05-21T20:52:09.508048
/home/NAS/homes/chunen-10029/bigdata/final/kurosiwo_S1_DEM/324/324_03_MK0_MNA_20181016.tif,/home/chunen/nas/bigdata/final/kurosiwo_S1_DEM/324/324_03_MK0_MNA_20181016.tif,KuroSiwo_COG_V8/324/s1_dem/324_03_MK0_MNA_20181016_cog.tif,s1_dem,324,bilinear,256,DEFLATE,ok,gdal_translate COG 成功,2026-05-21T20:52:09.642374
/home/NAS/homes/chunen-10029/bigdata/final/kurosiwo_S1_DEM/324/324_03_MK0_SLOPE_20181016.tif,/home/chunen/nas/bigdata/final/kurosiwo_S1_DEM/324/324_03_MK0_SLOPE_20181016.tif,KuroSiwo_COG_V8/324/s1_dem/324_03_MK0_SLOPE_20181016_cog.tif,s1_dem,324,bilinear,256,DEFLATE,ok,gdal_translate COG 成功,2026-05-21T20:52:10.243207
/home/NAS/homes/chunen-10029/bigdata/final/kurosiwo_S1_DEM/324/324_03_MS1_IVH_20181016.tif,/home/chunen/nas/bigdata/final/kurosiwo_S1_DEM/324/324_03_MS1_IVH_20181016.tif,KuroSiwo_COG_V8/324/s1_dem/324_03_MS1_IVH_20181016_cog.tif,s1_dem,324,bilinear,256,DEFLATE,ok,gdal_translate COG 成功,2026-05-21T20:52:10.868799
/home/NAS/homes/chunen-10029/bigdata/final/kurosiwo_S1_DEM/324/324_03_MS1_IVV_20181016.tif,/home/chunen/nas/bigdata/final/kurosiwo_S1_DEM/324/324_03_MS1_IVV_20181016.tif,KuroSiwo_COG_V8/324/s1_dem/324_03_MS1_IVV_20181016_cog.tif,s1_dem,324,bilinear,256,DEFLATE,ok,gdal_translate COG 成功,2026-05-21T20:52:11.463330
/home/NAS/homes/chunen-10029/bigdata/final/kurosiwo_S1_DEM/324/324_03_SL1_IVH_20180830.tif,/home/chunen/nas/bigdata/final/kurosiwo_S1_DEM/324/324_03_SL1_IVH_20180830.tif,KuroSiwo_COG_V8/324/s1_dem/324_03_SL1_IVH_20180830_cog.tif,s1_dem,324,bilinear,256,DEFLATE,ok,gdal_translate COG 成功,2026-05-21T20:52:12.053973
/home/NAS/homes/chunen-10029/bigdata/final/kurosiwo_S1_DEM/324/324_03_SL1_IVV_20180830.tif,/home/chunen/nas/bigdata/final/kurosiwo_S1_DEM/324/324_03_SL1_IVV_20180830.tif,KuroSiwo_COG_V8/324/s1_dem/324_03_SL1_IVV_20180830_cog.tif,s1_dem,324,bilinear,256,DEFLATE,ok,gdal_translate COG 成功,2026-05-21T20:52:12.625711
/home/NAS/homes/chunen-10029/bigdata/final/kurosiwo_S1_DEM/324/324_03_SL2_IVH_20180713.tif,/home/chunen/nas/bigdata/final/kurosiwo_S1_DEM/324/324_03_SL2_IVH_20180713.tif,KuroSiwo_COG_V8/324/s1_dem/324_03_SL2_IVH_20180713_cog.tif,s1_dem,324,bilinear,256,DEFLATE,ok,gdal_translate COG 成功,2026-05-21T20:52:13.516677
/home/NAS/homes/chunen-10029/bigdata/final/kurosiwo_S1_DEM/324/324_03_SL2_IVV_20180713.tif,/home/chunen/nas/bigdata/final/kurosiwo_S1_DEM/324/324_03_SL2_IVV_20180713.tif,KuroSiwo_COG_V8/324/s1_dem/324_03_SL2_IVV_20180713_cog.tif,s1_dem,324,bilinear,256,DEFLATE,ok,gdal_translate COG 成功,2026-05-21T20:52:14.164390
/home/NAS/homes/chunen-10029/bigdata/final/kurosiwo_S1_DEM/324/324_04_MK0_DEM_20181016.tif,/home/chunen/nas/bigdata/final/kurosiwo_S1_DEM/324/324_04_MK0_DEM_20181016.tif,KuroSiwo_COG_V8/324/dem/324_04_MK0_DEM_20181016_cog.tif,dem,324,bilinear,256,DEFLATE,ok,gdal_translate COG 成功,2026-05-21T20:52:14.684304
/home/NAS/homes/chunen-10029/bigdata/final/kurosiwo_S1_DEM/324/324_04_MK0_MLU_20181016.tif,/home/chunen/nas/bigdata/final/kurosiwo_S1_DEM/324/324_04_MK0_MLU_20181016.tif,KuroSiwo_COG_V8/324/lulc/324_04_MK0_MLU_20181016_cog.tif,lulc,324,nearest,256,DEFLATE,ok,gdal_translate COG 成功,2026-05-21T20:52:14.833429
/home/NAS/homes/chunen-10029/bigdata/final/kurosiwo_S1_DEM/324/324_04_MK0_MNA_20181016.tif,/home/chunen/nas/bigdata/final/kurosiwo_S1_DEM/324/324_04_MK0_MNA_20181016.tif,KuroSiwo_COG_V8/324/s1_dem/324_04_MK0_MNA_20181016_cog.tif,s1_dem,324,bilinear,256,DEFLATE,ok,gdal_translate COG 成功,2026-05-21T20:52:14.968385
/home/NAS/homes/chunen-10029/bigdata/final/kurosiwo_S1_DEM/324/324_04_MK0_SLOPE_20181016.tif,/home/chunen/nas/bigdata/final/kurosiwo_S1_DEM/324/324_04_MK0_SLOPE_20181016.tif,KuroSiwo_COG_V8/324/s1_dem/324_04_MK0_SLOPE_20181016_cog.tif,s1_dem,324,bilinear,256,DEFLATE,ok,gdal_translate COG 成功,2026-05-21T20:52:15.397375
/home/NAS/homes/chunen-10029/bigdata/final/kurosiwo_S1_DEM/324/324_04_MS1_IVH_20181016.tif,/home/chunen/nas/bigdata/final/kurosiwo_S1_DEM/324/324_04_MS1_IVH_20181016.tif,KuroSiwo_COG_V8/324/s1_dem/324_04_MS1_IVH_20181016_cog.tif,s1_dem,324,bilinear,256,DEFLATE,ok,gdal_translate COG 成功,2026-05-21T20:52:15.853318
/home/NAS/homes/chunen-10029/bigdata/final/kurosiwo_S1_DEM/324/324_04_MS1_IVV_20181016.tif,/home/chunen/nas/bigdata/final/kurosiwo_S1_DEM/324/324_04_MS1_IVV_20181016.tif,KuroSiwo_COG_V8/324/s1_dem/324_04_MS1_IVV_20181016_cog.tif,s1_dem,324,bilinear,256,DEFLATE,ok,gdal_translate COG 成功,2026-05-21T20:52:16.622470
/home/NAS/homes/chunen-10029/bigdata/final/kurosiwo_S1_DEM/324/324_04_SL1_IVH_20180830.tif,/home/chunen/nas/bigdata/final/kurosiwo_S1_DEM/324/324_04_SL1_IVH_20180830.tif,KuroSiwo_COG_V8/324/s1_dem/324_04_SL1_IVH_20180830_cog.tif,s1_dem,324,bilinear,256,DEFLATE,ok,gdal_translate COG 成功,2026-05-21T20:52:17.262211
/home/NAS/homes/chunen-10029/bigdata/final/kurosiwo_S1_DEM/324/324_04_SL1_IVV_20180830.tif,/home/chunen/nas/bigdata/final/kurosiwo_S1_DEM/324/324_04_SL1_IVV_20180830.tif,KuroSiwo_COG_V8/324/s1_dem/324_04_SL1_IVV_20180830_cog.tif,s1_dem,324,bilinear,256,DEFLATE,ok,gdal_translate COG 成功,2026-05-21T20:52:17.710171
/home/NAS/homes/chunen-10029/bigdata/final/kurosiwo_S1_DEM/324/324_04_SL2_IVH_20180713.tif,/home/chunen/nas/bigdata/final/kurosiwo_S1_DEM/324/324_04_SL2_IVH_20180713.tif,KuroSiwo_COG_V8/324/s1_dem/324_04_SL2_IVH_20180713_cog.tif,s1_dem,324,bilinear,256,DEFLATE,ok,gdal_translate COG 成功,2026-05-21T20:52:18.115665
/home/NAS/homes/chunen-10029/bigdata/final/kurosiwo_S1_DEM/324/324_04_SL2_IVV_20180713.tif,/home/chunen/nas/bigdata/final/kurosiwo_S1_DEM/324/324_04_SL2_IVV_20180713.tif,KuroSiwo_COG_V8/324/s1_dem/324_04_SL2_IVV_20180713_cog.tif,s1_dem,324,bilinear,256,DEFLATE,ok,gdal_translate COG 成功,2026-05-21T20:52:18.560492
/home/NAS/homes/chunen-10029/bigdata/final/kurosiwo_S1_DEM/411/411_01_MK0_DEM_20191125.tif,/home/chunen/nas/bigdata/final/kurosiwo_S1_DEM/411/411_01_MK0_DEM_20191125.tif,KuroSiwo_COG_V8/411/dem/411_01_MK0_DEM_20191125_cog.tif,dem,411,bilinear,256,DEFLATE,ok,gdal_translate COG 成功,2026-05-21T20:52:19.130500
/home/NAS/homes/chunen-10029/bigdata/final/kurosiwo_S1_DEM/411/411_01_MK0_MLU_20191125.tif,/home/chunen/nas/bigdata/final/kurosiwo_S1_DEM/411/411_01_MK0_MLU_20191125.tif,KuroSiwo_COG_V8/411/lulc/411_01_MK0_MLU_20191125_cog.tif,lulc,411,nearest,256,DEFLATE,ok,gdal_translate COG 成功,2026-05-21T20:52:19.262962
/home/NAS/homes/chunen-10029/bigdata/final/kurosiwo_S1_DEM/411/411_01_MK0_MNA_20191125.tif,/home/chunen/nas/bigdata/final/kurosiwo_S1_DEM/411/411_01_MK0_MNA_20191125.tif,KuroSiwo_COG_V8/411/s1_dem/411_01_MK0_MNA_20191125_cog.tif,s1_dem,411,bilinear,256,DEFLATE,ok,gdal_translate COG 成功,2026-05-21T20:52:19.409337
/home/NAS/homes/chunen-10029/bigdata/final/kurosiwo_S1_DEM/411/411_01_MK0_SLOPE_20191125.tif,/home/chunen/nas/bigdata/final/kurosiwo_S1_DEM/411/411_01_MK0_SLOPE_20191125.tif,KuroSiwo_COG_V8/411/s1_dem/411_01_MK0_SLOPE_20191125_cog.tif,s1_dem,411,bilinear,256,DEFLATE,ok,gdal_translate COG 成功,2026-05-21T20:52:19.974066
/home/NAS/homes/chunen-10029/bigdata/final/kurosiwo_S1_DEM/411/411_01_MS1_IVH_20191125.tif,/home/chunen/nas/bigdata/final/kurosiwo_S1_DEM/411/411_01_MS1_IVH_20191125.tif,KuroSiwo_COG_V8/411/s1_dem/411_01_MS1_IVH_20191125_cog.tif,s1_dem,411,bilinear,256,DEFLATE,ok,gdal_translate COG 成功,2026-05-21T20:52:21.458626
/home/NAS/homes/chunen-10029/bigdata/final/kurosiwo_S1_DEM/411/411_01_MS1_IVV_20191125.tif,/home/chunen/nas/bigdata/final/kurosiwo_S1_DEM/411/411_01_MS1_IVV_20191125.tif,KuroSiwo_COG_V8/411/s1_dem/411_01_MS1_IVV_20191125_cog.tif,s1_dem,411,bilinear,256,DEFLATE,ok,gdal_translate COG 成功,2026-05-21T20:52:22.004376
/home/NAS/homes/chunen-10029/bigdata/final/kurosiwo_S1_DEM/411/411_01_SL1_IVH_20191020.tif,/home/chunen/nas/bigdata/final/kurosiwo_S1_DEM/411/411_01_SL1_IVH_20191020.tif,KuroSiwo_COG_V8/411/s1_dem/411_01_SL1_IVH_20191020_cog.tif,s1_dem,411,bilinear,256,DEFLATE,ok,gdal_translate COG 成功,2026-05-21T20:52:22.528401
/home/NAS/homes/chunen-10029/bigdata/final/kurosiwo_S1_DEM/411/411_01_SL1_IVV_20191020.tif,/home/chunen/nas/bigdata/final/kurosiwo_S1_DEM/411/411_01_SL1_IVV_20191020.tif,KuroSiwo_COG_V8/411/s1_dem/411_01_SL1_IVV_20191020_cog.tif,s1_dem,411,bilinear,256,DEFLATE,ok,gdal_translate COG 成功,2026-05-21T20:52:23.181842
/home/NAS/homes/chunen-10029/bigdata/final/kurosiwo_S1_DEM/411/411_01_SL2_IVH_20190902.tif,/home/chunen/nas/bigdata/final/kurosiwo_S1_DEM/411/411_01_SL2_IVH_20190902.tif,KuroSiwo_COG_V8/411/s1_dem/411_01_SL2_IVH_20190902_cog.tif,s1_dem,411,bilinear,256,DEFLATE,ok,gdal_translate COG 成功,2026-05-21T20:52:23.904278
/home/NAS/homes/chunen-10029/bigdata/final/kurosiwo_S1_DEM/411/411_01_SL2_IVV_20190902.tif,/home/chunen/nas/bigdata/final/kurosiwo_S1_DEM/411/411_01_SL2_IVV_20190902.tif,KuroSiwo_COG_V8/411/s1_dem/411_01_SL2_IVV_20190902_cog.tif,s1_dem,411,bilinear,256,DEFLATE,ok,gdal_translate COG 成功,2026-05-21T20:52:24.508449
/home/NAS/homes/chunen-10029/bigdata/final/kurosiwo_S1_DEM/417/417_01_MK0_DEM_20191223.tif,/home/chunen/nas/bigdata/final/kurosiwo_S1_DEM/417/417_01_MK0_DEM_20191223.tif,KuroSiwo_COG_V8/417/dem/417_01_MK0_DEM_20191223_cog.tif,dem,417,bilinear,256,DEFLATE,ok,gdal_translate COG 成功,2026-05-21T20:52:25.797554
/home/NAS/homes/chunen-10029/bigdata/final/kurosiwo_S1_DEM/417/417_01_MK0_MLU_20191223.tif,/home/chunen/nas/bigdata/final/kurosiwo_S1_DEM/417/417_01_MK0_MLU_20191223.tif,KuroSiwo_COG_V8/417/lulc/417_01_MK0_MLU_20191223_cog.tif,lulc,417,nearest,256,DEFLATE,ok,gdal_translate COG 成功,2026-05-21T20:52:26.020161
/home/NAS/homes/chunen-10029/bigdata/final/kurosiwo_S1_DEM/417/417_01_MK0_MNA_20191223.tif,/home/chunen/nas/bigdata/final/kurosiwo_S1_DEM/417/417_01_MK0_MNA_20191223.tif,KuroSiwo_COG_V8/417/s1_dem/417_01_MK0_MNA_20191223_cog.tif,s1_dem,417,bilinear,256,DEFLATE,ok,gdal_translate COG 成功,2026-05-21T20:52:26.245362
/home/NAS/homes/chunen-10029/bigdata/final/kurosiwo_S1_DEM/417/417_01_MK0_SLOPE_20191223.tif,/home/chunen/nas/bigdata/final/kurosiwo_S1_DEM/417/417_01_MK0_SLOPE_20191223.tif,KuroSiwo_COG_V8/417/s1_dem/417_01_MK0_SLOPE_20191223_cog.tif,s1_dem,417,bilinear,256,DEFLATE,ok,gdal_translate COG 成功,2026-05-21T20:52:27.776511
/home/NAS/homes/chunen-10029/bigdata/final/kurosiwo_S1_DEM/417/417_01_MS1_IVH_20191223.tif,/home/chunen/nas/bigdata/final/kurosiwo_S1_DEM/417/417_01_MS1_IVH_20191223.tif,KuroSiwo_COG_V8/417/s1_dem/417_01_MS1_IVH_20191223_cog.tif,s1_dem,417,bilinear,256,DEFLATE,ok,gdal_translate COG 成功,2026-05-21T20:52:29.051235
/home/NAS/homes/chunen-10029/bigdata/final/kurosiwo_S1_DEM/417/417_01_MS1_IVV_20191223.tif,/home/chunen/nas/bigdata/final/kurosiwo_S1_DEM/417/417_01_MS1_IVV_20191223.tif,KuroSiwo_COG_V8/417/s1_dem/417_01_MS1_IVV_20191223_cog.tif,s1_dem,417,bilinear,256,DEFLATE,ok,gdal_translate COG 成功,2026-05-21T20:52:30.445406
/home/NAS/homes/chunen-10029/bigdata/final/kurosiwo_S1_DEM/417/417_01_SL1_IVH_20190825.tif,/home/chunen/nas/bigdata/final/kurosiwo_S1_DEM/417/417_01_SL1_IVH_20190825.tif,KuroSiwo_COG_V8/417/s1_dem/417_01_SL1_IVH_20190825_cog.tif,s1_dem,417,bilinear,256,DEFLATE,ok,gdal_translate COG 成功,2026-05-21T20:52:31.740783
/home/NAS/homes/chunen-10029/bigdata/final/kurosiwo_S1_DEM/417/417_01_SL1_IVV_20190825.tif,/home/chunen/nas/bigdata/final/kurosiwo_S1_DEM/417/417_01_SL1_IVV_20190825.tif,KuroSiwo_COG_V8/417/s1_dem/417_01_SL1_IVV_20190825_cog.tif,s1_dem,417,bilinear,256,DEFLATE,ok,gdal_translate COG 成功,2026-05-21T20:52:33.583278
/home/NAS/homes/chunen-10029/bigdata/final/kurosiwo_S1_DEM/417/417_01_SL2_IVH_20190813.tif,/home/chunen/nas/bigdata/final/kurosiwo_S1_DEM/417/417_01_SL2_IVH_20190813.tif,KuroSiwo_COG_V8/417/s1_dem/417_01_SL2_IVH_20190813_cog.tif,s1_dem,417,bilinear,256,DEFLATE,ok,gdal_translate COG 成功,2026-05-21T20:52:35.098138
/home/NAS/homes/chunen-10029/bigdata/final/kurosiwo_S1_DEM/417/417_01_SL2_IVV_20190813.tif,/home/chunen/nas/bigdata/final/kurosiwo_S1_DEM/417/417_01_SL2_IVV_20190813.tif,KuroSiwo_COG_V8/417/s1_dem/417_01_SL2_IVV_20190813_cog.tif,s1_dem,417,bilinear,256,DEFLATE,ok,gdal_translate COG 成功,2026-05-21T20:52:36.649597
/home/NAS/homes/chunen-10029/bigdata/final/kurosiwo_S1_DEM/421/421_05_MK0_DEM_20200123.tif,/home/chunen/nas/bigdata/final/kurosiwo_S1_DEM/421/421_05_MK0_DEM_20200123.tif,KuroSiwo_COG_V8/421/dem/421_05_MK0_DEM_20200123_cog.tif,dem,421,bilinear,256,DEFLATE,ok,gdal_translate COG 成功,2026-05-21T20:52:37.175418
/home/NAS/homes/chunen-10029/bigdata/final/kurosiwo_S1_DEM/421/421_05_MK0_MLU_20200123.tif,/home/chunen/nas/bigdata/final/kurosiwo_S1_DEM/421/421_05_MK0_MLU_20200123.tif,KuroSiwo_COG_V8/421/lulc/421_05_MK0_MLU_20200123_cog.tif,lulc,421,nearest,256,DEFLATE,ok,gdal_translate COG 成功,2026-05-21T20:52:37.330702
/home/NAS/homes/chunen-10029/bigdata/final/kurosiwo_S1_DEM/421/421_05_MK0_MNA_20200123.tif,/home/chunen/nas/bigdata/final/kurosiwo_S1_DEM/421/421_05_MK0_MNA_20200123.tif,KuroSiwo_COG_V8/421/s1_dem/421_05_MK0_MNA_20200123_cog.tif,s1_dem,421,bilinear,256,DEFLATE,ok,gdal_translate COG 成功,2026-05-21T20:52:37.482603
/home/NAS/homes/chunen-10029/bigdata/final/kurosiwo_S1_DEM/421/421_05_MK0_SLOPE_20200123.tif,/home/chunen/nas/bigdata/final/kurosiwo_S1_DEM/421/421_05_MK0_SLOPE_20200123.tif,KuroSiwo_COG_V8/421/s1_dem/421_05_MK0_SLOPE_20200123_cog.tif,s1_dem,421,bilinear,256,DEFLATE,ok,gdal_translate COG 成功,2026-05-21T20:52:37.990742
/home/NAS/homes/chunen-10029/bigdata/final/kurosiwo_S1_DEM/421/421_05_MS1_IVH_20200123.tif,/home/chunen/nas/bigdata/final/kurosiwo_S1_DEM/421/421_05_MS1_IVH_20200123.tif,KuroSiwo_COG_V8/421/s1_dem/421_05_MS1_IVH_20200123_cog.tif,s1_dem,421,bilinear,256,DEFLATE,ok,gdal_translate COG 成功,2026-05-21T20:52:39.992164
/home/NAS/homes/chunen-10029/bigdata/final/kurosiwo_S1_DEM/421/421_05_MS1_IVV_20200123.tif,/home/chunen/nas/bigdata/final/kurosiwo_S1_DEM/421/421_05_MS1_IVV_20200123.tif,KuroSiwo_COG_V8/421/s1_dem/421_05_MS1_IVV_20200123_cog.tif,s1_dem,421,bilinear,256,DEFLATE,ok,gdal_translate COG 成功,2026-05-21T20:52:40.667490
/home/NAS/homes/chunen-10029/bigdata/final/kurosiwo_S1_DEM/421/421_05_SL1_IVH_20190620.tif,/home/chunen/nas/bigdata/final/kurosiwo_S1_DEM/421/421_05_SL1_IVH_20190620.tif,KuroSiwo_COG_V8/421/s1_dem/421_05_SL1_IVH_20190620_cog.tif,s1_dem,421,bilinear,256,DEFLATE,ok,gdal_translate COG 成功,2026-05-21T20:52:41.292953
/home/NAS/homes/chunen-10029/bigdata/final/kurosiwo_S1_DEM/421/421_05_SL1_IVV_20190620.tif,/home/chunen/nas/bigdata/final/kurosiwo_S1_DEM/421/421_05_SL1_IVV_20190620.tif,KuroSiwo_COG_V8/421/s1_dem/421_05_SL1_IVV_20190620_cog.tif,s1_dem,421,bilinear,256,DEFLATE,ok,gdal_translate COG 成功,2026-05-21T20:52:41.873681
/home/NAS/homes/chunen-10029/bigdata/final/kurosiwo_S1_DEM/421/421_05_SL2_IVH_20190603.tif,/home/chunen/nas/bigdata/final/kurosiwo_S1_DEM/421/421_05_SL2_IVH_20190603.tif,KuroSiwo_COG_V8/421/s1_dem/421_05_SL2_IVH_20190603_cog.tif,s1_dem,421,bilinear,256,DEFLATE,ok,gdal_translate COG 成功,2026-05-21T20:52:42.777582
/home/NAS/homes/chunen-10029/bigdata/final/kurosiwo_S1_DEM/421/421_05_SL2_IVV_20190603.tif,/home/chunen/nas/bigdata/final/kurosiwo_S1_DEM/421/421_05_SL2_IVV_20190603.tif,KuroSiwo_COG_V8/421/s1_dem/421_05_SL2_IVV_20190603_cog.tif,s1_dem,421,bilinear,256,DEFLATE,ok,gdal_translate COG 成功,2026-05-21T20:52:43.432287
/home/NAS/homes/chunen-10029/bigdata/final/kurosiwo_S1_DEM/427/427_03_MK0_DEM_20200222.tif,/home/chunen/nas/bigdata/final/kurosiwo_S1_DEM/427/427_03_MK0_DEM_20200222.tif,KuroSiwo_COG_V8/427/dem/427_03_MK0_DEM_20200222_cog.tif,dem,427,bilinear,256,DEFLATE,ok,gdal_translate COG 成功,2026-05-21T20:52:48.957272
/home/NAS/homes/chunen-10029/bigdata/final/kurosiwo_S1_DEM/427/427_03_MK0_MLU_20200222.tif,/home/chunen/nas/bigdata/final/kurosiwo_S1_DEM/427/427_03_MK0_MLU_20200222.tif,KuroSiwo_COG_V8/427/lulc/427_03_MK0_MLU_20200222_cog.tif,lulc,427,nearest,256,DEFLATE,ok,gdal_translate COG 成功,2026-05-21T20:52:49.983620
/home/NAS/homes/chunen-10029/bigdata/final/kurosiwo_S1_DEM/427/427_03_MK0_MNA_20200222.tif,/home/chunen/nas/bigdata/final/kurosiwo_S1_DEM/427/427_03_MK0_MNA_20200222.tif,KuroSiwo_COG_V8/427/s1_dem/427_03_MK0_MNA_20200222_cog.tif,s1_dem,427,bilinear,256,DEFLATE,ok,gdal_translate COG 成功,2026-05-21T20:52:50.808939
/home/NAS/homes/chunen-10029/bigdata/final/kurosiwo_S1_DEM/427/427_03_MK0_SLOPE_20200222.tif,/home/chunen/nas/bigdata/final/kurosiwo_S1_DEM/427/427_03_MK0_SLOPE_20200222.tif,KuroSiwo_COG_V8/427/s1_dem/427_03_MK0_SLOPE_20200222_cog.tif,s1_dem,427,bilinear,256,DEFLATE,ok,gdal_translate COG 成功,2026-05-21T20:52:57.325495
/home/NAS/homes/chunen-10029/bigdata/final/kurosiwo_S1_DEM/427/427_03_MS1_IVH_20200222.tif,/home/chunen/nas/bigdata/final/kurosiwo_S1_DEM/427/427_03_MS1_IVH_20200222.tif,KuroSiwo_COG_V8/427/s1_dem/427_03_MS1_IVH_20200222_cog.tif,s1_dem,427,bilinear,256,DEFLATE,ok,gdal_translate COG 成功,2026-05-21T20:53:04.880831
/home/NAS/homes/chunen-10029/bigdata/final/kurosiwo_S1_DEM/427/427_03_MS1_IVV_20200222.tif,/home/chunen/nas/bigdata/final/kurosiwo_S1_DEM/427/427_03_MS1_IVV_20200222.tif,KuroSiwo_COG_V8/427/s1_dem/427_03_MS1_IVV_20200222_cog.tif,s1_dem,427,bilinear,256,DEFLATE,ok,gdal_translate COG 成功,2026-05-21T20:53:13.330003
/home/NAS/homes/chunen-10029/bigdata/final/kurosiwo_S1_DEM/427/427_03_SL1_IVH_20190709.tif,/home/chunen/nas/bigdata/final/kurosiwo_S1_DEM/427/427_03_SL1_IVH_20190709.tif,KuroSiwo_COG_V8/427/s1_dem/427_03_SL1_IVH_20190709_cog.tif,s1_dem,427,bilinear,256,DEFLATE,ok,gdal_translate COG 成功,2026-05-21T20:53:21.904768
/home/NAS/homes/chunen-10029/bigdata/final/kurosiwo_S1_DEM/427/427_03_SL1_IVV_20190709.tif,/home/chunen/nas/bigdata/final/kurosiwo_S1_DEM/427/427_03_SL1_IVV_20190709.tif,KuroSiwo_COG_V8/427/s1_dem/427_03_SL1_IVV_20190709_cog.tif,s1_dem,427,bilinear,256,DEFLATE,ok,gdal_translate COG 成功,2026-05-21T20:53:29.626519
/home/NAS/homes/chunen-10029/bigdata/final/kurosiwo_S1_DEM/427/427_03_SL2_IVH_20190627.tif,/home/chunen/nas/bigdata/final/kurosiwo_S1_DEM/427/427_03_SL2_IVH_20190627.tif,KuroSiwo_COG_V8/427/s1_dem/427_03_SL2_IVH_20190627_cog.tif,s1_dem,427,bilinear,256,DEFLATE,ok,gdal_translate COG 成功,2026-05-21T20:53:37.816300
/home/NAS/homes/chunen-10029/bigdata/final/kurosiwo_S1_DEM/427/427_03_SL2_IVV_20190627.tif,/home/chunen/nas/bigdata/final/kurosiwo_S1_DEM/427/427_03_SL2_IVV_20190627.tif,KuroSiwo_COG_V8/427/s1_dem/427_03_SL2_IVV_20190627_cog.tif,s1_dem,427,bilinear,256,DEFLATE,ok,gdal_translate COG 成功,2026-05-21T20:53:45.817763
/home/NAS/homes/chunen-10029/bigdata/final/kurosiwo_S1_DEM/427/427_04_MK0_DEM_20200222.tif,/home/chunen/nas/bigdata/final/kurosiwo_S1_DEM/427/427_04_MK0_DEM_20200222.tif,KuroSiwo_COG_V8/427/dem/427_04_MK0_DEM_20200222_cog.tif,dem,427,bilinear,256,DEFLATE,ok,gdal_translate COG 成功,2026-05-21T20:53:50.764952
/home/NAS/homes/chunen-10029/bigdata/final/kurosiwo_S1_DEM/427/427_04_MK0_MLU_20200222.tif,/home/chunen/nas/bigdata/final/kurosiwo_S1_DEM/427/427_04_MK0_MLU_20200222.tif,KuroSiwo_COG_V8/427/lulc/427_04_MK0_MLU_20200222_cog.tif,lulc,427,nearest,256,DEFLATE,ok,gdal_translate COG 成功,2026-05-21T20:53:51.775549
/home/NAS/homes/chunen-10029/bigdata/final/kurosiwo_S1_DEM/427/427_04_MK0_MNA_20200222.tif,/home/chunen/nas/bigdata/final/kurosiwo_S1_DEM/427/427_04_MK0_MNA_20200222.tif,KuroSiwo_COG_V8/427/s1_dem/427_04_MK0_MNA_20200222_cog.tif,s1_dem,427,bilinear,256,DEFLATE,ok,gdal_translate COG 成功,2026-05-21T20:53:52.392294
/home/NAS/homes/chunen-10029/bigdata/final/kurosiwo_S1_DEM/427/427_04_MK0_SLOPE_20200222.tif,/home/chunen/nas/bigdata/final/kurosiwo_S1_DEM/427/427_04_MK0_SLOPE_20200222.tif,KuroSiwo_COG_V8/427/s1_dem/427_04_MK0_SLOPE_20200222_cog.tif,s1_dem,427,bilinear,256,DEFLATE,ok,gdal_translate COG 成功,2026-05-21T20:53:57.072931
/home/NAS/homes/chunen-10029/bigdata/final/kurosiwo_S1_DEM/427/427_04_MS1_IVH_20200222.tif,/home/chunen/nas/bigdata/final/kurosiwo_S1_DEM/427/427_04_MS1_IVH_20200222.tif,KuroSiwo_COG_V8/427/s1_dem/427_04_MS1_IVH_20200222_cog.tif,s1_dem,427,bilinear,256,DEFLATE,ok,gdal_translate COG 成功,2026-05-21T20:54:02.788326
/home/NAS/homes/chunen-10029/bigdata/final/kurosiwo_S1_DEM/427/427_04_MS1_IVV_20200222.tif,/home/chunen/nas/bigdata/final/kurosiwo_S1_DEM/427/427_04_MS1_IVV_20200222.tif,KuroSiwo_COG_V8/427/s1_dem/427_04_MS1_IVV_20200222_cog.tif,s1_dem,427,bilinear,256,DEFLATE,ok,gdal_translate COG 成功,2026-05-21T20:54:09.083479
/home/NAS/homes/chunen-10029/bigdata/final/kurosiwo_S1_DEM/427/427_04_SL1_IVH_20190709.tif,/home/chunen/nas/bigdata/final/kurosiwo_S1_DEM/427/427_04_SL1_IVH_20190709.tif,KuroSiwo_COG_V8/427/s1_dem/427_04_SL1_IVH_20190709_cog.tif,s1_dem,427,bilinear,256,DEFLATE,ok,gdal_translate COG 成功,2026-05-21T20:54:14.126430
/home/NAS/homes/chunen-10029/bigdata/final/kurosiwo_S1_DEM/427/427_04_SL1_IVV_20190709.tif,/home/chunen/nas/bigdata/final/kurosiwo_S1_DEM/427/427_04_SL1_IVV_20190709.tif,KuroSiwo_COG_V8/427/s1_dem/427_04_SL1_IVV_20190709_cog.tif,s1_dem,427,bilinear,256,DEFLATE,ok,gdal_translate COG 成功,2026-05-21T20:54:19.524999
/home/NAS/homes/chunen-10029/bigdata/final/kurosiwo_S1_DEM/427/427_04_SL2_IVH_20190627.tif,/home/chunen/nas/bigdata/final/kurosiwo_S1_DEM/427/427_04_SL2_IVH_20190627.tif,KuroSiwo_COG_V8/427/s1_dem/427_04_SL2_IVH_20190627_cog.tif,s1_dem,427,bilinear,256,DEFLATE,ok,gdal_translate COG 成功,2026-05-21T20:54:25.324969
/home/NAS/homes/chunen-10029/bigdata/final/kurosiwo_S1_DEM/427/427_04_SL2_IVV_20190627.tif,/home/chunen/nas/bigdata/final/kurosiwo_S1_DEM/427/427_04_SL2_IVV_20190627.tif,KuroSiwo_COG_V8/427/s1_dem/427_04_SL2_IVV_20190627_cog.tif,s1_dem,427,bilinear,256,DEFLATE,ok,gdal_translate COG 成功,2026-05-21T20:54:30.994362
/home/NAS/homes/chunen-10029/bigdata/final/kurosiwo_S1_DEM/437/437_07_MK0_DEM_20200513.tif,/home/chunen/nas/bigdata/final/kurosiwo_S1_DEM/437/437_07_MK0_DEM_20200513.tif,KuroSiwo_COG_V8/437/dem/437_07_MK0_DEM_20200513_cog.tif,dem,437,bilinear,256,DEFLATE,ok,gdal_translate COG 成功,2026-05-21T20:54:32.030259
/home/NAS/homes/chunen-10029/bigdata/final/kurosiwo_S1_DEM/437/437_07_MK0_MLU_20200513.tif,/home/chunen/nas/bigdata/final/kurosiwo_S1_DEM/437/437_07_MK0_MLU_20200513.tif,KuroSiwo_COG_V8/437/lulc/437_07_MK0_MLU_20200513_cog.tif,lulc,437,nearest,256,DEFLATE,ok,gdal_translate COG 成功,2026-05-21T20:54:32.186246
/home/NAS/homes/chunen-10029/bigdata/final/kurosiwo_S1_DEM/437/437_07_MK0_MNA_20200513.tif,/home/chunen/nas/bigdata/final/kurosiwo_S1_DEM/437/437_07_MK0_MNA_20200513.tif,KuroSiwo_COG_V8/437/s1_dem/437_07_MK0_MNA_20200513_cog.tif,s1_dem,437,bilinear,256,DEFLATE,ok,gdal_translate COG 成功,2026-05-21T20:54:32.337790
/home/NAS/homes/chunen-10029/bigdata/final/kurosiwo_S1_DEM/437/437_07_MK0_SLOPE_20200513.tif,/home/chunen/nas/bigdata/final/kurosiwo_S1_DEM/437/437_07_MK0_SLOPE_20200513.tif,KuroSiwo_COG_V8/437/s1_dem/437_07_MK0_SLOPE_20200513_cog.tif,s1_dem,437,bilinear,256,DEFLATE,ok,gdal_translate COG 成功,2026-05-21T20:54:33.046882
/home/NAS/homes/chunen-10029/bigdata/final/kurosiwo_S1_DEM/437/437_07_MS1_IVH_20200513.tif,/home/chunen/nas/bigdata/final/kurosiwo_S1_DEM/437/437_07_MS1_IVH_20200513.tif,KuroSiwo_COG_V8/437/s1_dem/437_07_MS1_IVH_20200513_cog.tif,s1_dem,437,bilinear,256,DEFLATE,ok,gdal_translate COG 成功,2026-05-21T20:54:33.671046
/home/NAS/homes/chunen-10029/bigdata/final/kurosiwo_S1_DEM/437/437_07_MS1_IVV_20200513.tif,/home/chunen/nas/bigdata/final/kurosiwo_S1_DEM/437/437_07_MS1_IVV_20200513.tif,KuroSiwo_COG_V8/437/s1_dem/437_07_MS1_IVV_20200513_cog.tif,s1_dem,437,bilinear,256,DEFLATE,ok,gdal_translate COG 成功,2026-05-21T20:54:34.349692
/home/NAS/homes/chunen-10029/bigdata/final/kurosiwo_S1_DEM/437/437_07_SL1_IVH_20200407.tif,/home/chunen/nas/bigdata/final/kurosiwo_S1_DEM/437/437_07_SL1_IVH_20200407.tif,KuroSiwo_COG_V8/437/s1_dem/437_07_SL1_IVH_20200407_cog.tif,s1_dem,437,bilinear,256,DEFLATE,ok,gdal_translate COG 成功,2026-05-21T20:54:34.929632
/home/NAS/homes/chunen-10029/bigdata/final/kurosiwo_S1_DEM/437/437_07_SL1_IVV_20200407.tif,/home/chunen/nas/bigdata/final/kurosiwo_S1_DEM/437/437_07_SL1_IVV_20200407.tif,KuroSiwo_COG_V8/437/s1_dem/437_07_SL1_IVV_20200407_cog.tif,s1_dem,437,bilinear,256,DEFLATE,ok,gdal_translate COG 成功,2026-05-21T20:54:35.470647
/home/NAS/homes/chunen-10029/bigdata/final/kurosiwo_S1_DEM/437/437_07_SL2_IVH_20200314.tif,/home/chunen/nas/bigdata/final/kurosiwo_S1_DEM/437/437_07_SL2_IVH_20200314.tif,KuroSiwo_COG_V8/437/s1_dem/437_07_SL2_IVH_20200314_cog.tif,s1_dem,437,bilinear,256,DEFLATE,ok,gdal_translate COG 成功,2026-05-21T20:54:36.069811
/home/NAS/homes/chunen-10029/bigdata/final/kurosiwo_S1_DEM/437/437_07_SL2_IVV_20200314.tif,/home/chunen/nas/bigdata/final/kurosiwo_S1_DEM/437/437_07_SL2_IVV_20200314.tif,KuroSiwo_COG_V8/437/s1_dem/437_07_SL2_IVV_20200314_cog.tif,s1_dem,437,bilinear,256,DEFLATE,ok,gdal_translate COG 成功,2026-05-21T20:54:36.661128
/home/NAS/homes/chunen-10029/bigdata/final/kurosiwo_S1_DEM/445/445_01_MK0_DEM_20200626.tif,/home/chunen/nas/bigdata/final/kurosiwo_S1_DEM/445/445_01_MK0_DEM_20200626.tif,KuroSiwo_COG_V8/445/dem/445_01_MK0_DEM_20200626_cog.tif,dem,445,bilinear,256,DEFLATE,ok,gdal_translate COG 成功,2026-05-21T20:54:37.808002
/home/NAS/homes/chunen-10029/bigdata/final/kurosiwo_S1_DEM/445/445_01_MK0_MLU_20200626.tif,/home/chunen/nas/bigdata/final/kurosiwo_S1_DEM/445/445_01_MK0_MLU_20200626.tif,KuroSiwo_COG_V8/445/lulc/445_01_MK0_MLU_20200626_cog.tif,lulc,445,nearest,256,DEFLATE,ok,gdal_translate COG 成功,2026-05-21T20:54:38.121832
/home/NAS/homes/chunen-10029/bigdata/final/kurosiwo_S1_DEM/445/445_01_MK0_MNA_20200626.tif,/home/chunen/nas/bigdata/final/kurosiwo_S1_DEM/445/445_01_MK0_MNA_20200626.tif,KuroSiwo_COG_V8/445/s1_dem/445_01_MK0_MNA_20200626_cog.tif,s1_dem,445,bilinear,256,DEFLATE,ok,gdal_translate COG 成功,2026-05-21T20:54:38.384694
/home/NAS/homes/chunen-10029/bigdata/final/kurosiwo_S1_DEM/445/445_01_MK0_SLOPE_20200626.tif,/home/chunen/nas/bigdata/final/kurosiwo_S1_DEM/445/445_01_MK0_SLOPE_20200626.tif,KuroSiwo_COG_V8/445/s1_dem/445_01_MK0_SLOPE_20200626_cog.tif,s1_dem,445,bilinear,256,DEFLATE,ok,gdal_translate COG 成功,2026-05-21T20:54:39.447962
/home/NAS/homes/chunen-10029/bigdata/final/kurosiwo_S1_DEM/445/445_01_MS1_IVH_20200626.tif,/home/chunen/nas/bigdata/final/kurosiwo_S1_DEM/445/445_01_MS1_IVH_20200626.tif,KuroSiwo_COG_V8/445/s1_dem/445_01_MS1_IVH_20200626_cog.tif,s1_dem,445,bilinear,256,DEFLATE,ok,gdal_translate COG 成功,2026-05-21T20:54:40.754538
/home/NAS/homes/chunen-10029/bigdata/final/kurosiwo_S1_DEM/445/445_01_MS1_IVV_20200626.tif,/home/chunen/nas/bigdata/final/kurosiwo_S1_DEM/445/445_01_MS1_IVV_20200626.tif,KuroSiwo_COG_V8/445/s1_dem/445_01_MS1_IVV_20200626_cog.tif,s1_dem,445,bilinear,256,DEFLATE,ok,gdal_translate COG 成功,2026-05-21T20:54:42.043221
/home/NAS/homes/chunen-10029/bigdata/final/kurosiwo_S1_DEM/445/445_01_SL1_IVH_20200614.tif,/home/chunen/nas/bigdata/final/kurosiwo_S1_DEM/445/445_01_SL1_IVH_20200614.tif,KuroSiwo_COG_V8/445/s1_dem/445_01_SL1_IVH_20200614_cog.tif,s1_dem,445,bilinear,256,DEFLATE,ok,gdal_translate COG 成功,2026-05-21T20:54:43.541207
/home/NAS/homes/chunen-10029/bigdata/final/kurosiwo_S1_DEM/445/445_01_SL1_IVV_20200614.tif,/home/chunen/nas/bigdata/final/kurosiwo_S1_DEM/445/445_01_SL1_IVV_20200614.tif,KuroSiwo_COG_V8/445/s1_dem/445_01_SL1_IVV_20200614_cog.tif,s1_dem,445,bilinear,256,DEFLATE,ok,gdal_translate COG 成功,2026-05-21T20:54:46.443231
/home/NAS/homes/chunen-10029/bigdata/final/kurosiwo_S1_DEM/445/445_01_SL2_IVH_20200602.tif,/home/chunen/nas/bigdata/final/kurosiwo_S1_DEM/445/445_01_SL2_IVH_20200602.tif,KuroSiwo_COG_V8/445/s1_dem/445_01_SL2_IVH_20200602_cog.tif,s1_dem,445,bilinear,256,DEFLATE,ok,gdal_translate COG 成功,2026-05-21T20:54:47.988555
/home/NAS/homes/chunen-10029/bigdata/final/kurosiwo_S1_DEM/445/445_01_SL2_IVV_20200602.tif,/home/chunen/nas/bigdata/final/kurosiwo_S1_DEM/445/445_01_SL2_IVV_20200602.tif,KuroSiwo_COG_V8/445/s1_dem/445_01_SL2_IVV_20200602_cog.tif,s1_dem,445,bilinear,256,DEFLATE,ok,gdal_translate COG 成功,2026-05-21T20:54:49.370243
/home/NAS/homes/chunen-10029/bigdata/final/kurosiwo_S1_DEM/470/470_01_MK0_DEM_20201014.tif,/home/chunen/nas/bigdata/final/kurosiwo_S1_DEM/470/470_01_MK0_DEM_20201014.tif,KuroSiwo_COG_V8/470/dem/470_01_MK0_DEM_20201014_cog.tif,dem,470,bilinear,256,DEFLATE,ok,gdal_translate COG 成功,2026-05-21T20:54:52.030437
/home/NAS/homes/chunen-10029/bigdata/final/kurosiwo_S1_DEM/470/470_01_MK0_MLU_20201014.tif,/home/chunen/nas/bigdata/final/kurosiwo_S1_DEM/470/470_01_MK0_MLU_20201014.tif,KuroSiwo_COG_V8/470/lulc/470_01_MK0_MLU_20201014_cog.tif,lulc,470,nearest,256,DEFLATE,ok,gdal_translate COG 成功,2026-05-21T20:54:52.656812
/home/NAS/homes/chunen-10029/bigdata/final/kurosiwo_S1_DEM/470/470_01_MK0_MNA_20201014.tif,/home/chunen/nas/bigdata/final/kurosiwo_S1_DEM/470/470_01_MK0_MNA_20201014.tif,KuroSiwo_COG_V8/470/s1_dem/470_01_MK0_MNA_20201014_cog.tif,s1_dem,470,bilinear,256,DEFLATE,ok,gdal_translate COG 成功,2026-05-21T20:54:53.203144
/home/NAS/homes/chunen-10029/bigdata/final/kurosiwo_S1_DEM/470/470_01_MK0_SLOPE_20201014.tif,/home/chunen/nas/bigdata/final/kurosiwo_S1_DEM/470/470_01_MK0_SLOPE_20201014.tif,KuroSiwo_COG_V8/470/s1_dem/470_01_MK0_SLOPE_20201014_cog.tif,s1_dem,470,bilinear,256,DEFLATE,ok,gdal_translate COG 成功,2026-05-21T20:54:55.626019
/home/NAS/homes/chunen-10029/bigdata/final/kurosiwo_S1_DEM/470/470_01_MS1_IVH_20201014.tif,/home/chunen/nas/bigdata/final/kurosiwo_S1_DEM/470/470_01_MS1_IVH_20201014.tif,KuroSiwo_COG_V8/470/s1_dem/470_01_MS1_IVH_20201014_cog.tif,s1_dem,470,bilinear,256,DEFLATE,ok,gdal_translate COG 成功,2026-05-21T20:54:58.677020
/home/NAS/homes/chunen-10029/bigdata/final/kurosiwo_S1_DEM/470/470_01_MS1_IVV_20201014.tif,/home/chunen/nas/bigdata/final/kurosiwo_S1_DEM/470/470_01_MS1_IVV_20201014.tif,KuroSiwo_COG_V8/470/s1_dem/470_01_MS1_IVV_20201014_cog.tif,s1_dem,470,bilinear,256,DEFLATE,ok,gdal_translate COG 成功,2026-05-21T20:55:01.932642
/home/NAS/homes/chunen-10029/bigdata/final/kurosiwo_S1_DEM/470/470_01_SL1_IVH_20200511.tif,/home/chunen/nas/bigdata/final/kurosiwo_S1_DEM/470/470_01_SL1_IVH_20200511.tif,KuroSiwo_COG_V8/470/s1_dem/470_01_SL1_IVH_20200511_cog.tif,s1_dem,470,bilinear,256,DEFLATE,ok,gdal_translate COG 成功,2026-05-21T20:55:05.967000
/home/NAS/homes/chunen-10029/bigdata/final/kurosiwo_S1_DEM/470/470_01_SL1_IVV_20200511.tif,/home/chunen/nas/bigdata/final/kurosiwo_S1_DEM/470/470_01_SL1_IVV_20200511.tif,KuroSiwo_COG_V8/470/s1_dem/470_01_SL1_IVV_20200511_cog.tif,s1_dem,470,bilinear,256,DEFLATE,ok,gdal_translate COG 成功,2026-05-21T20:55:09.050558
/home/NAS/homes/chunen-10029/bigdata/final/kurosiwo_S1_DEM/470/470_01_SL2_IVH_20200429.tif,/home/chunen/nas/bigdata/final/kurosiwo_S1_DEM/470/470_01_SL2_IVH_20200429.tif,KuroSiwo_COG_V8/470/s1_dem/470_01_SL2_IVH_20200429_cog.tif,s1_dem,470,bilinear,256,DEFLATE,ok,gdal_translate COG 成功,2026-05-21T20:55:11.987361
/home/NAS/homes/chunen-10029/bigdata/final/kurosiwo_S1_DEM/470/470_01_SL2_IVV_20200429.tif,/home/chunen/nas/bigdata/final/kurosiwo_S1_DEM/470/470_01_SL2_IVV_20200429.tif,KuroSiwo_COG_V8/470/s1_dem/470_01_SL2_IVV_20200429_cog.tif,s1_dem,470,bilinear,256,DEFLATE,ok,gdal_translate COG 成功,2026-05-21T20:55:14.915284
/home/NAS/homes/chunen-10029/bigdata/final/kurosiwo_S1_DEM/492/492_01_MK0_DEM_20210102.tif,/home/chunen/nas/bigdata/final/kurosiwo_S1_DEM/492/492_01_MK0_DEM_20210102.tif,KuroSiwo_COG_V8/492/dem/492_01_MK0_DEM_20210102_cog.tif,dem,492,bilinear,256,DEFLATE,ok,gdal_translate COG 成功,2026-05-21T20:55:16.660046
/home/NAS/homes/chunen-10029/bigdata/final/kurosiwo_S1_DEM/492/492_01_MK0_MLU_20210102.tif,/home/chunen/nas/bigdata/final/kurosiwo_S1_DEM/492/492_01_MK0_MLU_20210102.tif,KuroSiwo_COG_V8/492/lulc/492_01_MK0_MLU_20210102_cog.tif,lulc,492,nearest,256,DEFLATE,ok,gdal_translate COG 成功,2026-05-21T20:55:17.119907
/home/NAS/homes/chunen-10029/bigdata/final/kurosiwo_S1_DEM/492/492_01_MK0_MNA_20210102.tif,/home/chunen/nas/bigdata/final/kurosiwo_S1_DEM/492/492_01_MK0_MNA_20210102.tif,KuroSiwo_COG_V8/492/s1_dem/492_01_MK0_MNA_20210102_cog.tif,s1_dem,492,bilinear,256,DEFLATE,ok,gdal_translate COG 成功,2026-05-21T20:55:17.535301
/home/NAS/homes/chunen-10029/bigdata/final/kurosiwo_S1_DEM/492/492_01_MK0_SLOPE_20210102.tif,/home/chunen/nas/bigdata/final/kurosiwo_S1_DEM/492/492_01_MK0_SLOPE_20210102.tif,KuroSiwo_COG_V8/492/s1_dem/492_01_MK0_SLOPE_20210102_cog.tif,s1_dem,492,bilinear,256,DEFLATE,ok,gdal_translate COG 成功,2026-05-21T20:55:19.272243
/home/NAS/homes/chunen-10029/bigdata/final/kurosiwo_S1_DEM/492/492_01_MS1_IVH_20210102.tif,/home/chunen/nas/bigdata/final/kurosiwo_S1_DEM/492/492_01_MS1_IVH_20210102.tif,KuroSiwo_COG_V8/492/s1_dem/492_01_MS1_IVH_20210102_cog.tif,s1_dem,492,bilinear,256,DEFLATE,ok,gdal_translate COG 成功,2026-05-21T20:55:21.297947
/home/NAS/homes/chunen-10029/bigdata/final/kurosiwo_S1_DEM/492/492_01_MS1_IVV_20210102.tif,/home/chunen/nas/bigdata/final/kurosiwo_S1_DEM/492/492_01_MS1_IVV_20210102.tif,KuroSiwo_COG_V8/492/s1_dem/492_01_MS1_IVV_20210102_cog.tif,s1_dem,492,bilinear,256,DEFLATE,ok,gdal_translate COG 成功,2026-05-21T20:55:23.471386
/home/NAS/homes/chunen-10029/bigdata/final/kurosiwo_S1_DEM/492/492_01_SL1_IVH_20200730.tif,/home/chunen/nas/bigdata/final/kurosiwo_S1_DEM/492/492_01_SL1_IVH_20200730.tif,KuroSiwo_COG_V8/492/s1_dem/492_01_SL1_IVH_20200730_cog.tif,s1_dem,492,bilinear,256,DEFLATE,ok,gdal_translate COG 成功,2026-05-21T20:55:25.581229
/home/NAS/homes/chunen-10029/bigdata/final/kurosiwo_S1_DEM/492/492_01_SL1_IVV_20200730.tif,/home/chunen/nas/bigdata/final/kurosiwo_S1_DEM/492/492_01_SL1_IVV_20200730.tif,KuroSiwo_COG_V8/492/s1_dem/492_01_SL1_IVV_20200730_cog.tif,s1_dem,492,bilinear,256,DEFLATE,ok,gdal_translate COG 成功,2026-05-21T20:55:27.675475
/home/NAS/homes/chunen-10029/bigdata/final/kurosiwo_S1_DEM/492/492_01_SL2_IVH_20200718.tif,/home/chunen/nas/bigdata/final/kurosiwo_S1_DEM/492/492_01_SL2_IVH_20200718.tif,KuroSiwo_COG_V8/492/s1_dem/492_01_SL2_IVH_20200718_cog.tif,s1_dem,492,bilinear,256,DEFLATE,ok,gdal_translate COG 成功,2026-05-21T20:55:29.603338
/home/NAS/homes/chunen-10029/bigdata/final/kurosiwo_S1_DEM/492/492_01_SL2_IVV_20200718.tif,/home/chunen/nas/bigdata/final/kurosiwo_S1_DEM/492/492_01_SL2_IVV_20200718.tif,KuroSiwo_COG_V8/492/s1_dem/492_01_SL2_IVV_20200718_cog.tif,s1_dem,492,bilinear,256,DEFLATE,ok,gdal_translate COG 成功,2026-05-21T20:55:32.190899
/home/NAS/homes/chunen-10029/bigdata/final/kurosiwo_S1_DEM/496/496_01_MK0_DEM_20210127.tif,/home/chunen/nas/bigdata/final/kurosiwo_S1_DEM/496/496_01_MK0_DEM_20210127.tif,KuroSiwo_COG_V8/496/dem/496_01_MK0_DEM_20210127_cog.tif,dem,496,bilinear,256,DEFLATE,ok,gdal_translate COG 成功,2026-05-21T20:55:32.532909
/home/NAS/homes/chunen-10029/bigdata/final/kurosiwo_S1_DEM/496/496_01_MK0_MLU_20210127.tif,/home/chunen/nas/bigdata/final/kurosiwo_S1_DEM/496/496_01_MK0_MLU_20210127.tif,KuroSiwo_COG_V8/496/lulc/496_01_MK0_MLU_20210127_cog.tif,lulc,496,nearest,256,DEFLATE,ok,gdal_translate COG 成功,2026-05-21T20:55:32.662706
/home/NAS/homes/chunen-10029/bigdata/final/kurosiwo_S1_DEM/496/496_01_MK0_MNA_20210127.tif,/home/chunen/nas/bigdata/final/kurosiwo_S1_DEM/496/496_01_MK0_MNA_20210127.tif,KuroSiwo_COG_V8/496/s1_dem/496_01_MK0_MNA_20210127_cog.tif,s1_dem,496,bilinear,256,DEFLATE,ok,gdal_translate COG 成功,2026-05-21T20:55:32.778182
/home/NAS/homes/chunen-10029/bigdata/final/kurosiwo_S1_DEM/496/496_01_MK0_SLOPE_20210127.tif,/home/chunen/nas/bigdata/final/kurosiwo_S1_DEM/496/496_01_MK0_SLOPE_20210127.tif,KuroSiwo_COG_V8/496/s1_dem/496_01_MK0_SLOPE_20210127_cog.tif,s1_dem,496,bilinear,256,DEFLATE,ok,gdal_translate COG 成功,2026-05-21T20:55:33.034622
/home/NAS/homes/chunen-10029/bigdata/final/kurosiwo_S1_DEM/496/496_01_MS1_IVH_20210127.tif,/home/chunen/nas/bigdata/final/kurosiwo_S1_DEM/496/496_01_MS1_IVH_20210127.tif,KuroSiwo_COG_V8/496/s1_dem/496_01_MS1_IVH_20210127_cog.tif,s1_dem,496,bilinear,256,DEFLATE,ok,gdal_translate COG 成功,2026-05-21T20:55:33.313041
/home/NAS/homes/chunen-10029/bigdata/final/kurosiwo_S1_DEM/496/496_01_MS1_IVV_20210127.tif,/home/chunen/nas/bigdata/final/kurosiwo_S1_DEM/496/496_01_MS1_IVV_20210127.tif,KuroSiwo_COG_V8/496/s1_dem/496_01_MS1_IVV_20210127_cog.tif,s1_dem,496,bilinear,256,DEFLATE,ok,gdal_translate COG 成功,2026-05-21T20:55:33.629749
/home/NAS/homes/chunen-10029/bigdata/final/kurosiwo_S1_DEM/496/496_01_SL1_IVH_20210115.tif,/home/chunen/nas/bigdata/final/kurosiwo_S1_DEM/496/496_01_SL1_IVH_20210115.tif,KuroSiwo_COG_V8/496/s1_dem/496_01_SL1_IVH_20210115_cog.tif,s1_dem,496,bilinear,256,DEFLATE,ok,gdal_translate COG 成功,2026-05-21T20:55:33.929991
/home/NAS/homes/chunen-10029/bigdata/final/kurosiwo_S1_DEM/496/496_01_SL1_IVV_20210115.tif,/home/chunen/nas/bigdata/final/kurosiwo_S1_DEM/496/496_01_SL1_IVV_20210115.tif,KuroSiwo_COG_V8/496/s1_dem/496_01_SL1_IVV_20210115_cog.tif,s1_dem,496,bilinear,256,DEFLATE,ok,gdal_translate COG 成功,2026-05-21T20:55:34.224908
/home/NAS/homes/chunen-10029/bigdata/final/kurosiwo_S1_DEM/496/496_01_SL2_IVH_20200625.tif,/home/chunen/nas/bigdata/final/kurosiwo_S1_DEM/496/496_01_SL2_IVH_20200625.tif,KuroSiwo_COG_V8/496/s1_dem/496_01_SL2_IVH_20200625_cog.tif,s1_dem,496,bilinear,256,DEFLATE,ok,gdal_translate COG 成功,2026-05-21T20:55:34.484396
/home/NAS/homes/chunen-10029/bigdata/final/kurosiwo_S1_DEM/496/496_01_SL2_IVV_20200625.tif,/home/chunen/nas/bigdata/final/kurosiwo_S1_DEM/496/496_01_SL2_IVV_20200625.tif,KuroSiwo_COG_V8/496/s1_dem/496_01_SL2_IVV_20200625_cog.tif,s1_dem,496,bilinear,256,DEFLATE,ok,gdal_translate COG 成功,2026-05-21T20:55:34.780698
/home/NAS/homes/chunen-10029/bigdata/final/kurosiwo_S1_DEM/497/497_01_MK0_DEM_20210203.tif,/home/chunen/nas/bigdata/final/kurosiwo_S1_DEM/497/497_01_MK0_DEM_20210203.tif,KuroSiwo_COG_V8/497/dem/497_01_MK0_DEM_20210203_cog.tif,dem,497,bilinear,256,DEFLATE,ok,gdal_translate COG 成功,2026-05-21T20:55:37.039945
/home/NAS/homes/chunen-10029/bigdata/final/kurosiwo_S1_DEM/497/497_01_MK0_MLU_20210203.tif,/home/chunen/nas/bigdata/final/kurosiwo_S1_DEM/497/497_01_MK0_MLU_20210203.tif,KuroSiwo_COG_V8/497/lulc/497_01_MK0_MLU_20210203_cog.tif,lulc,497,nearest,256,DEFLATE,ok,gdal_translate COG 成功,2026-05-21T20:55:37.814864
/home/NAS/homes/chunen-10029/bigdata/final/kurosiwo_S1_DEM/497/497_01_MK0_MNA_20210203.tif,/home/chunen/nas/bigdata/final/kurosiwo_S1_DEM/497/497_01_MK0_MNA_20210203.tif,KuroSiwo_COG_V8/497/s1_dem/497_01_MK0_MNA_20210203_cog.tif,s1_dem,497,bilinear,256,DEFLATE,ok,gdal_translate COG 成功,2026-05-21T20:55:38.486177
/home/NAS/homes/chunen-10029/bigdata/final/kurosiwo_S1_DEM/497/497_01_MK0_SLOPE_20210203.tif,/home/chunen/nas/bigdata/final/kurosiwo_S1_DEM/497/497_01_MK0_SLOPE_20210203.tif,KuroSiwo_COG_V8/497/s1_dem/497_01_MK0_SLOPE_20210203_cog.tif,s1_dem,497,bilinear,256,DEFLATE,ok,gdal_translate COG 成功,2026-05-21T20:55:40.685229
/home/NAS/homes/chunen-10029/bigdata/final/kurosiwo_S1_DEM/497/497_01_MS1_IVH_20210203.tif,/home/chunen/nas/bigdata/final/kurosiwo_S1_DEM/497/497_01_MS1_IVH_20210203.tif,KuroSiwo_COG_V8/497/s1_dem/497_01_MS1_IVH_20210203_cog.tif,s1_dem,497,bilinear,256,DEFLATE,ok,gdal_translate COG 成功,2026-05-21T20:55:44.147243
/home/NAS/homes/chunen-10029/bigdata/final/kurosiwo_S1_DEM/497/497_01_MS1_IVV_20210203.tif,/home/chunen/nas/bigdata/final/kurosiwo_S1_DEM/497/497_01_MS1_IVV_20210203.tif,KuroSiwo_COG_V8/497/s1_dem/497_01_MS1_IVV_20210203_cog.tif,s1_dem,497,bilinear,256,DEFLATE,ok,gdal_translate COG 成功,2026-05-21T20:55:47.596405
/home/NAS/homes/chunen-10029/bigdata/final/kurosiwo_S1_DEM/497/497_01_SL1_IVH_20210122.tif,/home/chunen/nas/bigdata/final/kurosiwo_S1_DEM/497/497_01_SL1_IVH_20210122.tif,KuroSiwo_COG_V8/497/s1_dem/497_01_SL1_IVH_20210122_cog.tif,s1_dem,497,bilinear,256,DEFLATE,ok,gdal_translate COG 成功,2026-05-21T20:55:51.106586
/home/NAS/homes/chunen-10029/bigdata/final/kurosiwo_S1_DEM/497/497_01_SL1_IVV_20210122.tif,/home/chunen/nas/bigdata/final/kurosiwo_S1_DEM/497/497_01_SL1_IVV_20210122.tif,KuroSiwo_COG_V8/497/s1_dem/497_01_SL1_IVV_20210122_cog.tif,s1_dem,497,bilinear,256,DEFLATE,ok,gdal_translate COG 成功,2026-05-21T20:55:55.195115
/home/NAS/homes/chunen-10029/bigdata/final/kurosiwo_S1_DEM/497/497_01_SL2_IVH_20210110.tif,/home/chunen/nas/bigdata/final/kurosiwo_S1_DEM/497/497_01_SL2_IVH_20210110.tif,KuroSiwo_COG_V8/497/s1_dem/497_01_SL2_IVH_20210110_cog.tif,s1_dem,497,bilinear,256,DEFLATE,ok,gdal_translate COG 成功,2026-05-21T20:55:58.429181
/home/NAS/homes/chunen-10029/bigdata/final/kurosiwo_S1_DEM/497/497_01_SL2_IVV_20210110.tif,/home/chunen/nas/bigdata/final/kurosiwo_S1_DEM/497/497_01_SL2_IVV_20210110.tif,KuroSiwo_COG_V8/497/s1_dem/497_01_SL2_IVV_20210110_cog.tif,s1_dem,497,bilinear,256,DEFLATE,ok,gdal_translate COG 成功,2026-05-21T20:56:01.990719
/home/NAS/homes/chunen-10029/bigdata/final/kurosiwo_S1_DEM/498/498_01_MK0_DEM_20210202.tif,/home/chunen/nas/bigdata/final/kurosiwo_S1_DEM/498/498_01_MK0_DEM_20210202.tif,KuroSiwo_COG_V8/498/dem/498_01_MK0_DEM_20210202_cog.tif,dem,498,bilinear,256,DEFLATE,ok,gdal_translate COG 成功,2026-05-21T20:56:02.888064
/home/NAS/homes/chunen-10029/bigdata/final/kurosiwo_S1_DEM/498/498_01_MK0_MLU_20210202.tif,/home/chunen/nas/bigdata/final/kurosiwo_S1_DEM/498/498_01_MK0_MLU_20210202.tif,KuroSiwo_COG_V8/498/lulc/498_01_MK0_MLU_20210202_cog.tif,lulc,498,nearest,256,DEFLATE,ok,gdal_translate COG 成功,2026-05-21T20:56:03.185452
/home/NAS/homes/chunen-10029/bigdata/final/kurosiwo_S1_DEM/498/498_01_MK0_MNA_20210202.tif,/home/chunen/nas/bigdata/final/kurosiwo_S1_DEM/498/498_01_MK0_MNA_20210202.tif,KuroSiwo_COG_V8/498/s1_dem/498_01_MK0_MNA_20210202_cog.tif,s1_dem,498,bilinear,256,DEFLATE,ok,gdal_translate COG 成功,2026-05-21T20:56:03.473618
/home/NAS/homes/chunen-10029/bigdata/final/kurosiwo_S1_DEM/498/498_01_MK0_SLOPE_20210202.tif,/home/chunen/nas/bigdata/final/kurosiwo_S1_DEM/498/498_01_MK0_SLOPE_20210202.tif,KuroSiwo_COG_V8/498/s1_dem/498_01_MK0_SLOPE_20210202_cog.tif,s1_dem,498,bilinear,256,DEFLATE,ok,gdal_translate COG 成功,2026-05-21T20:56:04.499445
/home/NAS/homes/chunen-10029/bigdata/final/kurosiwo_S1_DEM/498/498_01_MS1_IVH_20210202.tif,/home/chunen/nas/bigdata/final/kurosiwo_S1_DEM/498/498_01_MS1_IVH_20210202.tif,KuroSiwo_COG_V8/498/s1_dem/498_01_MS1_IVH_20210202_cog.tif,s1_dem,498,bilinear,256,DEFLATE,ok,gdal_translate COG 成功,2026-05-21T20:56:05.484064
/home/NAS/homes/chunen-10029/bigdata/final/kurosiwo_S1_DEM/498/498_01_MS1_IVV_20210202.tif,/home/chunen/nas/bigdata/final/kurosiwo_S1_DEM/498/498_01_MS1_IVV_20210202.tif,KuroSiwo_COG_V8/498/s1_dem/498_01_MS1_IVV_20210202_cog.tif,s1_dem,498,bilinear,256,DEFLATE,ok,gdal_translate COG 成功,2026-05-21T20:56:06.613059
/home/NAS/homes/chunen-10029/bigdata/final/kurosiwo_S1_DEM/498/498_01_SL1_IVH_20210127.tif,/home/chunen/nas/bigdata/final/kurosiwo_S1_DEM/498/498_01_SL1_IVH_20210127.tif,KuroSiwo_COG_V8/498/s1_dem/498_01_SL1_IVH_20210127_cog.tif,s1_dem,498,bilinear,256,DEFLATE,ok,gdal_translate COG 成功,2026-05-21T20:56:07.668418
/home/NAS/homes/chunen-10029/bigdata/final/kurosiwo_S1_DEM/498/498_01_SL1_IVV_20210127.tif,/home/chunen/nas/bigdata/final/kurosiwo_S1_DEM/498/498_01_SL1_IVV_20210127.tif,KuroSiwo_COG_V8/498/s1_dem/498_01_SL1_IVV_20210127_cog.tif,s1_dem,498,bilinear,256,DEFLATE,ok,gdal_translate COG 成功,2026-05-21T20:56:08.588477
/home/NAS/homes/chunen-10029/bigdata/final/kurosiwo_S1_DEM/498/498_01_SL2_IVH_20210115.tif,/home/chunen/nas/bigdata/final/kurosiwo_S1_DEM/498/498_01_SL2_IVH_20210115.tif,KuroSiwo_COG_V8/498/s1_dem/498_01_SL2_IVH_20210115_cog.tif,s1_dem,498,bilinear,256,DEFLATE,ok,gdal_translate COG 成功,2026-05-21T20:56:09.637757
/home/NAS/homes/chunen-10029/bigdata/final/kurosiwo_S1_DEM/498/498_01_SL2_IVV_20210115.tif,/home/chunen/nas/bigdata/final/kurosiwo_S1_DEM/498/498_01_SL2_IVV_20210115.tif,KuroSiwo_COG_V8/498/s1_dem/498_01_SL2_IVV_20210115_cog.tif,s1_dem,498,bilinear,256,DEFLATE,ok,gdal_translate COG 成功,2026-05-21T20:56:10.858758
/home/NAS/homes/chunen-10029/bigdata/final/kurosiwo_S1_DEM/502/502_01_MK0_DEM_20210223.tif,/home/chunen/nas/bigdata/final/kurosiwo_S1_DEM/502/502_01_MK0_DEM_20210223.tif,KuroSiwo_COG_V8/502/dem/502_01_MK0_DEM_20210223_cog.tif,dem,502,bilinear,256,DEFLATE,ok,gdal_translate COG 成功,2026-05-21T20:56:11.688950
/home/NAS/homes/chunen-10029/bigdata/final/kurosiwo_S1_DEM/502/502_01_MK0_MLU_20210223.tif,/home/chunen/nas/bigdata/final/kurosiwo_S1_DEM/502/502_01_MK0_MLU_20210223.tif,KuroSiwo_COG_V8/502/lulc/502_01_MK0_MLU_20210223_cog.tif,lulc,502,nearest,256,DEFLATE,ok,gdal_translate COG 成功,2026-05-21T20:56:11.867540
/home/NAS/homes/chunen-10029/bigdata/final/kurosiwo_S1_DEM/502/502_01_MK0_MNA_20210223.tif,/home/chunen/nas/bigdata/final/kurosiwo_S1_DEM/502/502_01_MK0_MNA_20210223.tif,KuroSiwo_COG_V8/502/s1_dem/502_01_MK0_MNA_20210223_cog.tif,s1_dem,502,bilinear,256,DEFLATE,ok,gdal_translate COG 成功,2026-05-21T20:56:12.034882
/home/NAS/homes/chunen-10029/bigdata/final/kurosiwo_S1_DEM/502/502_01_MK0_SLOPE_20210223.tif,/home/chunen/nas/bigdata/final/kurosiwo_S1_DEM/502/502_01_MK0_SLOPE_20210223.tif,KuroSiwo_COG_V8/502/s1_dem/502_01_MK0_SLOPE_20210223_cog.tif,s1_dem,502,bilinear,256,DEFLATE,ok,gdal_translate COG 成功,2026-05-21T20:56:13.138236
/home/NAS/homes/chunen-10029/bigdata/final/kurosiwo_S1_DEM/502/502_01_MS1_IVH_20210223.tif,/home/chunen/nas/bigdata/final/kurosiwo_S1_DEM/502/502_01_MS1_IVH_20210223.tif,KuroSiwo_COG_V8/502/s1_dem/502_01_MS1_IVH_20210223_cog.tif,s1_dem,502,bilinear,256,DEFLATE,ok,gdal_translate COG 成功,2026-05-21T20:56:14.507321
/home/NAS/homes/chunen-10029/bigdata/final/kurosiwo_S1_DEM/502/502_01_MS1_IVV_20210223.tif,/home/chunen/nas/bigdata/final/kurosiwo_S1_DEM/502/502_01_MS1_IVV_20210223.tif,KuroSiwo_COG_V8/502/s1_dem/502_01_MS1_IVV_20210223_cog.tif,s1_dem,502,bilinear,256,DEFLATE,ok,gdal_translate COG 成功,2026-05-21T20:56:15.747635
/home/NAS/homes/chunen-10029/bigdata/final/kurosiwo_S1_DEM/502/502_01_SL1_IVH_20210211.tif,/home/chunen/nas/bigdata/final/kurosiwo_S1_DEM/502/502_01_SL1_IVH_20210211.tif,KuroSiwo_COG_V8/502/s1_dem/502_01_SL1_IVH_20210211_cog.tif,s1_dem,502,bilinear,256,DEFLATE,ok,gdal_translate COG 成功,2026-05-21T20:56:16.666211
/home/NAS/homes/chunen-10029/bigdata/final/kurosiwo_S1_DEM/502/502_01_SL1_IVV_20210211.tif,/home/chunen/nas/bigdata/final/kurosiwo_S1_DEM/502/502_01_SL1_IVV_20210211.tif,KuroSiwo_COG_V8/502/s1_dem/502_01_SL1_IVV_20210211_cog.tif,s1_dem,502,bilinear,256,DEFLATE,ok,gdal_translate COG 成功,2026-05-21T20:56:17.609316
/home/NAS/homes/chunen-10029/bigdata/final/kurosiwo_S1_DEM/502/502_01_SL2_IVH_20210130.tif,/home/chunen/nas/bigdata/final/kurosiwo_S1_DEM/502/502_01_SL2_IVH_20210130.tif,KuroSiwo_COG_V8/502/s1_dem/502_01_SL2_IVH_20210130_cog.tif,s1_dem,502,bilinear,256,DEFLATE,ok,gdal_translate COG 成功,2026-05-21T20:56:18.542319
/home/NAS/homes/chunen-10029/bigdata/final/kurosiwo_S1_DEM/502/502_01_SL2_IVV_20210130.tif,/home/chunen/nas/bigdata/final/kurosiwo_S1_DEM/502/502_01_SL2_IVV_20210130.tif,KuroSiwo_COG_V8/502/s1_dem/502_01_SL2_IVV_20210130_cog.tif,s1_dem,502,bilinear,256,DEFLATE,ok,gdal_translate COG 成功,2026-05-21T20:56:19.700964
/home/NAS/homes/chunen-10029/bigdata/final/kurosiwo_S1_DEM/502/502_02_MK0_DEM_20210223.tif,/home/chunen/nas/bigdata/final/kurosiwo_S1_DEM/502/502_02_MK0_DEM_20210223.tif,KuroSiwo_COG_V8/502/dem/502_02_MK0_DEM_20210223_cog.tif,dem,502,bilinear,256,DEFLATE,ok,gdal_translate COG 成功,2026-05-21T20:56:20.225815
/home/NAS/homes/chunen-10029/bigdata/final/kurosiwo_S1_DEM/502/502_02_MK0_MLU_20210223.tif,/home/chunen/nas/bigdata/final/kurosiwo_S1_DEM/502/502_02_MK0_MLU_20210223.tif,KuroSiwo_COG_V8/502/lulc/502_02_MK0_MLU_20210223_cog.tif,lulc,502,nearest,256,DEFLATE,ok,gdal_translate COG 成功,2026-05-21T20:56:20.374859
/home/NAS/homes/chunen-10029/bigdata/final/kurosiwo_S1_DEM/502/502_02_MK0_MNA_20210223.tif,/home/chunen/nas/bigdata/final/kurosiwo_S1_DEM/502/502_02_MK0_MNA_20210223.tif,KuroSiwo_COG_V8/502/s1_dem/502_02_MK0_MNA_20210223_cog.tif,s1_dem,502,bilinear,256,DEFLATE,ok,gdal_translate COG 成功,2026-05-21T20:56:20.516919
/home/NAS/homes/chunen-10029/bigdata/final/kurosiwo_S1_DEM/502/502_02_MK0_SLOPE_20210223.tif,/home/chunen/nas/bigdata/final/kurosiwo_S1_DEM/502/502_02_MK0_SLOPE_20210223.tif,KuroSiwo_COG_V8/502/s1_dem/502_02_MK0_SLOPE_20210223_cog.tif,s1_dem,502,bilinear,256,DEFLATE,ok,gdal_translate COG 成功,2026-05-21T20:56:20.955503
/home/NAS/homes/chunen-10029/bigdata/final/kurosiwo_S1_DEM/502/502_02_MS1_IVH_20210223.tif,/home/chunen/nas/bigdata/final/kurosiwo_S1_DEM/502/502_02_MS1_IVH_20210223.tif,KuroSiwo_COG_V8/502/s1_dem/502_02_MS1_IVH_20210223_cog.tif,s1_dem,502,bilinear,256,DEFLATE,ok,gdal_translate COG 成功,2026-05-21T20:56:21.485456
/home/NAS/homes/chunen-10029/bigdata/final/kurosiwo_S1_DEM/502/502_02_MS1_IVV_20210223.tif,/home/chunen/nas/bigdata/final/kurosiwo_S1_DEM/502/502_02_MS1_IVV_20210223.tif,KuroSiwo_COG_V8/502/s1_dem/502_02_MS1_IVV_20210223_cog.tif,s1_dem,502,bilinear,256,DEFLATE,ok,gdal_translate COG 成功,2026-05-21T20:56:21.985258
/home/NAS/homes/chunen-10029/bigdata/final/kurosiwo_S1_DEM/502/502_02_SL1_IVH_20210211.tif,/home/chunen/nas/bigdata/final/kurosiwo_S1_DEM/502/502_02_SL1_IVH_20210211.tif,KuroSiwo_COG_V8/502/s1_dem/502_02_SL1_IVH_20210211_cog.tif,s1_dem,502,bilinear,256,DEFLATE,ok,gdal_translate COG 成功,2026-05-21T20:56:22.453495
/home/NAS/homes/chunen-10029/bigdata/final/kurosiwo_S1_DEM/502/502_02_SL1_IVV_20210211.tif,/home/chunen/nas/bigdata/final/kurosiwo_S1_DEM/502/502_02_SL1_IVV_20210211.tif,KuroSiwo_COG_V8/502/s1_dem/502_02_SL1_IVV_20210211_cog.tif,s1_dem,502,bilinear,256,DEFLATE,ok,gdal_translate COG 成功,2026-05-21T20:56:22.987503
/home/NAS/homes/chunen-10029/bigdata/final/kurosiwo_S1_DEM/502/502_02_SL2_IVH_20210130.tif,/home/chunen/nas/bigdata/final/kurosiwo_S1_DEM/502/502_02_SL2_IVH_20210130.tif,KuroSiwo_COG_V8/502/s1_dem/502_02_SL2_IVH_20210130_cog.tif,s1_dem,502,bilinear,256,DEFLATE,ok,gdal_translate COG 成功,2026-05-21T20:56:23.480210
/home/NAS/homes/chunen-10029/bigdata/final/kurosiwo_S1_DEM/502/502_02_SL2_IVV_20210130.tif,/home/chunen/nas/bigdata/final/kurosiwo_S1_DEM/502/502_02_SL2_IVV_20210130.tif,KuroSiwo_COG_V8/502/s1_dem/502_02_SL2_IVV_20210130_cog.tif,s1_dem,502,bilinear,256,DEFLATE,ok,gdal_translate COG 成功,2026-05-21T20:56:24.006109
/home/NAS/homes/chunen-10029/bigdata/final/kurosiwo_S1_DEM/502/502_03_MK0_DEM_20210223.tif,/home/chunen/nas/bigdata/final/kurosiwo_S1_DEM/502/502_03_MK0_DEM_20210223.tif,KuroSiwo_COG_V8/502/dem/502_03_MK0_DEM_20210223_cog.tif,dem,502,bilinear,256,DEFLATE,ok,gdal_translate COG 成功,2026-05-21T20:56:24.743537
/home/NAS/homes/chunen-10029/bigdata/final/kurosiwo_S1_DEM/502/502_03_MK0_MLU_20210223.tif,/home/chunen/nas/bigdata/final/kurosiwo_S1_DEM/502/502_03_MK0_MLU_20210223.tif,KuroSiwo_COG_V8/502/lulc/502_03_MK0_MLU_20210223_cog.tif,lulc,502,nearest,256,DEFLATE,ok,gdal_translate COG 成功,2026-05-21T20:56:24.906434
/home/NAS/homes/chunen-10029/bigdata/final/kurosiwo_S1_DEM/502/502_03_MK0_MNA_20210223.tif,/home/chunen/nas/bigdata/final/kurosiwo_S1_DEM/502/502_03_MK0_MNA_20210223.tif,KuroSiwo_COG_V8/502/s1_dem/502_03_MK0_MNA_20210223_cog.tif,s1_dem,502,bilinear,256,DEFLATE,ok,gdal_translate COG 成功,2026-05-21T20:56:25.059160
/home/NAS/homes/chunen-10029/bigdata/final/kurosiwo_S1_DEM/502/502_03_MK0_SLOPE_20210223.tif,/home/chunen/nas/bigdata/final/kurosiwo_S1_DEM/502/502_03_MK0_SLOPE_20210223.tif,KuroSiwo_COG_V8/502/s1_dem/502_03_MK0_SLOPE_20210223_cog.tif,s1_dem,502,bilinear,256,DEFLATE,ok,gdal_translate COG 成功,2026-05-21T20:56:25.689219
/home/NAS/homes/chunen-10029/bigdata/final/kurosiwo_S1_DEM/502/502_03_MS1_IVH_20210223.tif,/home/chunen/nas/bigdata/final/kurosiwo_S1_DEM/502/502_03_MS1_IVH_20210223.tif,KuroSiwo_COG_V8/502/s1_dem/502_03_MS1_IVH_20210223_cog.tif,s1_dem,502,bilinear,256,DEFLATE,ok,gdal_translate COG 成功,2026-05-21T20:56:26.395243
/home/NAS/homes/chunen-10029/bigdata/final/kurosiwo_S1_DEM/502/502_03_MS1_IVV_20210223.tif,/home/chunen/nas/bigdata/final/kurosiwo_S1_DEM/502/502_03_MS1_IVV_20210223.tif,KuroSiwo_COG_V8/502/s1_dem/502_03_MS1_IVV_20210223_cog.tif,s1_dem,502,bilinear,256,DEFLATE,ok,gdal_translate COG 成功,2026-05-21T20:56:27.207881
/home/NAS/homes/chunen-10029/bigdata/final/kurosiwo_S1_DEM/502/502_03_SL1_IVH_20210211.tif,/home/chunen/nas/bigdata/final/kurosiwo_S1_DEM/502/502_03_SL1_IVH_20210211.tif,KuroSiwo_COG_V8/502/s1_dem/502_03_SL1_IVH_20210211_cog.tif,s1_dem,502,bilinear,256,DEFLATE,ok,gdal_translate COG 成功,2026-05-21T20:56:27.883242
/home/NAS/homes/chunen-10029/bigdata/final/kurosiwo_S1_DEM/502/502_03_SL1_IVV_20210211.tif,/home/chunen/nas/bigdata/final/kurosiwo_S1_DEM/502/502_03_SL1_IVV_20210211.tif,KuroSiwo_COG_V8/502/s1_dem/502_03_SL1_IVV_20210211_cog.tif,s1_dem,502,bilinear,256,DEFLATE,ok,gdal_translate COG 成功,2026-05-21T20:56:28.571612
/home/NAS/homes/chunen-10029/bigdata/final/kurosiwo_S1_DEM/502/502_03_SL2_IVH_20210130.tif,/home/chunen/nas/bigdata/final/kurosiwo_S1_DEM/502/502_03_SL2_IVH_20210130.tif,KuroSiwo_COG_V8/502/s1_dem/502_03_SL2_IVH_20210130_cog.tif,s1_dem,502,bilinear,256,DEFLATE,ok,gdal_translate COG 成功,2026-05-21T20:56:29.306276
/home/NAS/homes/chunen-10029/bigdata/final/kurosiwo_S1_DEM/502/502_03_SL2_IVV_20210130.tif,/home/chunen/nas/bigdata/final/kurosiwo_S1_DEM/502/502_03_SL2_IVV_20210130.tif,KuroSiwo_COG_V8/502/s1_dem/502_03_SL2_IVV_20210130_cog.tif,s1_dem,502,bilinear,256,DEFLATE,ok,gdal_translate COG 成功,2026-05-21T20:56:30.103978
/home/NAS/homes/chunen-10029/bigdata/final/kurosiwo_S1_DEM/502/502_04_MK0_DEM_20210223.tif,/home/chunen/nas/bigdata/final/kurosiwo_S1_DEM/502/502_04_MK0_DEM_20210223.tif,KuroSiwo_COG_V8/502/dem/502_04_MK0_DEM_20210223_cog.tif,dem,502,bilinear,256,DEFLATE,ok,gdal_translate COG 成功,2026-05-21T20:56:31.345095
/home/NAS/homes/chunen-10029/bigdata/final/kurosiwo_S1_DEM/502/502_04_MK0_MLU_20210223.tif,/home/chunen/nas/bigdata/final/kurosiwo_S1_DEM/502/502_04_MK0_MLU_20210223.tif,KuroSiwo_COG_V8/502/lulc/502_04_MK0_MLU_20210223_cog.tif,lulc,502,nearest,256,DEFLATE,ok,gdal_translate COG 成功,2026-05-21T20:56:31.468966
/home/NAS/homes/chunen-10029/bigdata/final/kurosiwo_S1_DEM/502/502_04_MK0_MNA_20210223.tif,/home/chunen/nas/bigdata/final/kurosiwo_S1_DEM/502/502_04_MK0_MNA_20210223.tif,KuroSiwo_COG_V8/502/s1_dem/502_04_MK0_MNA_20210223_cog.tif,s1_dem,502,bilinear,256,DEFLATE,ok,gdal_translate COG 成功,2026-05-21T20:56:31.623035
/home/NAS/homes/chunen-10029/bigdata/final/kurosiwo_S1_DEM/502/502_04_MK0_SLOPE_20210223.tif,/home/chunen/nas/bigdata/final/kurosiwo_S1_DEM/502/502_04_MK0_SLOPE_20210223.tif,KuroSiwo_COG_V8/502/s1_dem/502_04_MK0_SLOPE_20210223_cog.tif,s1_dem,502,bilinear,256,DEFLATE,ok,gdal_translate COG 成功,2026-05-21T20:56:32.144601
/home/NAS/homes/chunen-10029/bigdata/final/kurosiwo_S1_DEM/502/502_04_MS1_IVH_20210223.tif,/home/chunen/nas/bigdata/final/kurosiwo_S1_DEM/502/502_04_MS1_IVH_20210223.tif,KuroSiwo_COG_V8/502/s1_dem/502_04_MS1_IVH_20210223_cog.tif,s1_dem,502,bilinear,256,DEFLATE,ok,gdal_translate COG 成功,2026-05-21T20:56:32.784770
/home/NAS/homes/chunen-10029/bigdata/final/kurosiwo_S1_DEM/502/502_04_MS1_IVV_20210223.tif,/home/chunen/nas/bigdata/final/kurosiwo_S1_DEM/502/502_04_MS1_IVV_20210223.tif,KuroSiwo_COG_V8/502/s1_dem/502_04_MS1_IVV_20210223_cog.tif,s1_dem,502,bilinear,256,DEFLATE,ok,gdal_translate COG 成功,2026-05-21T20:56:33.259916
/home/NAS/homes/chunen-10029/bigdata/final/kurosiwo_S1_DEM/502/502_04_SL1_IVH_20210211.tif,/home/chunen/nas/bigdata/final/kurosiwo_S1_DEM/502/502_04_SL1_IVH_20210211.tif,KuroSiwo_COG_V8/502/s1_dem/502_04_SL1_IVH_20210211_cog.tif,s1_dem,502,bilinear,256,DEFLATE,ok,gdal_translate COG 成功,2026-05-21T20:56:33.718494
/home/NAS/homes/chunen-10029/bigdata/final/kurosiwo_S1_DEM/502/502_04_SL1_IVV_20210211.tif,/home/chunen/nas/bigdata/final/kurosiwo_S1_DEM/502/502_04_SL1_IVV_20210211.tif,KuroSiwo_COG_V8/502/s1_dem/502_04_SL1_IVV_20210211_cog.tif,s1_dem,502,bilinear,256,DEFLATE,ok,gdal_translate COG 成功,2026-05-21T20:56:34.200768
/home/NAS/homes/chunen-10029/bigdata/final/kurosiwo_S1_DEM/502/502_04_SL2_IVH_20210130.tif,/home/chunen/nas/bigdata/final/kurosiwo_S1_DEM/502/502_04_SL2_IVH_20210130.tif,KuroSiwo_COG_V8/502/s1_dem/502_04_SL2_IVH_20210130_cog.tif,s1_dem,502,bilinear,256,DEFLATE,ok,gdal_translate COG 成功,2026-05-21T20:56:34.976765
/home/NAS/homes/chunen-10029/bigdata/final/kurosiwo_S1_DEM/502/502_04_SL2_IVV_20210130.tif,/home/chunen/nas/bigdata/final/kurosiwo_S1_DEM/502/502_04_SL2_IVV_20210130.tif,KuroSiwo_COG_V8/502/s1_dem/502_04_SL2_IVV_20210130_cog.tif,s1_dem,502,bilinear,256,DEFLATE,ok,gdal_translate COG 成功,2026-05-21T20:56:35.443545
/home/NAS/homes/chunen-10029/bigdata/final/kurosiwo_S1_DEM/502/502_05_MK0_DEM_20210223.tif,/home/chunen/nas/bigdata/final/kurosiwo_S1_DEM/502/502_05_MK0_DEM_20210223.tif,KuroSiwo_COG_V8/502/dem/502_05_MK0_DEM_20210223_cog.tif,dem,502,bilinear,256,DEFLATE,ok,gdal_translate COG 成功,2026-05-21T20:56:37.020325
/home/NAS/homes/chunen-10029/bigdata/final/kurosiwo_S1_DEM/502/502_05_MK0_MLU_20210223.tif,/home/chunen/nas/bigdata/final/kurosiwo_S1_DEM/502/502_05_MK0_MLU_20210223.tif,KuroSiwo_COG_V8/502/lulc/502_05_MK0_MLU_20210223_cog.tif,lulc,502,nearest,256,DEFLATE,ok,gdal_translate COG 成功,2026-05-21T20:56:37.294338
/home/NAS/homes/chunen-10029/bigdata/final/kurosiwo_S1_DEM/502/502_05_MK0_MNA_20210223.tif,/home/chunen/nas/bigdata/final/kurosiwo_S1_DEM/502/502_05_MK0_MNA_20210223.tif,KuroSiwo_COG_V8/502/s1_dem/502_05_MK0_MNA_20210223_cog.tif,s1_dem,502,bilinear,256,DEFLATE,ok,gdal_translate COG 成功,2026-05-21T20:56:37.553344
/home/NAS/homes/chunen-10029/bigdata/final/kurosiwo_S1_DEM/502/502_05_MK0_SLOPE_20210223.tif,/home/chunen/nas/bigdata/final/kurosiwo_S1_DEM/502/502_05_MK0_SLOPE_20210223.tif,KuroSiwo_COG_V8/502/s1_dem/502_05_MK0_SLOPE_20210223_cog.tif,s1_dem,502,bilinear,256,DEFLATE,ok,gdal_translate COG 成功,2026-05-21T20:56:39.418808
/home/NAS/homes/chunen-10029/bigdata/final/kurosiwo_S1_DEM/502/502_05_MS1_IVH_20210223.tif,/home/chunen/nas/bigdata/final/kurosiwo_S1_DEM/502/502_05_MS1_IVH_20210223.tif,KuroSiwo_COG_V8/502/s1_dem/502_05_MS1_IVH_20210223_cog.tif,s1_dem,502,bilinear,256,DEFLATE,ok,gdal_translate COG 成功,2026-05-21T20:56:41.341446
/home/NAS/homes/chunen-10029/bigdata/final/kurosiwo_S1_DEM/502/502_05_MS1_IVV_20210223.tif,/home/chunen/nas/bigdata/final/kurosiwo_S1_DEM/502/502_05_MS1_IVV_20210223.tif,KuroSiwo_COG_V8/502/s1_dem/502_05_MS1_IVV_20210223_cog.tif,s1_dem,502,bilinear,256,DEFLATE,ok,gdal_translate COG 成功,2026-05-21T20:56:43.614911
/home/NAS/homes/chunen-10029/bigdata/final/kurosiwo_S1_DEM/502/502_05_SL1_IVH_20210211.tif,/home/chunen/nas/bigdata/final/kurosiwo_S1_DEM/502/502_05_SL1_IVH_20210211.tif,KuroSiwo_COG_V8/502/s1_dem/502_05_SL1_IVH_20210211_cog.tif,s1_dem,502,bilinear,256,DEFLATE,ok,gdal_translate COG 成功,2026-05-21T20:56:45.673771
/home/NAS/homes/chunen-10029/bigdata/final/kurosiwo_S1_DEM/502/502_05_SL1_IVV_20210211.tif,/home/chunen/nas/bigdata/final/kurosiwo_S1_DEM/502/502_05_SL1_IVV_20210211.tif,KuroSiwo_COG_V8/502/s1_dem/502_05_SL1_IVV_20210211_cog.tif,s1_dem,502,bilinear,256,DEFLATE,ok,gdal_translate COG 成功,2026-05-21T20:56:47.656281
/home/NAS/homes/chunen-10029/bigdata/final/kurosiwo_S1_DEM/502/502_05_SL2_IVH_20210130.tif,/home/chunen/nas/bigdata/final/kurosiwo_S1_DEM/502/502_05_SL2_IVH_20210130.tif,KuroSiwo_COG_V8/502/s1_dem/502_05_SL2_IVH_20210130_cog.tif,s1_dem,502,bilinear,256,DEFLATE,ok,gdal_translate COG 成功,2026-05-21T20:56:50.194534
/home/NAS/homes/chunen-10029/bigdata/final/kurosiwo_S1_DEM/502/502_05_SL2_IVV_20210130.tif,/home/chunen/nas/bigdata/final/kurosiwo_S1_DEM/502/502_05_SL2_IVV_20210130.tif,KuroSiwo_COG_V8/502/s1_dem/502_05_SL2_IVV_20210130_cog.tif,s1_dem,502,bilinear,256,DEFLATE,ok,gdal_translate COG 成功,2026-05-21T20:56:52.059337
/home/NAS/homes/chunen-10029/bigdata/final/kurosiwo_S1_DEM/502/502_07_MK0_DEM_20210223.tif,/home/chunen/nas/bigdata/final/kurosiwo_S1_DEM/502/502_07_MK0_DEM_20210223.tif,KuroSiwo_COG_V8/502/dem/502_07_MK0_DEM_20210223_cog.tif,dem,502,bilinear,256,DEFLATE,ok,gdal_translate COG 成功,2026-05-21T20:56:52.643901
/home/NAS/homes/chunen-10029/bigdata/final/kurosiwo_S1_DEM/502/502_07_MK0_MLU_20210223.tif,/home/chunen/nas/bigdata/final/kurosiwo_S1_DEM/502/502_07_MK0_MLU_20210223.tif,KuroSiwo_COG_V8/502/lulc/502_07_MK0_MLU_20210223_cog.tif,lulc,502,nearest,256,DEFLATE,ok,gdal_translate COG 成功,2026-05-21T20:56:52.792308
/home/NAS/homes/chunen-10029/bigdata/final/kurosiwo_S1_DEM/502/502_07_MK0_MNA_20210223.tif,/home/chunen/nas/bigdata/final/kurosiwo_S1_DEM/502/502_07_MK0_MNA_20210223.tif,KuroSiwo_COG_V8/502/s1_dem/502_07_MK0_MNA_20210223_cog.tif,s1_dem,502,bilinear,256,DEFLATE,ok,gdal_translate COG 成功,2026-05-21T20:56:52.933583
/home/NAS/homes/chunen-10029/bigdata/final/kurosiwo_S1_DEM/502/502_07_MK0_SLOPE_20210223.tif,/home/chunen/nas/bigdata/final/kurosiwo_S1_DEM/502/502_07_MK0_SLOPE_20210223.tif,KuroSiwo_COG_V8/502/s1_dem/502_07_MK0_SLOPE_20210223_cog.tif,s1_dem,502,bilinear,256,DEFLATE,ok,gdal_translate COG 成功,2026-05-21T20:56:53.432894
/home/NAS/homes/chunen-10029/bigdata/final/kurosiwo_S1_DEM/502/502_07_MS1_IVH_20210223.tif,/home/chunen/nas/bigdata/final/kurosiwo_S1_DEM/502/502_07_MS1_IVH_20210223.tif,KuroSiwo_COG_V8/502/s1_dem/502_07_MS1_IVH_20210223_cog.tif,s1_dem,502,bilinear,256,DEFLATE,ok,gdal_translate COG 成功,2026-05-21T20:56:53.889767
/home/NAS/homes/chunen-10029/bigdata/final/kurosiwo_S1_DEM/502/502_07_MS1_IVV_20210223.tif,/home/chunen/nas/bigdata/final/kurosiwo_S1_DEM/502/502_07_MS1_IVV_20210223.tif,KuroSiwo_COG_V8/502/s1_dem/502_07_MS1_IVV_20210223_cog.tif,s1_dem,502,bilinear,256,DEFLATE,ok,gdal_translate COG 成功,2026-05-21T20:56:54.383164
/home/NAS/homes/chunen-10029/bigdata/final/kurosiwo_S1_DEM/502/502_07_SL1_IVH_20210211.tif,/home/chunen/nas/bigdata/final/kurosiwo_S1_DEM/502/502_07_SL1_IVH_20210211.tif,KuroSiwo_COG_V8/502/s1_dem/502_07_SL1_IVH_20210211_cog.tif,s1_dem,502,bilinear,256,DEFLATE,ok,gdal_translate COG 成功,2026-05-21T20:56:54.881584
/home/NAS/homes/chunen-10029/bigdata/final/kurosiwo_S1_DEM/502/502_07_SL1_IVV_20210211.tif,/home/chunen/nas/bigdata/final/kurosiwo_S1_DEM/502/502_07_SL1_IVV_20210211.tif,KuroSiwo_COG_V8/502/s1_dem/502_07_SL1_IVV_20210211_cog.tif,s1_dem,502,bilinear,256,DEFLATE,ok,gdal_translate COG 成功,2026-05-21T20:56:55.283148
/home/NAS/homes/chunen-10029/bigdata/final/kurosiwo_S1_DEM/502/502_07_SL2_IVH_20210130.tif,/home/chunen/nas/bigdata/final/kurosiwo_S1_DEM/502/502_07_SL2_IVH_20210130.tif,KuroSiwo_COG_V8/502/s1_dem/502_07_SL2_IVH_20210130_cog.tif,s1_dem,502,bilinear,256,DEFLATE,ok,gdal_translate COG 成功,2026-05-21T20:56:55.705761
/home/NAS/homes/chunen-10029/bigdata/final/kurosiwo_S1_DEM/502/502_07_SL2_IVV_20210130.tif,/home/chunen/nas/bigdata/final/kurosiwo_S1_DEM/502/502_07_SL2_IVV_20210130.tif,KuroSiwo_COG_V8/502/s1_dem/502_07_SL2_IVV_20210130_cog.tif,s1_dem,502,bilinear,256,DEFLATE,ok,gdal_translate COG 成功,2026-05-21T20:56:56.259437
/home/NAS/homes/chunen-10029/bigdata/final/kurosiwo_S1_DEM/518/518_01_MK0_DEM_20210715.tif,/home/chunen/nas/bigdata/final/kurosiwo_S1_DEM/518/518_01_MK0_DEM_20210715.tif,KuroSiwo_COG_V8/518/dem/518_01_MK0_DEM_20210715_cog.tif,dem,518,bilinear,256,DEFLATE,ok,gdal_translate COG 成功,2026-05-21T20:56:57.904698
/home/NAS/homes/chunen-10029/bigdata/final/kurosiwo_S1_DEM/518/518_01_MK0_MLU_20210715.tif,/home/chunen/nas/bigdata/final/kurosiwo_S1_DEM/518/518_01_MK0_MLU_20210715.tif,KuroSiwo_COG_V8/518/lulc/518_01_MK0_MLU_20210715_cog.tif,lulc,518,nearest,256,DEFLATE,ok,gdal_translate COG 成功,2026-05-21T20:56:58.341813
/home/NAS/homes/chunen-10029/bigdata/final/kurosiwo_S1_DEM/518/518_01_MK0_MNA_20210715.tif,/home/chunen/nas/bigdata/final/kurosiwo_S1_DEM/518/518_01_MK0_MNA_20210715.tif,KuroSiwo_COG_V8/518/s1_dem/518_01_MK0_MNA_20210715_cog.tif,s1_dem,518,bilinear,256,DEFLATE,ok,gdal_translate COG 成功,2026-05-21T20:56:58.754972
/home/NAS/homes/chunen-10029/bigdata/final/kurosiwo_S1_DEM/518/518_01_MK0_SLOPE_20210715.tif,/home/chunen/nas/bigdata/final/kurosiwo_S1_DEM/518/518_01_MK0_SLOPE_20210715.tif,KuroSiwo_COG_V8/518/s1_dem/518_01_MK0_SLOPE_20210715_cog.tif,s1_dem,518,bilinear,256,DEFLATE,ok,gdal_translate COG 成功,2026-05-21T20:57:00.102452
/home/NAS/homes/chunen-10029/bigdata/final/kurosiwo_S1_DEM/518/518_01_MS1_IVH_20210715.tif,/home/chunen/nas/bigdata/final/kurosiwo_S1_DEM/518/518_01_MS1_IVH_20210715.tif,KuroSiwo_COG_V8/518/s1_dem/518_01_MS1_IVH_20210715_cog.tif,s1_dem,518,bilinear,256,DEFLATE,ok,gdal_translate COG 成功,2026-05-21T20:57:02.141253
/home/NAS/homes/chunen-10029/bigdata/final/kurosiwo_S1_DEM/518/518_01_MS1_IVV_20210715.tif,/home/chunen/nas/bigdata/final/kurosiwo_S1_DEM/518/518_01_MS1_IVV_20210715.tif,KuroSiwo_COG_V8/518/s1_dem/518_01_MS1_IVV_20210715_cog.tif,s1_dem,518,bilinear,256,DEFLATE,ok,gdal_translate COG 成功,2026-05-21T20:57:04.730625
/home/NAS/homes/chunen-10029/bigdata/final/kurosiwo_S1_DEM/518/518_01_SL1_IVH_20210528.tif,/home/chunen/nas/bigdata/final/kurosiwo_S1_DEM/518/518_01_SL1_IVH_20210528.tif,KuroSiwo_COG_V8/518/s1_dem/518_01_SL1_IVH_20210528_cog.tif,s1_dem,518,bilinear,256,DEFLATE,ok,gdal_translate COG 成功,2026-05-21T20:57:07.311109
/home/NAS/homes/chunen-10029/bigdata/final/kurosiwo_S1_DEM/518/518_01_SL1_IVV_20210528.tif,/home/chunen/nas/bigdata/final/kurosiwo_S1_DEM/518/518_01_SL1_IVV_20210528.tif,KuroSiwo_COG_V8/518/s1_dem/518_01_SL1_IVV_20210528_cog.tif,s1_dem,518,bilinear,256,DEFLATE,ok,gdal_translate COG 成功,2026-05-21T20:57:09.352571
/home/NAS/homes/chunen-10029/bigdata/final/kurosiwo_S1_DEM/518/518_01_SL2_IVH_20210516.tif,/home/chunen/nas/bigdata/final/kurosiwo_S1_DEM/518/518_01_SL2_IVH_20210516.tif,KuroSiwo_COG_V8/518/s1_dem/518_01_SL2_IVH_20210516_cog.tif,s1_dem,518,bilinear,256,DEFLATE,ok,gdal_translate COG 成功,2026-05-21T20:57:11.289433
/home/NAS/homes/chunen-10029/bigdata/final/kurosiwo_S1_DEM/518/518_01_SL2_IVV_20210516.tif,/home/chunen/nas/bigdata/final/kurosiwo_S1_DEM/518/518_01_SL2_IVV_20210516.tif,KuroSiwo_COG_V8/518/s1_dem/518_01_SL2_IVV_20210516_cog.tif,s1_dem,518,bilinear,256,DEFLATE,ok,gdal_translate COG 成功,2026-05-21T20:57:13.348743
/home/NAS/homes/chunen-10029/bigdata/final/kurosiwo_S1_DEM/518/518_02_MK0_DEM_20210715.tif,/home/chunen/nas/bigdata/final/kurosiwo_S1_DEM/518/518_02_MK0_DEM_20210715.tif,KuroSiwo_COG_V8/518/dem/518_02_MK0_DEM_20210715_cog.tif,dem,518,bilinear,256,DEFLATE,ok,gdal_translate COG 成功,2026-05-21T20:57:15.065754
/home/NAS/homes/chunen-10029/bigdata/final/kurosiwo_S1_DEM/518/518_02_MK0_MLU_20210715.tif,/home/chunen/nas/bigdata/final/kurosiwo_S1_DEM/518/518_02_MK0_MLU_20210715.tif,KuroSiwo_COG_V8/518/lulc/518_02_MK0_MLU_20210715_cog.tif,lulc,518,nearest,256,DEFLATE,ok,gdal_translate COG 成功,2026-05-21T20:57:15.425070
/home/NAS/homes/chunen-10029/bigdata/final/kurosiwo_S1_DEM/518/518_02_MK0_MNA_20210715.tif,/home/chunen/nas/bigdata/final/kurosiwo_S1_DEM/518/518_02_MK0_MNA_20210715.tif,KuroSiwo_COG_V8/518/s1_dem/518_02_MK0_MNA_20210715_cog.tif,s1_dem,518,bilinear,256,DEFLATE,ok,gdal_translate COG 成功,2026-05-21T20:57:15.765094
/home/NAS/homes/chunen-10029/bigdata/final/kurosiwo_S1_DEM/518/518_02_MK0_SLOPE_20210715.tif,/home/chunen/nas/bigdata/final/kurosiwo_S1_DEM/518/518_02_MK0_SLOPE_20210715.tif,KuroSiwo_COG_V8/518/s1_dem/518_02_MK0_SLOPE_20210715_cog.tif,s1_dem,518,bilinear,256,DEFLATE,ok,gdal_translate COG 成功,2026-05-21T20:57:17.494314
/home/NAS/homes/chunen-10029/bigdata/final/kurosiwo_S1_DEM/518/518_02_MS1_IVH_20210715.tif,/home/chunen/nas/bigdata/final/kurosiwo_S1_DEM/518/518_02_MS1_IVH_20210715.tif,KuroSiwo_COG_V8/518/s1_dem/518_02_MS1_IVH_20210715_cog.tif,s1_dem,518,bilinear,256,DEFLATE,ok,gdal_translate COG 成功,2026-05-21T20:57:19.422850
/home/NAS/homes/chunen-10029/bigdata/final/kurosiwo_S1_DEM/518/518_02_MS1_IVV_20210715.tif,/home/chunen/nas/bigdata/final/kurosiwo_S1_DEM/518/518_02_MS1_IVV_20210715.tif,KuroSiwo_COG_V8/518/s1_dem/518_02_MS1_IVV_20210715_cog.tif,s1_dem,518,bilinear,256,DEFLATE,ok,gdal_translate COG 成功,2026-05-21T20:57:21.359394
/home/NAS/homes/chunen-10029/bigdata/final/kurosiwo_S1_DEM/518/518_02_SL1_IVH_20210528.tif,/home/chunen/nas/bigdata/final/kurosiwo_S1_DEM/518/518_02_SL1_IVH_20210528.tif,KuroSiwo_COG_V8/518/s1_dem/518_02_SL1_IVH_20210528_cog.tif,s1_dem,518,bilinear,256,DEFLATE,ok,gdal_translate COG 成功,2026-05-21T20:57:23.265422
/home/NAS/homes/chunen-10029/bigdata/final/kurosiwo_S1_DEM/518/518_02_SL1_IVV_20210528.tif,/home/chunen/nas/bigdata/final/kurosiwo_S1_DEM/518/518_02_SL1_IVV_20210528.tif,KuroSiwo_COG_V8/518/s1_dem/518_02_SL1_IVV_20210528_cog.tif,s1_dem,518,bilinear,256,DEFLATE,ok,gdal_translate COG 成功,2026-05-21T20:57:26.080809
/home/NAS/homes/chunen-10029/bigdata/final/kurosiwo_S1_DEM/518/518_02_SL2_IVH_20210516.tif,/home/chunen/nas/bigdata/final/kurosiwo_S1_DEM/518/518_02_SL2_IVH_20210516.tif,KuroSiwo_COG_V8/518/s1_dem/518_02_SL2_IVH_20210516_cog.tif,s1_dem,518,bilinear,256,DEFLATE,ok,gdal_translate COG 成功,2026-05-21T20:57:27.923539
/home/NAS/homes/chunen-10029/bigdata/final/kurosiwo_S1_DEM/518/518_02_SL2_IVV_20210516.tif,/home/chunen/nas/bigdata/final/kurosiwo_S1_DEM/518/518_02_SL2_IVV_20210516.tif,KuroSiwo_COG_V8/518/s1_dem/518_02_SL2_IVV_20210516_cog.tif,s1_dem,518,bilinear,256,DEFLATE,ok,gdal_translate COG 成功,2026-05-21T20:57:29.819195
/home/NAS/homes/chunen-10029/bigdata/final/kurosiwo_S1_DEM/520/520_01_MK0_DEM_20210716.tif,/home/chunen/nas/bigdata/final/kurosiwo_S1_DEM/520/520_01_MK0_DEM_20210716.tif,KuroSiwo_COG_V8/520/dem/520_01_MK0_DEM_20210716_cog.tif,dem,520,bilinear,256,DEFLATE,ok,gdal_translate COG 成功,2026-05-21T20:57:30.362603
/home/NAS/homes/chunen-10029/bigdata/final/kurosiwo_S1_DEM/520/520_01_MK0_MLU_20210716.tif,/home/chunen/nas/bigdata/final/kurosiwo_S1_DEM/520/520_01_MK0_MLU_20210716.tif,KuroSiwo_COG_V8/520/lulc/520_01_MK0_MLU_20210716_cog.tif,lulc,520,nearest,256,DEFLATE,ok,gdal_translate COG 成功,2026-05-21T20:57:30.557224
/home/NAS/homes/chunen-10029/bigdata/final/kurosiwo_S1_DEM/520/520_01_MK0_MNA_20210716.tif,/home/chunen/nas/bigdata/final/kurosiwo_S1_DEM/520/520_01_MK0_MNA_20210716.tif,KuroSiwo_COG_V8/520/s1_dem/520_01_MK0_MNA_20210716_cog.tif,s1_dem,520,bilinear,256,DEFLATE,ok,gdal_translate COG 成功,2026-05-21T20:57:30.723790
/home/NAS/homes/chunen-10029/bigdata/final/kurosiwo_S1_DEM/520/520_01_MK0_SLOPE_20210716.tif,/home/chunen/nas/bigdata/final/kurosiwo_S1_DEM/520/520_01_MK0_SLOPE_20210716.tif,KuroSiwo_COG_V8/520/s1_dem/520_01_MK0_SLOPE_20210716_cog.tif,s1_dem,520,bilinear,256,DEFLATE,ok,gdal_translate COG 成功,2026-05-21T20:57:31.217343
/home/NAS/homes/chunen-10029/bigdata/final/kurosiwo_S1_DEM/520/520_01_MS1_IVH_20210716.tif,/home/chunen/nas/bigdata/final/kurosiwo_S1_DEM/520/520_01_MS1_IVH_20210716.tif,KuroSiwo_COG_V8/520/s1_dem/520_01_MS1_IVH_20210716_cog.tif,s1_dem,520,bilinear,256,DEFLATE,ok,gdal_translate COG 成功,2026-05-21T20:57:31.834846
/home/NAS/homes/chunen-10029/bigdata/final/kurosiwo_S1_DEM/520/520_01_MS1_IVV_20210716.tif,/home/chunen/nas/bigdata/final/kurosiwo_S1_DEM/520/520_01_MS1_IVV_20210716.tif,KuroSiwo_COG_V8/520/s1_dem/520_01_MS1_IVV_20210716_cog.tif,s1_dem,520,bilinear,256,DEFLATE,ok,gdal_translate COG 成功,2026-05-21T20:57:32.471228
/home/NAS/homes/chunen-10029/bigdata/final/kurosiwo_S1_DEM/520/520_01_SL1_IVH_20210610.tif,/home/chunen/nas/bigdata/final/kurosiwo_S1_DEM/520/520_01_SL1_IVH_20210610.tif,KuroSiwo_COG_V8/520/s1_dem/520_01_SL1_IVH_20210610_cog.tif,s1_dem,520,bilinear,256,DEFLATE,ok,gdal_translate COG 成功,2026-05-21T20:57:33.081259
/home/NAS/homes/chunen-10029/bigdata/final/kurosiwo_S1_DEM/520/520_01_SL1_IVV_20210610.tif,/home/chunen/nas/bigdata/final/kurosiwo_S1_DEM/520/520_01_SL1_IVV_20210610.tif,KuroSiwo_COG_V8/520/s1_dem/520_01_SL1_IVV_20210610_cog.tif,s1_dem,520,bilinear,256,DEFLATE,ok,gdal_translate COG 成功,2026-05-21T20:57:33.922517
/home/NAS/homes/chunen-10029/bigdata/final/kurosiwo_S1_DEM/520/520_01_SL2_IVH_20201001.tif,/home/chunen/nas/bigdata/final/kurosiwo_S1_DEM/520/520_01_SL2_IVH_20201001.tif,KuroSiwo_COG_V8/520/s1_dem/520_01_SL2_IVH_20201001_cog.tif,s1_dem,520,bilinear,256,DEFLATE,ok,gdal_translate COG 成功,2026-05-21T20:57:34.580481
/home/NAS/homes/chunen-10029/bigdata/final/kurosiwo_S1_DEM/520/520_01_SL2_IVV_20201001.tif,/home/chunen/nas/bigdata/final/kurosiwo_S1_DEM/520/520_01_SL2_IVV_20201001.tif,KuroSiwo_COG_V8/520/s1_dem/520_01_SL2_IVV_20201001_cog.tif,s1_dem,520,bilinear,256,DEFLATE,ok,gdal_translate COG 成功,2026-05-21T20:57:35.496419
/home/NAS/homes/chunen-10029/bigdata/final/kurosiwo_S1_DEM/554/554_01_MK0_DEM_20211130.tif,/home/chunen/nas/bigdata/final/kurosiwo_S1_DEM/554/554_01_MK0_DEM_20211130.tif,KuroSiwo_COG_V8/554/dem/554_01_MK0_DEM_20211130_cog.tif,dem,554,bilinear,256,DEFLATE,ok,gdal_translate COG 成功,2026-05-21T20:57:35.989302
/home/NAS/homes/chunen-10029/bigdata/final/kurosiwo_S1_DEM/554/554_01_MK0_MLU_20211130.tif,/home/chunen/nas/bigdata/final/kurosiwo_S1_DEM/554/554_01_MK0_MLU_20211130.tif,KuroSiwo_COG_V8/554/lulc/554_01_MK0_MLU_20211130_cog.tif,lulc,554,nearest,256,DEFLATE,ok,gdal_translate COG 成功,2026-05-21T20:57:36.134412
/home/NAS/homes/chunen-10029/bigdata/final/kurosiwo_S1_DEM/554/554_01_MK0_MNA_20211130.tif,/home/chunen/nas/bigdata/final/kurosiwo_S1_DEM/554/554_01_MK0_MNA_20211130.tif,KuroSiwo_COG_V8/554/s1_dem/554_01_MK0_MNA_20211130_cog.tif,s1_dem,554,bilinear,256,DEFLATE,ok,gdal_translate COG 成功,2026-05-21T20:57:36.261813
/home/NAS/homes/chunen-10029/bigdata/final/kurosiwo_S1_DEM/554/554_01_MK0_SLOPE_20211130.tif,/home/chunen/nas/bigdata/final/kurosiwo_S1_DEM/554/554_01_MK0_SLOPE_20211130.tif,KuroSiwo_COG_V8/554/s1_dem/554_01_MK0_SLOPE_20211130_cog.tif,s1_dem,554,bilinear,256,DEFLATE,ok,gdal_translate COG 成功,2026-05-21T20:57:36.713574
/home/NAS/homes/chunen-10029/bigdata/final/kurosiwo_S1_DEM/554/554_01_MS1_IVH_20211130.tif,/home/chunen/nas/bigdata/final/kurosiwo_S1_DEM/554/554_01_MS1_IVH_20211130.tif,KuroSiwo_COG_V8/554/s1_dem/554_01_MS1_IVH_20211130_cog.tif,s1_dem,554,bilinear,256,DEFLATE,ok,gdal_translate COG 成功,2026-05-21T20:57:37.376690
/home/NAS/homes/chunen-10029/bigdata/final/kurosiwo_S1_DEM/554/554_01_MS1_IVV_20211130.tif,/home/chunen/nas/bigdata/final/kurosiwo_S1_DEM/554/554_01_MS1_IVV_20211130.tif,KuroSiwo_COG_V8/554/s1_dem/554_01_MS1_IVV_20211130_cog.tif,s1_dem,554,bilinear,256,DEFLATE,ok,gdal_translate COG 成功,2026-05-21T20:57:37.941243
/home/NAS/homes/chunen-10029/bigdata/final/kurosiwo_S1_DEM/554/554_01_SL1_IVH_20211025.tif,/home/chunen/nas/bigdata/final/kurosiwo_S1_DEM/554/554_01_SL1_IVH_20211025.tif,KuroSiwo_COG_V8/554/s1_dem/554_01_SL1_IVH_20211025_cog.tif,s1_dem,554,bilinear,256,DEFLATE,ok,gdal_translate COG 成功,2026-05-21T20:57:38.460415
/home/NAS/homes/chunen-10029/bigdata/final/kurosiwo_S1_DEM/554/554_01_SL1_IVV_20211025.tif,/home/chunen/nas/bigdata/final/kurosiwo_S1_DEM/554/554_01_SL1_IVV_20211025.tif,KuroSiwo_COG_V8/554/s1_dem/554_01_SL1_IVV_20211025_cog.tif,s1_dem,554,bilinear,256,DEFLATE,ok,gdal_translate COG 成功,2026-05-21T20:57:39.019522
/home/NAS/homes/chunen-10029/bigdata/final/kurosiwo_S1_DEM/554/554_01_SL2_IVH_20211013.tif,/home/chunen/nas/bigdata/final/kurosiwo_S1_DEM/554/554_01_SL2_IVH_20211013.tif,KuroSiwo_COG_V8/554/s1_dem/554_01_SL2_IVH_20211013_cog.tif,s1_dem,554,bilinear,256,DEFLATE,ok,gdal_translate COG 成功,2026-05-21T20:57:39.606662
/home/NAS/homes/chunen-10029/bigdata/final/kurosiwo_S1_DEM/554/554_01_SL2_IVV_20211013.tif,/home/chunen/nas/bigdata/final/kurosiwo_S1_DEM/554/554_01_SL2_IVV_20211013.tif,KuroSiwo_COG_V8/554/s1_dem/554_01_SL2_IVV_20211013_cog.tif,s1_dem,554,bilinear,256,DEFLATE,ok,gdal_translate COG 成功,2026-05-21T20:57:40.159687
/home/NAS/homes/chunen-10029/bigdata/final/kurosiwo_S1_DEM/555/555_01_MK0_DEM_20211210.tif,/home/chunen/nas/bigdata/final/kurosiwo_S1_DEM/555/555_01_MK0_DEM_20211210.tif,KuroSiwo_COG_V8/555/dem/555_01_MK0_DEM_20211210_cog.tif,dem,555,bilinear,256,DEFLATE,ok,gdal_translate COG 成功,2026-05-21T20:57:52.190203
/home/NAS/homes/chunen-10029/bigdata/final/kurosiwo_S1_DEM/555/555_01_MK0_MLU_20211210.tif,/home/chunen/nas/bigdata/final/kurosiwo_S1_DEM/555/555_01_MK0_MLU_20211210.tif,KuroSiwo_COG_V8/555/lulc/555_01_MK0_MLU_20211210_cog.tif,lulc,555,nearest,256,DEFLATE,ok,gdal_translate COG 成功,2026-05-21T20:57:55.012899
/home/NAS/homes/chunen-10029/bigdata/final/kurosiwo_S1_DEM/555/555_01_MK0_MNA_20211210.tif,/home/chunen/nas/bigdata/final/kurosiwo_S1_DEM/555/555_01_MK0_MNA_20211210.tif,KuroSiwo_COG_V8/555/s1_dem/555_01_MK0_MNA_20211210_cog.tif,s1_dem,555,bilinear,256,DEFLATE,ok,gdal_translate COG 成功,2026-05-21T20:57:57.893838
/home/NAS/homes/chunen-10029/bigdata/final/kurosiwo_S1_DEM/555/555_01_MK0_SLOPE_20211210.tif,/home/chunen/nas/bigdata/final/kurosiwo_S1_DEM/555/555_01_MK0_SLOPE_20211210.tif,KuroSiwo_COG_V8/555/s1_dem/555_01_MK0_SLOPE_20211210_cog.tif,s1_dem,555,bilinear,256,DEFLATE,ok,gdal_translate COG 成功,2026-05-21T20:58:09.338376
/home/NAS/homes/chunen-10029/bigdata/final/kurosiwo_S1_DEM/555/555_01_MS1_IVH_20211210.tif,/home/chunen/nas/bigdata/final/kurosiwo_S1_DEM/555/555_01_MS1_IVH_20211210.tif,KuroSiwo_COG_V8/555/s1_dem/555_01_MS1_IVH_20211210_cog.tif,s1_dem,555,bilinear,256,DEFLATE,ok,gdal_translate COG 成功,2026-05-21T20:58:24.960281
/home/NAS/homes/chunen-10029/bigdata/final/kurosiwo_S1_DEM/555/555_01_MS1_IVV_20211210.tif,/home/chunen/nas/bigdata/final/kurosiwo_S1_DEM/555/555_01_MS1_IVV_20211210.tif,KuroSiwo_COG_V8/555/s1_dem/555_01_MS1_IVV_20211210_cog.tif,s1_dem,555,bilinear,256,DEFLATE,ok,gdal_translate COG 成功,2026-05-21T20:58:40.261040
/home/NAS/homes/chunen-10029/bigdata/final/kurosiwo_S1_DEM/555/555_01_SL1_IVH_20210830.tif,/home/chunen/nas/bigdata/final/kurosiwo_S1_DEM/555/555_01_SL1_IVH_20210830.tif,KuroSiwo_COG_V8/555/s1_dem/555_01_SL1_IVH_20210830_cog.tif,s1_dem,555,bilinear,256,DEFLATE,ok,gdal_translate COG 成功,2026-05-21T20:58:56.193764
/home/NAS/homes/chunen-10029/bigdata/final/kurosiwo_S1_DEM/555/555_01_SL1_IVV_20210830.tif,/home/chunen/nas/bigdata/final/kurosiwo_S1_DEM/555/555_01_SL1_IVV_20210830.tif,KuroSiwo_COG_V8/555/s1_dem/555_01_SL1_IVV_20210830_cog.tif,s1_dem,555,bilinear,256,DEFLATE,ok,gdal_translate COG 成功,2026-05-21T20:59:12.811248
/home/NAS/homes/chunen-10029/bigdata/final/kurosiwo_S1_DEM/555/555_01_SL2_IVH_20210818.tif,/home/chunen/nas/bigdata/final/kurosiwo_S1_DEM/555/555_01_SL2_IVH_20210818.tif,KuroSiwo_COG_V8/555/s1_dem/555_01_SL2_IVH_20210818_cog.tif,s1_dem,555,bilinear,256,DEFLATE,ok,gdal_translate COG 成功,2026-05-21T20:59:28.191913
/home/NAS/homes/chunen-10029/bigdata/final/kurosiwo_S1_DEM/555/555_01_SL2_IVV_20210818.tif,/home/chunen/nas/bigdata/final/kurosiwo_S1_DEM/555/555_01_SL2_IVV_20210818.tif,KuroSiwo_COG_V8/555/s1_dem/555_01_SL2_IVV_20210818_cog.tif,s1_dem,555,bilinear,256,DEFLATE,ok,gdal_translate COG 成功,2026-05-21T20:59:44.173410
/home/NAS/homes/chunen-10029/bigdata/final/kurosiwo_S1_DEM/559/559_04_MK0_DEM_20220127.tif,/home/chunen/nas/bigdata/final/kurosiwo_S1_DEM/559/559_04_MK0_DEM_20220127.tif,KuroSiwo_COG_V8/559/dem/559_04_MK0_DEM_20220127_cog.tif,dem,559,bilinear,256,DEFLATE,ok,gdal_translate COG 成功,2026-05-21T20:59:44.510852
/home/NAS/homes/chunen-10029/bigdata/final/kurosiwo_S1_DEM/559/559_04_MK0_MLU_20220127.tif,/home/chunen/nas/bigdata/final/kurosiwo_S1_DEM/559/559_04_MK0_MLU_20220127.tif,KuroSiwo_COG_V8/559/lulc/559_04_MK0_MLU_20220127_cog.tif,lulc,559,nearest,256,DEFLATE,ok,gdal_translate COG 成功,2026-05-21T20:59:44.642116
/home/NAS/homes/chunen-10029/bigdata/final/kurosiwo_S1_DEM/559/559_04_MK0_MNA_20220127.tif,/home/chunen/nas/bigdata/final/kurosiwo_S1_DEM/559/559_04_MK0_MNA_20220127.tif,KuroSiwo_COG_V8/559/s1_dem/559_04_MK0_MNA_20220127_cog.tif,s1_dem,559,bilinear,256,DEFLATE,ok,gdal_translate COG 成功,2026-05-21T20:59:44.774911
/home/NAS/homes/chunen-10029/bigdata/final/kurosiwo_S1_DEM/559/559_04_MK0_SLOPE_20220127.tif,/home/chunen/nas/bigdata/final/kurosiwo_S1_DEM/559/559_04_MK0_SLOPE_20220127.tif,KuroSiwo_COG_V8/559/s1_dem/559_04_MK0_SLOPE_20220127_cog.tif,s1_dem,559,bilinear,256,DEFLATE,ok,gdal_translate COG 成功,2026-05-21T20:59:45.157392
/home/NAS/homes/chunen-10029/bigdata/final/kurosiwo_S1_DEM/559/559_04_MS1_IVH_20220127.tif,/home/chunen/nas/bigdata/final/kurosiwo_S1_DEM/559/559_04_MS1_IVH_20220127.tif,KuroSiwo_COG_V8/559/s1_dem/559_04_MS1_IVH_20220127_cog.tif,s1_dem,559,bilinear,256,DEFLATE,ok,gdal_translate COG 成功,2026-05-21T20:59:45.509498
/home/NAS/homes/chunen-10029/bigdata/final/kurosiwo_S1_DEM/559/559_04_MS1_IVV_20220127.tif,/home/chunen/nas/bigdata/final/kurosiwo_S1_DEM/559/559_04_MS1_IVV_20220127.tif,KuroSiwo_COG_V8/559/s1_dem/559_04_MS1_IVV_20220127_cog.tif,s1_dem,559,bilinear,256,DEFLATE,ok,gdal_translate COG 成功,2026-05-21T20:59:45.864206
/home/NAS/homes/chunen-10029/bigdata/final/kurosiwo_S1_DEM/559/559_04_SL1_IVH_20200817.tif,/home/chunen/nas/bigdata/final/kurosiwo_S1_DEM/559/559_04_SL1_IVH_20200817.tif,KuroSiwo_COG_V8/559/s1_dem/559_04_SL1_IVH_20200817_cog.tif,s1_dem,559,bilinear,256,DEFLATE,ok,gdal_translate COG 成功,2026-05-21T20:59:46.204461
/home/NAS/homes/chunen-10029/bigdata/final/kurosiwo_S1_DEM/559/559_04_SL1_IVV_20200817.tif,/home/chunen/nas/bigdata/final/kurosiwo_S1_DEM/559/559_04_SL1_IVV_20200817.tif,KuroSiwo_COG_V8/559/s1_dem/559_04_SL1_IVV_20200817_cog.tif,s1_dem,559,bilinear,256,DEFLATE,ok,gdal_translate COG 成功,2026-05-21T20:59:46.495917
/home/NAS/homes/chunen-10029/bigdata/final/kurosiwo_S1_DEM/559/559_04_SL2_IVH_20200805.tif,/home/chunen/nas/bigdata/final/kurosiwo_S1_DEM/559/559_04_SL2_IVH_20200805.tif,KuroSiwo_COG_V8/559/s1_dem/559_04_SL2_IVH_20200805_cog.tif,s1_dem,559,bilinear,256,DEFLATE,ok,gdal_translate COG 成功,2026-05-21T20:59:46.804115
/home/NAS/homes/chunen-10029/bigdata/final/kurosiwo_S1_DEM/559/559_04_SL2_IVV_20200805.tif,/home/chunen/nas/bigdata/final/kurosiwo_S1_DEM/559/559_04_SL2_IVV_20200805.tif,KuroSiwo_COG_V8/559/s1_dem/559_04_SL2_IVV_20200805_cog.tif,s1_dem,559,bilinear,256,DEFLATE,ok,gdal_translate COG 成功,2026-05-21T20:59:47.120956
/home/NAS/homes/chunen-10029/bigdata/final/kurosiwo_S1_DEM/561/561_01_MK0_DEM_20220126.tif,/home/chunen/nas/bigdata/final/kurosiwo_S1_DEM/561/561_01_MK0_DEM_20220126.tif,KuroSiwo_COG_V8/561/dem/561_01_MK0_DEM_20220126_cog.tif,dem,561,bilinear,256,DEFLATE,ok,gdal_translate COG 成功,2026-05-21T20:59:47.656582
/home/NAS/homes/chunen-10029/bigdata/final/kurosiwo_S1_DEM/561/561_01_MK0_MLU_20220126.tif,/home/chunen/nas/bigdata/final/kurosiwo_S1_DEM/561/561_01_MK0_MLU_20220126.tif,KuroSiwo_COG_V8/561/lulc/561_01_MK0_MLU_20220126_cog.tif,lulc,561,nearest,256,DEFLATE,ok,gdal_translate COG 成功,2026-05-21T20:59:47.807443
/home/NAS/homes/chunen-10029/bigdata/final/kurosiwo_S1_DEM/561/561_01_MK0_MNA_20220126.tif,/home/chunen/nas/bigdata/final/kurosiwo_S1_DEM/561/561_01_MK0_MNA_20220126.tif,KuroSiwo_COG_V8/561/s1_dem/561_01_MK0_MNA_20220126_cog.tif,s1_dem,561,bilinear,256,DEFLATE,ok,gdal_translate COG 成功,2026-05-21T20:59:47.938852
/home/NAS/homes/chunen-10029/bigdata/final/kurosiwo_S1_DEM/561/561_01_MK0_SLOPE_20220126.tif,/home/chunen/nas/bigdata/final/kurosiwo_S1_DEM/561/561_01_MK0_SLOPE_20220126.tif,KuroSiwo_COG_V8/561/s1_dem/561_01_MK0_SLOPE_20220126_cog.tif,s1_dem,561,bilinear,256,DEFLATE,ok,gdal_translate COG 成功,2026-05-21T20:59:48.371912
/home/NAS/homes/chunen-10029/bigdata/final/kurosiwo_S1_DEM/561/561_01_MS1_IVH_20220126.tif,/home/chunen/nas/bigdata/final/kurosiwo_S1_DEM/561/561_01_MS1_IVH_20220126.tif,KuroSiwo_COG_V8/561/s1_dem/561_01_MS1_IVH_20220126_cog.tif,s1_dem,561,bilinear,256,DEFLATE,ok,gdal_translate COG 成功,2026-05-21T20:59:48.931158
/home/NAS/homes/chunen-10029/bigdata/final/kurosiwo_S1_DEM/561/561_01_MS1_IVV_20220126.tif,/home/chunen/nas/bigdata/final/kurosiwo_S1_DEM/561/561_01_MS1_IVV_20220126.tif,KuroSiwo_COG_V8/561/s1_dem/561_01_MS1_IVV_20220126_cog.tif,s1_dem,561,bilinear,256,DEFLATE,ok,gdal_translate COG 成功,2026-05-21T20:59:49.385956
/home/NAS/homes/chunen-10029/bigdata/final/kurosiwo_S1_DEM/561/561_01_SL1_IVH_20210904.tif,/home/chunen/nas/bigdata/final/kurosiwo_S1_DEM/561/561_01_SL1_IVH_20210904.tif,KuroSiwo_COG_V8/561/s1_dem/561_01_SL1_IVH_20210904_cog.tif,s1_dem,561,bilinear,256,DEFLATE,ok,gdal_translate COG 成功,2026-05-21T20:59:49.831491
/home/NAS/homes/chunen-10029/bigdata/final/kurosiwo_S1_DEM/561/561_01_SL1_IVV_20210904.tif,/home/chunen/nas/bigdata/final/kurosiwo_S1_DEM/561/561_01_SL1_IVV_20210904.tif,KuroSiwo_COG_V8/561/s1_dem/561_01_SL1_IVV_20210904_cog.tif,s1_dem,561,bilinear,256,DEFLATE,ok,gdal_translate COG 成功,2026-05-21T20:59:50.302525
/home/NAS/homes/chunen-10029/bigdata/final/kurosiwo_S1_DEM/561/561_01_SL2_IVH_20210823.tif,/home/chunen/nas/bigdata/final/kurosiwo_S1_DEM/561/561_01_SL2_IVH_20210823.tif,KuroSiwo_COG_V8/561/s1_dem/561_01_SL2_IVH_20210823_cog.tif,s1_dem,561,bilinear,256,DEFLATE,ok,gdal_translate COG 成功,2026-05-21T20:59:50.748902
/home/NAS/homes/chunen-10029/bigdata/final/kurosiwo_S1_DEM/561/561_01_SL2_IVV_20210823.tif,/home/chunen/nas/bigdata/final/kurosiwo_S1_DEM/561/561_01_SL2_IVV_20210823.tif,KuroSiwo_COG_V8/561/s1_dem/561_01_SL2_IVV_20210823_cog.tif,s1_dem,561,bilinear,256,DEFLATE,ok,gdal_translate COG 成功,2026-05-21T20:59:51.171506
/home/NAS/homes/chunen-10029/bigdata/final/kurosiwo_S1_DEM/562/562_13_MK0_DEM_20220203.tif,/home/chunen/nas/bigdata/final/kurosiwo_S1_DEM/562/562_13_MK0_DEM_20220203.tif,KuroSiwo_COG_V8/562/dem/562_13_MK0_DEM_20220203_cog.tif,dem,562,bilinear,256,DEFLATE,ok,gdal_translate COG 成功,2026-05-21T20:59:51.548972
/home/NAS/homes/chunen-10029/bigdata/final/kurosiwo_S1_DEM/562/562_13_MK0_MLU_20220203.tif,/home/chunen/nas/bigdata/final/kurosiwo_S1_DEM/562/562_13_MK0_MLU_20220203.tif,KuroSiwo_COG_V8/562/lulc/562_13_MK0_MLU_20220203_cog.tif,lulc,562,nearest,256,DEFLATE,ok,gdal_translate COG 成功,2026-05-21T20:59:51.712724
/home/NAS/homes/chunen-10029/bigdata/final/kurosiwo_S1_DEM/562/562_13_MK0_MNA_20220203.tif,/home/chunen/nas/bigdata/final/kurosiwo_S1_DEM/562/562_13_MK0_MNA_20220203.tif,KuroSiwo_COG_V8/562/s1_dem/562_13_MK0_MNA_20220203_cog.tif,s1_dem,562,bilinear,256,DEFLATE,ok,gdal_translate COG 成功,2026-05-21T20:59:51.846320
/home/NAS/homes/chunen-10029/bigdata/final/kurosiwo_S1_DEM/562/562_13_MK0_SLOPE_20220203.tif,/home/chunen/nas/bigdata/final/kurosiwo_S1_DEM/562/562_13_MK0_SLOPE_20220203.tif,KuroSiwo_COG_V8/562/s1_dem/562_13_MK0_SLOPE_20220203_cog.tif,s1_dem,562,bilinear,256,DEFLATE,ok,gdal_translate COG 成功,2026-05-21T20:59:52.317449
/home/NAS/homes/chunen-10029/bigdata/final/kurosiwo_S1_DEM/562/562_13_MS1_IVH_20220203.tif,/home/chunen/nas/bigdata/final/kurosiwo_S1_DEM/562/562_13_MS1_IVH_20220203.tif,KuroSiwo_COG_V8/562/s1_dem/562_13_MS1_IVH_20220203_cog.tif,s1_dem,562,bilinear,256,DEFLATE,ok,gdal_translate COG 成功,2026-05-21T20:59:52.784849
/home/NAS/homes/chunen-10029/bigdata/final/kurosiwo_S1_DEM/562/562_13_MS1_IVV_20220203.tif,/home/chunen/nas/bigdata/final/kurosiwo_S1_DEM/562/562_13_MS1_IVV_20220203.tif,KuroSiwo_COG_V8/562/s1_dem/562_13_MS1_IVV_20220203_cog.tif,s1_dem,562,bilinear,256,DEFLATE,ok,gdal_translate COG 成功,2026-05-21T20:59:53.238917
/home/NAS/homes/chunen-10029/bigdata/final/kurosiwo_S1_DEM/562/562_13_SL1_IVH_20210819.tif,/home/chunen/nas/bigdata/final/kurosiwo_S1_DEM/562/562_13_SL1_IVH_20210819.tif,KuroSiwo_COG_V8/562/s1_dem/562_13_SL1_IVH_20210819_cog.tif,s1_dem,562,bilinear,256,DEFLATE,ok,gdal_translate COG 成功,2026-05-21T20:59:53.618369
/home/NAS/homes/chunen-10029/bigdata/final/kurosiwo_S1_DEM/562/562_13_SL1_IVV_20210819.tif,/home/chunen/nas/bigdata/final/kurosiwo_S1_DEM/562/562_13_SL1_IVV_20210819.tif,KuroSiwo_COG_V8/562/s1_dem/562_13_SL1_IVV_20210819_cog.tif,s1_dem,562,bilinear,256,DEFLATE,ok,gdal_translate COG 成功,2026-05-21T20:59:53.989082
/home/NAS/homes/chunen-10029/bigdata/final/kurosiwo_S1_DEM/562/562_13_SL2_IVH_20210807.tif,/home/chunen/nas/bigdata/final/kurosiwo_S1_DEM/562/562_13_SL2_IVH_20210807.tif,KuroSiwo_COG_V8/562/s1_dem/562_13_SL2_IVH_20210807_cog.tif,s1_dem,562,bilinear,256,DEFLATE,ok,gdal_translate COG 成功,2026-05-21T20:59:54.427654
/home/NAS/homes/chunen-10029/bigdata/final/kurosiwo_S1_DEM/562/562_13_SL2_IVV_20210807.tif,/home/chunen/nas/bigdata/final/kurosiwo_S1_DEM/562/562_13_SL2_IVV_20210807.tif,KuroSiwo_COG_V8/562/s1_dem/562_13_SL2_IVV_20210807_cog.tif,s1_dem,562,bilinear,256,DEFLATE,ok,gdal_translate COG 成功,2026-05-21T20:59:55.027263
/home/NAS/homes/chunen-10029/bigdata/final/kurosiwo_S1_DEM/567/567_08_MK0_DEM_20220302.tif,/home/chunen/nas/bigdata/final/kurosiwo_S1_DEM/567/567_08_MK0_DEM_20220302.tif,KuroSiwo_COG_V8/567/dem/567_08_MK0_DEM_20220302_cog.tif,dem,567,bilinear,256,DEFLATE,ok,gdal_translate COG 成功,2026-05-21T20:59:55.428540
/home/NAS/homes/chunen-10029/bigdata/final/kurosiwo_S1_DEM/567/567_08_MK0_MLU_20220302.tif,/home/chunen/nas/bigdata/final/kurosiwo_S1_DEM/567/567_08_MK0_MLU_20220302.tif,KuroSiwo_COG_V8/567/lulc/567_08_MK0_MLU_20220302_cog.tif,lulc,567,nearest,256,DEFLATE,ok,gdal_translate COG 成功,2026-05-21T20:59:55.585684
/home/NAS/homes/chunen-10029/bigdata/final/kurosiwo_S1_DEM/567/567_08_MK0_MNA_20220302.tif,/home/chunen/nas/bigdata/final/kurosiwo_S1_DEM/567/567_08_MK0_MNA_20220302.tif,KuroSiwo_COG_V8/567/s1_dem/567_08_MK0_MNA_20220302_cog.tif,s1_dem,567,bilinear,256,DEFLATE,ok,gdal_translate COG 成功,2026-05-21T20:59:55.746604
/home/NAS/homes/chunen-10029/bigdata/final/kurosiwo_S1_DEM/567/567_08_MK0_SLOPE_20220302.tif,/home/chunen/nas/bigdata/final/kurosiwo_S1_DEM/567/567_08_MK0_SLOPE_20220302.tif,KuroSiwo_COG_V8/567/s1_dem/567_08_MK0_SLOPE_20220302_cog.tif,s1_dem,567,bilinear,256,DEFLATE,ok,gdal_translate COG 成功,2026-05-21T20:59:56.218993
/home/NAS/homes/chunen-10029/bigdata/final/kurosiwo_S1_DEM/567/567_08_MS1_IVH_20220302.tif,/home/chunen/nas/bigdata/final/kurosiwo_S1_DEM/567/567_08_MS1_IVH_20220302.tif,KuroSiwo_COG_V8/567/s1_dem/567_08_MS1_IVH_20220302_cog.tif,s1_dem,567,bilinear,256,DEFLATE,ok,gdal_translate COG 成功,2026-05-21T20:59:56.740802
/home/NAS/homes/chunen-10029/bigdata/final/kurosiwo_S1_DEM/567/567_08_MS1_IVV_20220302.tif,/home/chunen/nas/bigdata/final/kurosiwo_S1_DEM/567/567_08_MS1_IVV_20220302.tif,KuroSiwo_COG_V8/567/s1_dem/567_08_MS1_IVV_20220302_cog.tif,s1_dem,567,bilinear,256,DEFLATE,ok,gdal_translate COG 成功,2026-05-21T20:59:57.205365
/home/NAS/homes/chunen-10029/bigdata/final/kurosiwo_S1_DEM/567/567_08_SL1_IVH_20210903.tif,/home/chunen/nas/bigdata/final/kurosiwo_S1_DEM/567/567_08_SL1_IVH_20210903.tif,KuroSiwo_COG_V8/567/s1_dem/567_08_SL1_IVH_20210903_cog.tif,s1_dem,567,bilinear,256,DEFLATE,ok,gdal_translate COG 成功,2026-05-21T20:59:57.701075
/home/NAS/homes/chunen-10029/bigdata/final/kurosiwo_S1_DEM/567/567_08_SL1_IVV_20210903.tif,/home/chunen/nas/bigdata/final/kurosiwo_S1_DEM/567/567_08_SL1_IVV_20210903.tif,KuroSiwo_COG_V8/567/s1_dem/567_08_SL1_IVV_20210903_cog.tif,s1_dem,567,bilinear,256,DEFLATE,ok,gdal_translate COG 成功,2026-05-21T20:59:58.240232
/home/NAS/homes/chunen-10029/bigdata/final/kurosiwo_S1_DEM/567/567_08_SL2_IVH_20210822.tif,/home/chunen/nas/bigdata/final/kurosiwo_S1_DEM/567/567_08_SL2_IVH_20210822.tif,KuroSiwo_COG_V8/567/s1_dem/567_08_SL2_IVH_20210822_cog.tif,s1_dem,567,bilinear,256,DEFLATE,ok,gdal_translate COG 成功,2026-05-21T20:59:58.757729
/home/NAS/homes/chunen-10029/bigdata/final/kurosiwo_S1_DEM/567/567_08_SL2_IVV_20210822.tif,/home/chunen/nas/bigdata/final/kurosiwo_S1_DEM/567/567_08_SL2_IVV_20210822.tif,KuroSiwo_COG_V8/567/s1_dem/567_08_SL2_IVV_20210822_cog.tif,s1_dem,567,bilinear,256,DEFLATE,ok,gdal_translate COG 成功,2026-05-21T20:59:59.250138
/home/NAS/homes/chunen-10029/bigdata/final/kurosiwo_S1_DEM/567/567_15_MK0_DEM_20220307.tif,/home/chunen/nas/bigdata/final/kurosiwo_S1_DEM/567/567_15_MK0_DEM_20220307.tif,KuroSiwo_COG_V8/567/dem/567_15_MK0_DEM_20220307_cog.tif,dem,567,bilinear,256,DEFLATE,ok,gdal_translate COG 成功,2026-05-21T20:59:59.580770
/home/NAS/homes/chunen-10029/bigdata/final/kurosiwo_S1_DEM/567/567_15_MK0_MLU_20220307.tif,/home/chunen/nas/bigdata/final/kurosiwo_S1_DEM/567/567_15_MK0_MLU_20220307.tif,KuroSiwo_COG_V8/567/lulc/567_15_MK0_MLU_20220307_cog.tif,lulc,567,nearest,256,DEFLATE,ok,gdal_translate COG 成功,2026-05-21T20:59:59.725522
/home/NAS/homes/chunen-10029/bigdata/final/kurosiwo_S1_DEM/567/567_15_MK0_MNA_20220307.tif,/home/chunen/nas/bigdata/final/kurosiwo_S1_DEM/567/567_15_MK0_MNA_20220307.tif,KuroSiwo_COG_V8/567/s1_dem/567_15_MK0_MNA_20220307_cog.tif,s1_dem,567,bilinear,256,DEFLATE,ok,gdal_translate COG 成功,2026-05-21T20:59:59.852426
/home/NAS/homes/chunen-10029/bigdata/final/kurosiwo_S1_DEM/567/567_15_MK0_SLOPE_20220307.tif,/home/chunen/nas/bigdata/final/kurosiwo_S1_DEM/567/567_15_MK0_SLOPE_20220307.tif,KuroSiwo_COG_V8/567/s1_dem/567_15_MK0_SLOPE_20220307_cog.tif,s1_dem,567,bilinear,256,DEFLATE,ok,gdal_translate COG 成功,2026-05-21T21:00:00.682966
/home/NAS/homes/chunen-10029/bigdata/final/kurosiwo_S1_DEM/567/567_15_MS1_IVH_20220307.tif,/home/chunen/nas/bigdata/final/kurosiwo_S1_DEM/567/567_15_MS1_IVH_20220307.tif,KuroSiwo_COG_V8/567/s1_dem/567_15_MS1_IVH_20220307_cog.tif,s1_dem,567,bilinear,256,DEFLATE,ok,gdal_translate COG 成功,2026-05-21T21:00:01.142176
/home/NAS/homes/chunen-10029/bigdata/final/kurosiwo_S1_DEM/567/567_15_MS1_IVV_20220307.tif,/home/chunen/nas/bigdata/final/kurosiwo_S1_DEM/567/567_15_MS1_IVV_20220307.tif,KuroSiwo_COG_V8/567/s1_dem/567_15_MS1_IVV_20220307_cog.tif,s1_dem,567,bilinear,256,DEFLATE,ok,gdal_translate COG 成功,2026-05-21T21:00:01.452222
/home/NAS/homes/chunen-10029/bigdata/final/kurosiwo_S1_DEM/567/567_15_SL1_IVH_20210920.tif,/home/chunen/nas/bigdata/final/kurosiwo_S1_DEM/567/567_15_SL1_IVH_20210920.tif,KuroSiwo_COG_V8/567/s1_dem/567_15_SL1_IVH_20210920_cog.tif,s1_dem,567,bilinear,256,DEFLATE,ok,gdal_translate COG 成功,2026-05-21T21:00:01.701809
/home/NAS/homes/chunen-10029/bigdata/final/kurosiwo_S1_DEM/567/567_15_SL1_IVV_20210920.tif,/home/chunen/nas/bigdata/final/kurosiwo_S1_DEM/567/567_15_SL1_IVV_20210920.tif,KuroSiwo_COG_V8/567/s1_dem/567_15_SL1_IVV_20210920_cog.tif,s1_dem,567,bilinear,256,DEFLATE,ok,gdal_translate COG 成功,2026-05-21T21:00:02.015184
/home/NAS/homes/chunen-10029/bigdata/final/kurosiwo_S1_DEM/567/567_15_SL2_IVH_20210908.tif,/home/chunen/nas/bigdata/final/kurosiwo_S1_DEM/567/567_15_SL2_IVH_20210908.tif,KuroSiwo_COG_V8/567/s1_dem/567_15_SL2_IVH_20210908_cog.tif,s1_dem,567,bilinear,256,DEFLATE,ok,gdal_translate COG 成功,2026-05-21T21:00:02.274030
/home/NAS/homes/chunen-10029/bigdata/final/kurosiwo_S1_DEM/567/567_15_SL2_IVV_20210908.tif,/home/chunen/nas/bigdata/final/kurosiwo_S1_DEM/567/567_15_SL2_IVV_20210908.tif,KuroSiwo_COG_V8/567/s1_dem/567_15_SL2_IVV_20210908_cog.tif,s1_dem,567,bilinear,256,DEFLATE,ok,gdal_translate COG 成功,2026-05-21T21:00:02.590488
/home/NAS/homes/chunen-10029/bigdata/final/kurosiwo_S1_DEM/merge_test/118_00_00_MK0_MNA.tif,/home/chunen/nas/bigdata/final/kurosiwo_S1_DEM/merge_test/118_00_00_MK0_MNA.tif,KuroSiwo_COG_V8/unknown_event/s1_dem/118_00_00_MK0_MNA_cog.tif,s1_dem,unknown_event,bilinear,256,DEFLATE,skip,COG 已存在，略過,
/home/NAS/homes/chunen-10029/bigdata/final/kurosiwo_S1_DEM/merge_test/118_00_0a_MK0_MNA.tif,/home/chunen/nas/bigdata/final/kurosiwo_S1_DEM/merge_test/118_00_0a_MK0_MNA.tif,KuroSiwo_COG_V8/unknown_event/s1_dem/118_00_0a_MK0_MNA_cog.tif,s1_dem,unknown_event,bilinear,256,DEFLATE,ok,gdal_translate COG 成功,2026-05-21T21:00:12.245107
/home/NAS/homes/chunen-10029/bigdata/final/kurosiwo_S1_DEM/merge_test/data_118_01_MK0_MNA.tif,/home/chunen/nas/bigdata/final/kurosiwo_S1_DEM/merge_test/data_118_01_MK0_MNA.tif,KuroSiwo_COG_V8/unknown_event/s1_dem/data_118_01_MK0_MNA_cog.tif,s1_dem,unknown_event,bilinear,256,DEFLATE,ok,gdal_translate COG 成功,2026-05-21T21:00:12.542100
/home/NAS/homes/chunen-10029/bigdata/final/kurosiwo_S1_DEM/merge_test/data_118_01_MS1_IVV.tif,/home/chunen/nas/bigdata/final/kurosiwo_S1_DEM/merge_test/data_118_01_MS1_IVV.tif,KuroSiwo_COG_V8/unknown_event/s1_dem/data_118_01_MS1_IVV_cog.tif,s1_dem,unknown_event,bilinear,256,DEFLATE,ok,gdal_translate COG 成功,2026-05-21T21:00:13.161097
/home/NAS/homes/chunen-10029/bigdata/final/S2_aoi_modify/1111002/1111002_20200622T093724.tif,/home/chunen/nas/bigdata/final/S2_aoi_modify/1111002/1111002_20200622T093724.tif,KuroSiwo_COG_V8/unknown_event/s2/1111002_20200622T093724_cog.tif,s2,unknown_event,bilinear,256,DEFLATE,ok,gdal_translate COG 成功,2026-05-21T21:01:09.142475
/home/NAS/homes/chunen-10029/bigdata/final/S2_aoi_modify/1111002/1111002_20200707T093720.tif,/home/chunen/nas/bigdata/final/S2_aoi_modify/1111002/1111002_20200707T093720.tif,KuroSiwo_COG_V8/unknown_event/s2/1111002_20200707T093720_cog.tif,s2,unknown_event,bilinear,256,DEFLATE,ok,gdal_translate COG 成功,2026-05-21T21:01:09.453719
/home/NAS/homes/chunen-10029/bigdata/final/S2_aoi_modify/1111002/1111002_20200915T093720.tif,/home/chunen/nas/bigdata/final/S2_aoi_modify/1111002/1111002_20200915T093720.tif,KuroSiwo_COG_V8/unknown_event/s2/1111002_20200915T093720_cog.tif,s2,unknown_event,bilinear,256,DEFLATE,ok,gdal_translate COG 成功,2026-05-21T21:01:09.741162
/home/NAS/homes/chunen-10029/bigdata/final/S2_aoi_modify/1111003/1111003_20191107T074645.tif,/home/chunen/nas/bigdata/final/S2_aoi_modify/1111003/1111003_20191107T074645.tif,KuroSiwo_COG_V8/unknown_event/s2/1111003_20191107T074645_cog.tif,s2,unknown_event,bilinear,256,DEFLATE,ok,gdal_translate COG 成功,2026-05-21T21:01:10.079921
/home/NAS/homes/chunen-10029/bigdata/final/S2_aoi_modify/1111003/1111003_20191117T074639.tif,/home/chunen/nas/bigdata/final/S2_aoi_modify/1111003/1111003_20191117T074639.tif,KuroSiwo_COG_V8/unknown_event/s2/1111003_20191117T074639_cog.tif,s2,unknown_event,bilinear,256,DEFLATE,ok,gdal_translate COG 成功,2026-05-21T21:01:10.517667
/home/NAS/homes/chunen-10029/bigdata/final/S2_aoi_modify/1111004/1111004_20170723T170538.tif,/home/chunen/nas/bigdata/final/S2_aoi_modify/1111004/1111004_20170723T170538.tif,KuroSiwo_COG_V8/unknown_event/s2/1111004_20170723T170538_cog.tif,s2,unknown_event,bilinear,256,DEFLATE,ok,gdal_translate COG 成功,2026-05-21T21:01:55.216453
/home/NAS/homes/chunen-10029/bigdata/final/S2_aoi_modify/1111004/1111004_20170805T171528.tif,/home/chunen/nas/bigdata/final/S2_aoi_modify/1111004/1111004_20170805T171528.tif,KuroSiwo_COG_V8/unknown_event/s2/1111004_20170805T171528_cog.tif,s2,unknown_event,bilinear,256,DEFLATE,ok,gdal_translate COG 成功,2026-05-21T21:02:18.539619
/home/NAS/homes/chunen-10029/bigdata/final/S2_aoi_modify/1111004/1111004_20170828T172538.tif,/home/chunen/nas/bigdata/final/S2_aoi_modify/1111004/1111004_20170828T172538.tif,KuroSiwo_COG_V8/unknown_event/s2/1111004_20170828T172538_cog.tif,s2,unknown_event,bilinear,256,DEFLATE,ok,gdal_translate COG 成功,2026-05-21T21:03:03.132618
/home/NAS/homes/chunen-10029/bigdata/final/S2_aoi_modify/1111005/1111005_20191117T070434.tif,/home/chunen/nas/bigdata/final/S2_aoi_modify/1111005/1111005_20191117T070434.tif,KuroSiwo_COG_V8/unknown_event/s2/1111005_20191117T070434_cog.tif,s2,unknown_event,bilinear,256,DEFLATE,ok,gdal_translate COG 成功,2026-05-21T21:03:07.814780
/home/NAS/homes/chunen-10029/bigdata/final/S2_aoi_modify/1111005/1111005_20191127T070432.tif,/home/chunen/nas/bigdata/final/S2_aoi_modify/1111005/1111005_20191127T070432.tif,KuroSiwo_COG_V8/unknown_event/s2/1111005_20191127T070432_cog.tif,s2,unknown_event,bilinear,256,DEFLATE,ok,gdal_translate COG 成功,2026-05-21T21:03:12.576247
/home/NAS/homes/chunen-10029/bigdata/final/S2_aoi_modify/1111005/1111005_20200126T070426.tif,/home/chunen/nas/bigdata/final/S2_aoi_modify/1111005/1111005_20200126T070426.tif,KuroSiwo_COG_V8/unknown_event/s2/1111005_20200126T070426_cog.tif,s2,unknown_event,bilinear,256,DEFLATE,ok,gdal_translate COG 成功,2026-05-21T21:03:17.259403
/home/NAS/homes/chunen-10029/bigdata/final/S2_aoi_modify/1111006/1111006_20191130T071420.tif,/home/chunen/nas/bigdata/final/S2_aoi_modify/1111006/1111006_20191130T071420.tif,KuroSiwo_COG_V8/unknown_event/s2/1111006_20191130T071420_cog.tif,s2,unknown_event,bilinear,256,DEFLATE,ok,gdal_translate COG 成功,2026-05-21T21:03:20.288749
/home/NAS/homes/chunen-10029/bigdata/final/S2_aoi_modify/1111006/1111006_20200119T071400.tif,/home/chunen/nas/bigdata/final/S2_aoi_modify/1111006/1111006_20200119T071400.tif,KuroSiwo_COG_V8/unknown_event/s2/1111006_20200119T071400_cog.tif,s2,unknown_event,bilinear,256,DEFLATE,ok,gdal_translate COG 成功,2026-05-21T21:03:23.335151
/home/NAS/homes/chunen-10029/bigdata/final/S2_aoi_modify/1111006/1111006_20200129T071414.tif,/home/chunen/nas/bigdata/final/S2_aoi_modify/1111006/1111006_20200129T071414.tif,KuroSiwo_COG_V8/unknown_event/s2/1111006_20200129T071414_cog.tif,s2,unknown_event,bilinear,256,DEFLATE,ok,gdal_translate COG 成功,2026-05-21T21:03:26.523996
/home/NAS/homes/chunen-10029/bigdata/final/S2_aoi_modify/1111007/1111007_20190720T051136.tif,/home/chunen/nas/bigdata/final/S2_aoi_modify/1111007/1111007_20190720T051136.tif,KuroSiwo_COG_V8/unknown_event/s2/1111007_20190720T051136_cog.tif,s2,unknown_event,bilinear,256,DEFLATE,ok,gdal_translate COG 成功,2026-05-21T21:03:39.726245
/home/NAS/homes/chunen-10029/bigdata/final/S2_aoi_modify/1111007/1111007_20190801T050141.tif,/home/chunen/nas/bigdata/final/S2_aoi_modify/1111007/1111007_20190801T050141.tif,KuroSiwo_COG_V8/unknown_event/s2/1111007_20190801T050141_cog.tif,s2,unknown_event,bilinear,256,DEFLATE,ok,gdal_translate COG 成功,2026-05-21T21:03:55.489454
/home/NAS/homes/chunen-10029/bigdata/final/S2_aoi_modify/1111007/1111007_20190918T051130.tif,/home/chunen/nas/bigdata/final/S2_aoi_modify/1111007/1111007_20190918T051130.tif,KuroSiwo_COG_V8/unknown_event/s2/1111007_20190918T051130_cog.tif,s2,unknown_event,bilinear,256,DEFLATE,ok,gdal_translate COG 成功,2026-05-21T21:04:11.229364
/home/NAS/homes/chunen-10029/bigdata/final/S2_aoi_modify/1111008/1111008_20200813T160936.tif,/home/chunen/nas/bigdata/final/S2_aoi_modify/1111008/1111008_20200813T160936.tif,KuroSiwo_COG_V8/unknown_event/s2/1111008_20200813T160936_cog.tif,s2,unknown_event,bilinear,256,DEFLATE,ok,gdal_translate COG 成功,2026-05-21T21:04:12.032594
/home/NAS/homes/chunen-10029/bigdata/final/S2_aoi_modify/1111009/1111009_1_20220607T061118-0000000000-0000000000.tif,/home/chunen/nas/bigdata/final/S2_aoi_modify/1111009/1111009_1_20220607T061118-0000000000-0000000000.tif,KuroSiwo_COG_V8/unknown_event/s2/1111009_1_20220607T061118-0000000000-0000000000_cog.tif,s2,unknown_event,bilinear,256,DEFLATE,error,"gdal_translate 失敗: ERROR 1: TIFFFillTile:Read error at row 20224, col 20224, tile 1900; got 236284 bytes, expected 467504
ERROR 1: TIFFReadEncodedTile() failed.
ERROR 1: /home/NAS/homes/chunen-10029/bigdata/final/S2_aoi_modify/1111009/1111009_1_20220607T061118-0000000000-0000000000.tif, band 1: IReadBlock failed at X ",2026-05-21T21:04:32.534624
/home/NAS/homes/chunen-10029/bigdata/final/S2_aoi_modify/1111009/1111009_1_20220607T061118-0000000000-0000023296.tif,/home/chunen/nas/bigdata/final/S2_aoi_modify/1111009/1111009_1_20220607T061118-0000000000-0000023296.tif,KuroSiwo_COG_V8/unknown_event/s2/1111009_1_20220607T061118-0000000000-0000023296_cog.tif,s2,unknown_event,bilinear,256,DEFLATE,ok,gdal_translate COG 成功,2026-05-21T21:04:36.269956
/home/NAS/homes/chunen-10029/bigdata/final/S2_aoi_modify/1111009/1111009_1_20220607T061118-0000023296-0000000000.tif,/home/chunen/nas/bigdata/final/S2_aoi_modify/1111009/1111009_1_20220607T061118-0000023296-0000000000.tif,KuroSiwo_COG_V8/unknown_event/s2/1111009_1_20220607T061118-0000023296-0000000000_cog.tif,s2,unknown_event,bilinear,256,DEFLATE,ok,gdal_translate COG 成功,2026-05-21T21:05:06.062738
/home/NAS/homes/chunen-10029/bigdata/final/S2_aoi_modify/1111009/1111009_1_20220607T061118-0000023296-0000023296.tif,/home/chunen/nas/bigdata/final/S2_aoi_modify/1111009/1111009_1_20220607T061118-0000023296-0000023296.tif,KuroSiwo_COG_V8/unknown_event/s2/1111009_1_20220607T061118-0000023296-0000023296_cog.tif,s2,unknown_event,bilinear,256,DEFLATE,ok,gdal_translate COG 成功,2026-05-21T21:05:09.229993
/home/NAS/homes/chunen-10029/bigdata/final/S2_aoi_modify/1111009/1111009_1_20220619T060216-0000000000-0000000000.tif,/home/chunen/nas/bigdata/final/S2_aoi_modify/1111009/1111009_1_20220619T060216-0000000000-0000000000.tif,KuroSiwo_COG_V8/unknown_event/s2/1111009_1_20220619T060216-0000000000-0000000000_cog.tif,s2,unknown_event,bilinear,256,DEFLATE,ok,gdal_translate COG 成功,2026-05-21T21:05:57.522344
/home/NAS/homes/chunen-10029/bigdata/final/S2_aoi_modify/1111009/1111009_1_20220619T060216-0000000000-0000023296.tif,/home/chunen/nas/bigdata/final/S2_aoi_modify/1111009/1111009_1_20220619T060216-0000000000-0000023296.tif,KuroSiwo_COG_V8/unknown_event/s2/1111009_1_20220619T060216-0000000000-0000023296_cog.tif,s2,unknown_event,bilinear,256,DEFLATE,ok,gdal_translate COG 成功,2026-05-21T21:06:01.586997
/home/NAS/homes/chunen-10029/bigdata/final/S2_aoi_modify/1111009/1111009_1_20220619T060216-0000023296-0000000000.tif,/home/chunen/nas/bigdata/final/S2_aoi_modify/1111009/1111009_1_20220619T060216-0000023296-0000000000.tif,KuroSiwo_COG_V8/unknown_event/s2/1111009_1_20220619T060216-0000023296-0000000000_cog.tif,s2,unknown_event,bilinear,256,DEFLATE,ok,gdal_translate COG 成功,2026-05-21T21:06:32.765916
/home/NAS/homes/chunen-10029/bigdata/final/S2_aoi_modify/1111009/1111009_1_20220619T060216-0000023296-0000023296.tif,/home/chunen/nas/bigdata/final/S2_aoi_modify/1111009/1111009_1_20220619T060216-0000023296-0000023296.tif,KuroSiwo_COG_V8/unknown_event/s2/1111009_1_20220619T060216-0000023296-0000023296_cog.tif,s2,unknown_event,bilinear,256,DEFLATE,ok,gdal_translate COG 成功,2026-05-21T21:06:35.948368
/home/NAS/homes/chunen-10029/bigdata/final/S2_aoi_modify/1111009/1111009_1_20220910T061218-0000000000-0000000000.tif,/home/chunen/nas/bigdata/final/S2_aoi_modify/1111009/1111009_1_20220910T061218-0000000000-0000000000.tif,KuroSiwo_COG_V8/unknown_event/s2/1111009_1_20220910T061218-0000000000-0000000000_cog.tif,s2,unknown_event,bilinear,256,DEFLATE,ok,gdal_translate COG 成功,2026-05-21T21:07:26.143307
/home/NAS/homes/chunen-10029/bigdata/final/S2_aoi_modify/1111009/1111009_1_20220910T061218-0000000000-0000023296.tif,/home/chunen/nas/bigdata/final/S2_aoi_modify/1111009/1111009_1_20220910T061218-0000000000-0000023296.tif,KuroSiwo_COG_V8/unknown_event/s2/1111009_1_20220910T061218-0000000000-0000023296_cog.tif,s2,unknown_event,bilinear,256,DEFLATE,ok,gdal_translate COG 成功,2026-05-21T21:07:30.402143
/home/NAS/homes/chunen-10029/bigdata/final/S2_aoi_modify/1111009/1111009_1_20220910T061218-0000023296-0000000000.tif,/home/chunen/nas/bigdata/final/S2_aoi_modify/1111009/1111009_1_20220910T061218-0000023296-0000000000.tif,KuroSiwo_COG_V8/unknown_event/s2/1111009_1_20220910T061218-0000023296-0000000000_cog.tif,s2,unknown_event,bilinear,256,DEFLATE,ok,gdal_translate COG 成功,2026-05-21T21:08:04.938421
/home/NAS/homes/chunen-10029/bigdata/final/S2_aoi_modify/1111009/1111009_1_20220910T061218-0000023296-0000023296.tif,/home/chunen/nas/bigdata/final/S2_aoi_modify/1111009/1111009_1_20220910T061218-0000023296-0000023296.tif,KuroSiwo_COG_V8/unknown_event/s2/1111009_1_20220910T061218-0000023296-0000023296_cog.tif,s2,unknown_event,bilinear,256,DEFLATE,ok,gdal_translate COG 成功,2026-05-21T21:08:07.877464
/home/NAS/homes/chunen-10029/bigdata/final/S2_aoi_modify/1111009/1111009_2_20220607T061118-0000000000-0000000000.tif,/home/chunen/nas/bigdata/final/S2_aoi_modify/1111009/1111009_2_20220607T061118-0000000000-0000000000.tif,KuroSiwo_COG_V8/unknown_event/s2/1111009_2_20220607T061118-0000000000-0000000000_cog.tif,s2,unknown_event,bilinear,256,DEFLATE,ok,gdal_translate COG 成功,2026-05-21T21:08:57.563361
/home/NAS/homes/chunen-10029/bigdata/final/S2_aoi_modify/1111009/1111009_2_20220607T061118-0000000000-0000023296.tif,/home/chunen/nas/bigdata/final/S2_aoi_modify/1111009/1111009_2_20220607T061118-0000000000-0000023296.tif,KuroSiwo_COG_V8/unknown_event/s2/1111009_2_20220607T061118-0000000000-0000023296_cog.tif,s2,unknown_event,bilinear,256,DEFLATE,ok,gdal_translate COG 成功,2026-05-21T21:09:01.567464
/home/NAS/homes/chunen-10029/bigdata/final/S2_aoi_modify/1111009/1111009_2_20220607T061118-0000023296-0000000000.tif,/home/chunen/nas/bigdata/final/S2_aoi_modify/1111009/1111009_2_20220607T061118-0000023296-0000000000.tif,KuroSiwo_COG_V8/unknown_event/s2/1111009_2_20220607T061118-0000023296-0000000000_cog.tif,s2,unknown_event,bilinear,256,DEFLATE,ok,gdal_translate COG 成功,2026-05-21T21:09:32.256719
/home/NAS/homes/chunen-10029/bigdata/final/S2_aoi_modify/1111009/1111009_2_20220607T061118-0000023296-0000023296.tif,/home/chunen/nas/bigdata/final/S2_aoi_modify/1111009/1111009_2_20220607T061118-0000023296-0000023296.tif,KuroSiwo_COG_V8/unknown_event/s2/1111009_2_20220607T061118-0000023296-0000023296_cog.tif,s2,unknown_event,bilinear,256,DEFLATE,ok,gdal_translate COG 成功,2026-05-21T21:09:34.859599
/home/NAS/homes/chunen-10029/bigdata/final/S2_aoi_modify/1111009/1111009_2_20220619T060216-0000000000-0000000000.tif,/home/chunen/nas/bigdata/final/S2_aoi_modify/1111009/1111009_2_20220619T060216-0000000000-0000000000.tif,KuroSiwo_COG_V8/unknown_event/s2/1111009_2_20220619T060216-0000000000-0000000000_cog.tif,s2,unknown_event,bilinear,256,DEFLATE,ok,gdal_translate COG 成功,2026-05-21T21:10:22.870371
/home/NAS/homes/chunen-10029/bigdata/final/S2_aoi_modify/1111009/1111009_2_20220619T060216-0000000000-0000023296.tif,/home/chunen/nas/bigdata/final/S2_aoi_modify/1111009/1111009_2_20220619T060216-0000000000-0000023296.tif,KuroSiwo_COG_V8/unknown_event/s2/1111009_2_20220619T060216-0000000000-0000023296_cog.tif,s2,unknown_event,bilinear,256,DEFLATE,ok,gdal_translate COG 成功,2026-05-21T21:10:26.773774
/home/NAS/homes/chunen-10029/bigdata/final/S2_aoi_modify/1111009/1111009_2_20220619T060216-0000023296-0000000000.tif,/home/chunen/nas/bigdata/final/S2_aoi_modify/1111009/1111009_2_20220619T060216-0000023296-0000000000.tif,KuroSiwo_COG_V8/unknown_event/s2/1111009_2_20220619T060216-0000023296-0000000000_cog.tif,s2,unknown_event,bilinear,256,DEFLATE,ok,gdal_translate COG 成功,2026-05-21T21:10:59.366968
/home/NAS/homes/chunen-10029/bigdata/final/S2_aoi_modify/1111009/1111009_2_20220619T060216-0000023296-0000023296.tif,/home/chunen/nas/bigdata/final/S2_aoi_modify/1111009/1111009_2_20220619T060216-0000023296-0000023296.tif,KuroSiwo_COG_V8/unknown_event/s2/1111009_2_20220619T060216-0000023296-0000023296_cog.tif,s2,unknown_event,bilinear,256,DEFLATE,ok,gdal_translate COG 成功,2026-05-21T21:11:04.143537
/home/NAS/homes/chunen-10029/bigdata/final/S2_aoi_modify/1111009/1111009_2_20220910T061218-0000000000-0000000000.tif,/home/chunen/nas/bigdata/final/S2_aoi_modify/1111009/1111009_2_20220910T061218-0000000000-0000000000.tif,KuroSiwo_COG_V8/unknown_event/s2/1111009_2_20220910T061218-0000000000-0000000000_cog.tif,s2,unknown_event,bilinear,256,DEFLATE,ok,gdal_translate COG 成功,2026-05-21T21:11:54.591548
/home/NAS/homes/chunen-10029/bigdata/final/S2_aoi_modify/1111009/1111009_2_20220910T061218-0000000000-0000023296.tif,/home/chunen/nas/bigdata/final/S2_aoi_modify/1111009/1111009_2_20220910T061218-0000000000-0000023296.tif,KuroSiwo_COG_V8/unknown_event/s2/1111009_2_20220910T061218-0000000000-0000023296_cog.tif,s2,unknown_event,bilinear,256,DEFLATE,ok,gdal_translate COG 成功,2026-05-21T21:11:59.230660
/home/NAS/homes/chunen-10029/bigdata/final/S2_aoi_modify/1111009/1111009_2_20220910T061218-0000023296-0000000000.tif,/home/chunen/nas/bigdata/final/S2_aoi_modify/1111009/1111009_2_20220910T061218-0000023296-0000000000.tif,KuroSiwo_COG_V8/unknown_event/s2/1111009_2_20220910T061218-0000023296-0000000000_cog.tif,s2,unknown_event,bilinear,256,DEFLATE,ok,gdal_translate COG 成功,2026-05-21T21:12:31.767063
/home/NAS/homes/chunen-10029/bigdata/final/S2_aoi_modify/1111009/1111009_2_20220910T061218-0000023296-0000023296.tif,/home/chunen/nas/bigdata/final/S2_aoi_modify/1111009/1111009_2_20220910T061218-0000023296-0000023296.tif,KuroSiwo_COG_V8/unknown_event/s2/1111009_2_20220910T061218-0000023296-0000023296_cog.tif,s2,unknown_event,bilinear,256,DEFLATE,ok,gdal_translate COG 成功,2026-05-21T21:12:35.559645
/home/NAS/homes/chunen-10029/bigdata/final/S2_aoi_modify/1111009/1111009_3_20220607T061118-0000000000-0000000000.tif,/home/chunen/nas/bigdata/final/S2_aoi_modify/1111009/1111009_3_20220607T061118-0000000000-0000000000.tif,KuroSiwo_COG_V8/unknown_event/s2/1111009_3_20220607T061118-0000000000-0000000000_cog.tif,s2,unknown_event,bilinear,256,DEFLATE,ok,gdal_translate COG 成功,2026-05-21T21:13:25.062184
/home/NAS/homes/chunen-10029/bigdata/final/S2_aoi_modify/1111009/1111009_3_20220607T061118-0000000000-0000023296.tif,/home/chunen/nas/bigdata/final/S2_aoi_modify/1111009/1111009_3_20220607T061118-0000000000-0000023296.tif,KuroSiwo_COG_V8/unknown_event/s2/1111009_3_20220607T061118-0000000000-0000023296_cog.tif,s2,unknown_event,bilinear,256,DEFLATE,ok,gdal_translate COG 成功,2026-05-21T21:13:29.017782
/home/NAS/homes/chunen-10029/bigdata/final/S2_aoi_modify/1111009/1111009_3_20220607T061118-0000023296-0000000000.tif,/home/chunen/nas/bigdata/final/S2_aoi_modify/1111009/1111009_3_20220607T061118-0000023296-0000000000.tif,KuroSiwo_COG_V8/unknown_event/s2/1111009_3_20220607T061118-0000023296-0000000000_cog.tif,s2,unknown_event,bilinear,256,DEFLATE,ok,gdal_translate COG 成功,2026-05-21T21:13:59.352633
/home/NAS/homes/chunen-10029/bigdata/final/S2_aoi_modify/1111009/1111009_3_20220607T061118-0000023296-0000023296.tif,/home/chunen/nas/bigdata/final/S2_aoi_modify/1111009/1111009_3_20220607T061118-0000023296-0000023296.tif,KuroSiwo_COG_V8/unknown_event/s2/1111009_3_20220607T061118-0000023296-0000023296_cog.tif,s2,unknown_event,bilinear,256,DEFLATE,ok,gdal_translate COG 成功,2026-05-21T21:14:02.317814
/home/NAS/homes/chunen-10029/bigdata/final/S2_aoi_modify/1111009/1111009_3_20220619T060216-0000000000-0000000000.tif,/home/chunen/nas/bigdata/final/S2_aoi_modify/1111009/1111009_3_20220619T060216-0000000000-0000000000.tif,KuroSiwo_COG_V8/unknown_event/s2/1111009_3_20220619T060216-0000000000-0000000000_cog.tif,s2,unknown_event,bilinear,256,DEFLATE,ok,gdal_translate COG 成功,2026-05-21T21:14:50.213703
/home/NAS/homes/chunen-10029/bigdata/final/S2_aoi_modify/1111009/1111009_3_20220619T060216-0000000000-0000023296.tif,/home/chunen/nas/bigdata/final/S2_aoi_modify/1111009/1111009_3_20220619T060216-0000000000-0000023296.tif,KuroSiwo_COG_V8/unknown_event/s2/1111009_3_20220619T060216-0000000000-0000023296_cog.tif,s2,unknown_event,bilinear,256,DEFLATE,ok,gdal_translate COG 成功,2026-05-21T21:14:54.082984
/home/NAS/homes/chunen-10029/bigdata/final/S2_aoi_modify/1111009/1111009_3_20220619T060216-0000023296-0000000000.tif,/home/chunen/nas/bigdata/final/S2_aoi_modify/1111009/1111009_3_20220619T060216-0000023296-0000000000.tif,KuroSiwo_COG_V8/unknown_event/s2/1111009_3_20220619T060216-0000023296-0000000000_cog.tif,s2,unknown_event,bilinear,256,DEFLATE,ok,gdal_translate COG 成功,2026-05-21T21:15:24.546417
/home/NAS/homes/chunen-10029/bigdata/final/S2_aoi_modify/1111009/1111009_3_20220619T060216-0000023296-0000023296.tif,/home/chunen/nas/bigdata/final/S2_aoi_modify/1111009/1111009_3_20220619T060216-0000023296-0000023296.tif,KuroSiwo_COG_V8/unknown_event/s2/1111009_3_20220619T060216-0000023296-0000023296_cog.tif,s2,unknown_event,bilinear,256,DEFLATE,ok,gdal_translate COG 成功,2026-05-21T21:15:27.675160
/home/NAS/homes/chunen-10029/bigdata/final/S2_aoi_modify/1111009/1111009_3_20220910T061218-0000000000-0000000000.tif,/home/chunen/nas/bigdata/final/S2_aoi_modify/1111009/1111009_3_20220910T061218-0000000000-0000000000.tif,KuroSiwo_COG_V8/unknown_event/s2/1111009_3_20220910T061218-0000000000-0000000000_cog.tif,s2,unknown_event,bilinear,256,DEFLATE,ok,gdal_translate COG 成功,2026-05-21T21:16:16.518968
/home/NAS/homes/chunen-10029/bigdata/final/S2_aoi_modify/1111009/1111009_3_20220910T061218-0000000000-0000023296.tif,/home/chunen/nas/bigdata/final/S2_aoi_modify/1111009/1111009_3_20220910T061218-0000000000-0000023296.tif,KuroSiwo_COG_V8/unknown_event/s2/1111009_3_20220910T061218-0000000000-0000023296_cog.tif,s2,unknown_event,bilinear,256,DEFLATE,ok,gdal_translate COG 成功,2026-05-21T21:16:20.630702
/home/NAS/homes/chunen-10029/bigdata/final/S2_aoi_modify/1111009/1111009_3_20220910T061218-0000023296-0000000000.tif,/home/chunen/nas/bigdata/final/S2_aoi_modify/1111009/1111009_3_20220910T061218-0000023296-0000000000.tif,KuroSiwo_COG_V8/unknown_event/s2/1111009_3_20220910T061218-0000023296-0000000000_cog.tif,s2,unknown_event,bilinear,256,DEFLATE,ok,gdal_translate COG 成功,2026-05-21T21:16:54.161478
/home/NAS/homes/chunen-10029/bigdata/final/S2_aoi_modify/1111009/1111009_3_20220910T061218-0000023296-0000023296.tif,/home/chunen/nas/bigdata/final/S2_aoi_modify/1111009/1111009_3_20220910T061218-0000023296-0000023296.tif,KuroSiwo_COG_V8/unknown_event/s2/1111009_3_20220910T061218-0000023296-0000023296_cog.tif,s2,unknown_event,bilinear,256,DEFLATE,ok,gdal_translate COG 成功,2026-05-21T21:16:57.209950
/home/NAS/homes/chunen-10029/bigdata/final/S2_aoi_modify/1111010/1111010_20161121T155434.tif,/home/chunen/nas/bigdata/final/S2_aoi_modify/1111010/1111010_20161121T155434.tif,KuroSiwo_COG_V8/unknown_event/s2/1111010_20161121T155434_cog.tif,s2,unknown_event,bilinear,256,DEFLATE,ok,gdal_translate COG 成功,2026-05-21T21:16:58.200874
/home/NAS/homes/chunen-10029/bigdata/final/S2_aoi_modify/1111011/1111011_20201019T023308.tif,/home/chunen/nas/bigdata/final/S2_aoi_modify/1111011/1111011_20201019T023308.tif,KuroSiwo_COG_V8/unknown_event/s2/1111011_20201019T023308_cog.tif,s2,unknown_event,bilinear,256,DEFLATE,ok,gdal_translate COG 成功,2026-05-21T21:17:09.728490
/home/NAS/homes/chunen-10029/bigdata/final/S2_aoi_modify/1111011/1111011_20201103T023240.tif,/home/chunen/nas/bigdata/final/S2_aoi_modify/1111011/1111011_20201103T023240.tif,KuroSiwo_COG_V8/unknown_event/s2/1111011_20201103T023240_cog.tif,s2,unknown_event,bilinear,256,DEFLATE,ok,gdal_translate COG 成功,2026-05-21T21:17:21.322190
/home/NAS/homes/chunen-10029/bigdata/final/S2_aoi_modify/1111011/1111011_20201113T023308.tif,/home/chunen/nas/bigdata/final/S2_aoi_modify/1111011/1111011_20201113T023308.tif,KuroSiwo_COG_V8/unknown_event/s2/1111011_20201113T023308_cog.tif,s2,unknown_event,bilinear,256,DEFLATE,ok,gdal_translate COG 成功,2026-05-21T21:17:33.208995
/home/NAS/homes/chunen-10029/bigdata/final/S2_aoi_modify/1111013/1111013_20170411T165241-0000000000-0000000000.tif,/home/chunen/nas/bigdata/final/S2_aoi_modify/1111013/1111013_20170411T165241-0000000000-0000000000.tif,KuroSiwo_COG_V8/unknown_event/s2/1111013_20170411T165241-0000000000-0000000000_cog.tif,s2,unknown_event,bilinear,256,DEFLATE,ok,gdal_translate COG 成功,2026-05-21T21:18:04.038648
/home/NAS/homes/chunen-10029/bigdata/final/S2_aoi_modify/1111013/1111013_20170411T165241-0000000000-0000023296.tif,/home/chunen/nas/bigdata/final/S2_aoi_modify/1111013/1111013_20170411T165241-0000000000-0000023296.tif,KuroSiwo_COG_V8/unknown_event/s2/1111013_20170411T165241-0000000000-0000023296_cog.tif,s2,unknown_event,bilinear,256,DEFLATE,ok,gdal_translate COG 成功,2026-05-21T21:18:05.538455
/home/NAS/homes/chunen-10029/bigdata/final/S2_aoi_modify/1111013/1111013_20170411T165241-0000023296-0000000000.tif,/home/chunen/nas/bigdata/final/S2_aoi_modify/1111013/1111013_20170411T165241-0000023296-0000000000.tif,KuroSiwo_COG_V8/unknown_event/s2/1111013_20170411T165241-0000023296-0000000000_cog.tif,s2,unknown_event,bilinear,256,DEFLATE,ok,gdal_translate COG 成功,2026-05-21T21:18:10.485680
/home/NAS/homes/chunen-10029/bigdata/final/S2_aoi_modify/1111013/1111013_20170411T165241-0000023296-0000023296.tif,/home/chunen/nas/bigdata/final/S2_aoi_modify/1111013/1111013_20170411T165241-0000023296-0000023296.tif,KuroSiwo_COG_V8/unknown_event/s2/1111013_20170411T165241-0000023296-0000023296_cog.tif,s2,unknown_event,bilinear,256,DEFLATE,ok,gdal_translate COG 成功,2026-05-21T21:18:10.912231
/home/NAS/homes/chunen-10029/bigdata/final/S2_aoi_modify/1111013/1111013_20170424T170244-0000000000-0000000000.tif,/home/chunen/nas/bigdata/final/S2_aoi_modify/1111013/1111013_20170424T170244-0000000000-0000000000.tif,KuroSiwo_COG_V8/unknown_event/s2/1111013_20170424T170244-0000000000-0000000000_cog.tif,s2,unknown_event,bilinear,256,DEFLATE,ok,gdal_translate COG 成功,2026-05-21T21:18:51.958851
/home/NAS/homes/chunen-10029/bigdata/final/S2_aoi_modify/1111013/1111013_20170424T170244-0000000000-0000023296.tif,/home/chunen/nas/bigdata/final/S2_aoi_modify/1111013/1111013_20170424T170244-0000000000-0000023296.tif,KuroSiwo_COG_V8/unknown_event/s2/1111013_20170424T170244-0000000000-0000023296_cog.tif,s2,unknown_event,bilinear,256,DEFLATE,ok,gdal_translate COG 成功,2026-05-21T21:18:52.443311
/home/NAS/homes/chunen-10029/bigdata/final/S2_aoi_modify/1111013/1111013_20170424T170244-0000023296-0000000000.tif,/home/chunen/nas/bigdata/final/S2_aoi_modify/1111013/1111013_20170424T170244-0000023296-0000000000.tif,KuroSiwo_COG_V8/unknown_event/s2/1111013_20170424T170244-0000023296-0000000000_cog.tif,s2,unknown_event,bilinear,256,DEFLATE,ok,gdal_translate COG 成功,2026-05-21T21:18:56.604789
/home/NAS/homes/chunen-10029/bigdata/final/S2_aoi_modify/1111013/1111013_20170424T170244-0000023296-0000023296.tif,/home/chunen/nas/bigdata/final/S2_aoi_modify/1111013/1111013_20170424T170244-0000023296-0000023296.tif,KuroSiwo_COG_V8/unknown_event/s2/1111013_20170424T170244-0000023296-0000023296_cog.tif,s2,unknown_event,bilinear,256,DEFLATE,ok,gdal_translate COG 成功,2026-05-21T21:18:56.791182
/home/NAS/homes/chunen-10029/bigdata/final/S2_aoi_modify/1111013/1111013_20170501T165322-0000000000-0000000000.tif,/home/chunen/nas/bigdata/final/S2_aoi_modify/1111013/1111013_20170501T165322-0000000000-0000000000.tif,KuroSiwo_COG_V8/unknown_event/s2/1111013_20170501T165322-0000000000-0000000000_cog.tif,s2,unknown_event,bilinear,256,DEFLATE,ok,gdal_translate COG 成功,2026-05-21T21:19:31.416150
/home/NAS/homes/chunen-10029/bigdata/final/S2_aoi_modify/1111013/1111013_20170501T165322-0000000000-0000023296.tif,/home/chunen/nas/bigdata/final/S2_aoi_modify/1111013/1111013_20170501T165322-0000000000-0000023296.tif,KuroSiwo_COG_V8/unknown_event/s2/1111013_20170501T165322-0000000000-0000023296_cog.tif,s2,unknown_event,bilinear,256,DEFLATE,ok,gdal_translate COG 成功,2026-05-21T21:19:33.186615
/home/NAS/homes/chunen-10029/bigdata/final/S2_aoi_modify/1111013/1111013_20170501T165322-0000023296-0000000000.tif,/home/chunen/nas/bigdata/final/S2_aoi_modify/1111013/1111013_20170501T165322-0000023296-0000000000.tif,KuroSiwo_COG_V8/unknown_event/s2/1111013_20170501T165322-0000023296-0000000000_cog.tif,s2,unknown_event,bilinear,256,DEFLATE,ok,gdal_translate COG 成功,2026-05-21T21:19:38.551660
/home/NAS/homes/chunen-10029/bigdata/final/S2_aoi_modify/1111013/1111013_20170501T165322-0000023296-0000023296.tif,/home/chunen/nas/bigdata/final/S2_aoi_modify/1111013/1111013_20170501T165322-0000023296-0000023296.tif,KuroSiwo_COG_V8/unknown_event/s2/1111013_20170501T165322-0000023296-0000023296_cog.tif,s2,unknown_event,bilinear,256,DEFLATE,ok,gdal_translate COG 成功,2026-05-21T21:19:39.036860
/home/NAS/homes/chunen-10029/bigdata/final/S2_aoi_modify/267/267_20170727T095429.tif,/home/chunen/nas/bigdata/final/S2_aoi_modify/267/267_20170727T095429.tif,KuroSiwo_COG_V8/267/s2/267_20170727T095429_cog.tif,s2,267,bilinear,256,DEFLATE,ok,gdal_translate COG 成功,2026-05-21T21:19:41.525304
/home/NAS/homes/chunen-10029/bigdata/final/S2_aoi_modify/267/267_20170829T100026.tif,/home/chunen/nas/bigdata/final/S2_aoi_modify/267/267_20170829T100026.tif,KuroSiwo_COG_V8/267/s2/267_20170829T100026_cog.tif,s2,267,bilinear,256,DEFLATE,ok,gdal_translate COG 成功,2026-05-21T21:19:42.268729
/home/NAS/homes/chunen-10029/bigdata/final/S2_aoi_modify/267/267_20180202T095432.tif,/home/chunen/nas/bigdata/final/S2_aoi_modify/267/267_20180202T095432.tif,KuroSiwo_COG_V8/267/s2/267_20180202T095432_cog.tif,s2,267,bilinear,256,DEFLATE,ok,gdal_translate COG 成功,2026-05-21T21:19:44.523444
/home/NAS/homes/chunen-10029/bigdata/final/S2_aoi_modify/273/273_1_20170724T094817.tif,/home/chunen/nas/bigdata/final/S2_aoi_modify/273/273_1_20170724T094817.tif,KuroSiwo_COG_V8/273/s2/273_1_20170724T094817_cog.tif,s2,273,bilinear,256,DEFLATE,ok,gdal_translate COG 成功,2026-05-21T21:19:45.103900
/home/NAS/homes/chunen-10029/bigdata/final/S2_aoi_modify/273/273_1_20170820T093607.tif,/home/chunen/nas/bigdata/final/S2_aoi_modify/273/273_1_20170820T093607.tif,KuroSiwo_COG_V8/273/s2/273_1_20170820T093607_cog.tif,s2,273,bilinear,256,DEFLATE,ok,gdal_translate COG 成功,2026-05-21T21:19:45.692790
/home/NAS/homes/chunen-10029/bigdata/final/S2_aoi_modify/273/273_1_20180311T094844.tif,/home/chunen/nas/bigdata/final/S2_aoi_modify/273/273_1_20180311T094844.tif,KuroSiwo_COG_V8/273/s2/273_1_20180311T094844_cog.tif,s2,273,bilinear,256,DEFLATE,ok,gdal_translate COG 成功,2026-05-21T21:19:46.347684
/home/NAS/homes/chunen-10029/bigdata/final/S2_aoi_modify/273/273_2_20170724T094817.tif,/home/chunen/nas/bigdata/final/S2_aoi_modify/273/273_2_20170724T094817.tif,KuroSiwo_COG_V8/273/s2/273_2_20170724T094817_cog.tif,s2,273,bilinear,256,DEFLATE,ok,gdal_translate COG 成功,2026-05-21T21:19:46.922085
/home/NAS/homes/chunen-10029/bigdata/final/S2_aoi_modify/273/273_2_20170820T093607.tif,/home/chunen/nas/bigdata/final/S2_aoi_modify/273/273_2_20170820T093607.tif,KuroSiwo_COG_V8/273/s2/273_2_20170820T093607_cog.tif,s2,273,bilinear,256,DEFLATE,ok,gdal_translate COG 成功,2026-05-21T21:19:47.444594
/home/NAS/homes/chunen-10029/bigdata/final/S2_aoi_modify/273/273_2_20180311T094844.tif,/home/chunen/nas/bigdata/final/S2_aoi_modify/273/273_2_20180311T094844.tif,KuroSiwo_COG_V8/273/s2/273_2_20180311T094844_cog.tif,s2,273,bilinear,256,DEFLATE,ok,gdal_translate COG 成功,2026-05-21T21:19:47.992792
/home/NAS/homes/chunen-10029/bigdata/final/S2_aoi_modify/273/273_3_20170724T094817.tif,/home/chunen/nas/bigdata/final/S2_aoi_modify/273/273_3_20170724T094817.tif,KuroSiwo_COG_V8/273/s2/273_3_20170724T094817_cog.tif,s2,273,bilinear,256,DEFLATE,ok,gdal_translate COG 成功,2026-05-21T21:19:48.477073
/home/NAS/homes/chunen-10029/bigdata/final/S2_aoi_modify/273/273_3_20170820T093607.tif,/home/chunen/nas/bigdata/final/S2_aoi_modify/273/273_3_20170820T093607.tif,KuroSiwo_COG_V8/273/s2/273_3_20170820T093607_cog.tif,s2,273,bilinear,256,DEFLATE,ok,gdal_translate COG 成功,2026-05-21T21:19:48.992263
/home/NAS/homes/chunen-10029/bigdata/final/S2_aoi_modify/273/273_3_20180311T094844.tif,/home/chunen/nas/bigdata/final/S2_aoi_modify/273/273_3_20180311T094844.tif,KuroSiwo_COG_V8/273/s2/273_3_20180311T094844_cog.tif,s2,273,bilinear,256,DEFLATE,ok,gdal_translate COG 成功,2026-05-21T21:19:49.481499
/home/NAS/homes/chunen-10029/bigdata/final/S2_aoi_modify/273/273_4_20170724T094817.tif,/home/chunen/nas/bigdata/final/S2_aoi_modify/273/273_4_20170724T094817.tif,KuroSiwo_COG_V8/273/s2/273_4_20170724T094817_cog.tif,s2,273,bilinear,256,DEFLATE,ok,gdal_translate COG 成功,2026-05-21T21:19:49.971886
/home/NAS/homes/chunen-10029/bigdata/final/S2_aoi_modify/273/273_4_20170820T093607.tif,/home/chunen/nas/bigdata/final/S2_aoi_modify/273/273_4_20170820T093607.tif,KuroSiwo_COG_V8/273/s2/273_4_20170820T093607_cog.tif,s2,273,bilinear,256,DEFLATE,ok,gdal_translate COG 成功,2026-05-21T21:19:52.427593
/home/NAS/homes/chunen-10029/bigdata/final/S2_aoi_modify/273/273_4_20180311T094844.tif,/home/chunen/nas/bigdata/final/S2_aoi_modify/273/273_4_20180311T094844.tif,KuroSiwo_COG_V8/273/s2/273_4_20180311T094844_cog.tif,s2,273,bilinear,256,DEFLATE,ok,gdal_translate COG 成功,2026-05-21T21:19:52.921782
/home/NAS/homes/chunen-10029/bigdata/final/S2_aoi_modify/275/275_1_20170707T095805.tif,/home/chunen/nas/bigdata/final/S2_aoi_modify/275/275_1_20170707T095805.tif,KuroSiwo_COG_V8/275/s2/275_1_20170707T095805_cog.tif,s2,275,bilinear,256,DEFLATE,ok,gdal_translate COG 成功,2026-05-21T21:19:54.913002
/home/NAS/homes/chunen-10029/bigdata/final/S2_aoi_modify/275/275_1_20170806T095744.tif,/home/chunen/nas/bigdata/final/S2_aoi_modify/275/275_1_20170806T095744.tif,KuroSiwo_COG_V8/275/s2/275_1_20170806T095744_cog.tif,s2,275,bilinear,256,DEFLATE,ok,gdal_translate COG 成功,2026-05-21T21:19:57.216908
/home/NAS/homes/chunen-10029/bigdata/final/S2_aoi_modify/275/275_1_20180322T100233.tif,/home/chunen/nas/bigdata/final/S2_aoi_modify/275/275_1_20180322T100233.tif,KuroSiwo_COG_V8/275/s2/275_1_20180322T100233_cog.tif,s2,275,bilinear,256,DEFLATE,ok,gdal_translate COG 成功,2026-05-21T21:19:59.368258
/home/NAS/homes/chunen-10029/bigdata/final/S2_aoi_modify/275/275_2_20170707T095805.tif,/home/chunen/nas/bigdata/final/S2_aoi_modify/275/275_2_20170707T095805.tif,KuroSiwo_COG_V8/275/s2/275_2_20170707T095805_cog.tif,s2,275,bilinear,256,DEFLATE,ok,gdal_translate COG 成功,2026-05-21T21:20:02.303029
/home/NAS/homes/chunen-10029/bigdata/final/S2_aoi_modify/275/275_2_20170806T095744.tif,/home/chunen/nas/bigdata/final/S2_aoi_modify/275/275_2_20170806T095744.tif,KuroSiwo_COG_V8/275/s2/275_2_20170806T095744_cog.tif,s2,275,bilinear,256,DEFLATE,ok,gdal_translate COG 成功,2026-05-21T21:20:04.319326
/home/NAS/homes/chunen-10029/bigdata/final/S2_aoi_modify/275/275_2_20180324T095537.tif,/home/chunen/nas/bigdata/final/S2_aoi_modify/275/275_2_20180324T095537.tif,KuroSiwo_COG_V8/275/s2/275_2_20180324T095537_cog.tif,s2,275,bilinear,256,DEFLATE,ok,gdal_translate COG 成功,2026-05-21T21:20:06.453297
/home/NAS/homes/chunen-10029/bigdata/final/S2_aoi_modify/275/275_3_20170707T095802.tif,/home/chunen/nas/bigdata/final/S2_aoi_modify/275/275_3_20170707T095802.tif,KuroSiwo_COG_V8/275/s2/275_3_20170707T095802_cog.tif,s2,275,bilinear,256,DEFLATE,ok,gdal_translate COG 成功,2026-05-21T21:20:08.370529
/home/NAS/homes/chunen-10029/bigdata/final/S2_aoi_modify/275/275_3_20170806T095744.tif,/home/chunen/nas/bigdata/final/S2_aoi_modify/275/275_3_20170806T095744.tif,KuroSiwo_COG_V8/275/s2/275_3_20170806T095744_cog.tif,s2,275,bilinear,256,DEFLATE,ok,gdal_translate COG 成功,2026-05-21T21:20:10.394966
/home/NAS/homes/chunen-10029/bigdata/final/S2_aoi_modify/275/275_3_20180321T094314.tif,/home/chunen/nas/bigdata/final/S2_aoi_modify/275/275_3_20180321T094314.tif,KuroSiwo_COG_V8/275/s2/275_3_20180321T094314_cog.tif,s2,275,bilinear,256,DEFLATE,ok,gdal_translate COG 成功,2026-05-21T21:20:12.141607
/home/NAS/homes/chunen-10029/bigdata/final/S2_aoi_modify/277/277_1_20170801T090356.tif,/home/chunen/nas/bigdata/final/S2_aoi_modify/277/277_1_20170801T090356.tif,KuroSiwo_COG_V8/277/s2/277_1_20170801T090356_cog.tif,s2,277,bilinear,256,DEFLATE,ok,gdal_translate COG 成功,2026-05-21T21:20:14.582002
/home/NAS/homes/chunen-10029/bigdata/final/S2_aoi_modify/277/277_1_20170831T090250.tif,/home/chunen/nas/bigdata/final/S2_aoi_modify/277/277_1_20170831T090250.tif,KuroSiwo_COG_V8/277/s2/277_1_20170831T090250_cog.tif,s2,277,bilinear,256,DEFLATE,ok,gdal_translate COG 成功,2026-05-21T21:20:17.032289
/home/NAS/homes/chunen-10029/bigdata/final/S2_aoi_modify/277/277_1_20180327T090725.tif,/home/chunen/nas/bigdata/final/S2_aoi_modify/277/277_1_20180327T090725.tif,KuroSiwo_COG_V8/277/s2/277_1_20180327T090725_cog.tif,s2,277,bilinear,256,DEFLATE,ok,gdal_translate COG 成功,2026-05-21T21:20:20.532029
/home/NAS/homes/chunen-10029/bigdata/final/S2_aoi_modify/277/277_2_20170801T090356.tif,/home/chunen/nas/bigdata/final/S2_aoi_modify/277/277_2_20170801T090356.tif,KuroSiwo_COG_V8/277/s2/277_2_20170801T090356_cog.tif,s2,277,bilinear,256,DEFLATE,ok,gdal_translate COG 成功,2026-05-21T21:20:21.467316
/home/NAS/homes/chunen-10029/bigdata/final/S2_aoi_modify/277/277_2_20170831T090250.tif,/home/chunen/nas/bigdata/final/S2_aoi_modify/277/277_2_20170831T090250.tif,KuroSiwo_COG_V8/277/s2/277_2_20170831T090250_cog.tif,s2,277,bilinear,256,DEFLATE,ok,gdal_translate COG 成功,2026-05-21T21:20:26.193830
/home/NAS/homes/chunen-10029/bigdata/final/S2_aoi_modify/277/277_2_20180327T090725.tif,/home/chunen/nas/bigdata/final/S2_aoi_modify/277/277_2_20180327T090725.tif,KuroSiwo_COG_V8/277/s2/277_2_20180327T090725_cog.tif,s2,277,bilinear,256,DEFLATE,ok,gdal_translate COG 成功,2026-05-21T21:20:29.039486
/home/NAS/homes/chunen-10029/bigdata/final/S2_aoi_modify/277/277_3_20170831T090250.tif,/home/chunen/nas/bigdata/final/S2_aoi_modify/277/277_3_20170831T090250.tif,KuroSiwo_COG_V8/277/s2/277_3_20170831T090250_cog.tif,s2,277,bilinear,256,DEFLATE,ok,gdal_translate COG 成功,2026-05-21T21:20:31.932078
/home/NAS/homes/chunen-10029/bigdata/final/S2_aoi_modify/277/277_3_20180327T090725.tif,/home/chunen/nas/bigdata/final/S2_aoi_modify/277/277_3_20180327T090725.tif,KuroSiwo_COG_V8/277/s2/277_3_20180327T090725_cog.tif,s2,277,bilinear,256,DEFLATE,ok,gdal_translate COG 成功,2026-05-21T21:20:35.091548
/home/NAS/homes/chunen-10029/bigdata/final/S2_aoi_modify/279/279_1_20170822T110932.tif,/home/chunen/nas/bigdata/final/S2_aoi_modify/279/279_1_20170822T110932.tif,KuroSiwo_COG_V8/279/s2/279_1_20170822T110932_cog.tif,s2,279,bilinear,256,DEFLATE,ok,gdal_translate COG 成功,2026-05-21T21:20:39.895715
/home/NAS/homes/chunen-10029/bigdata/final/S2_aoi_modify/279/279_1_20170827T110448.tif,/home/chunen/nas/bigdata/final/S2_aoi_modify/279/279_1_20170827T110448.tif,KuroSiwo_COG_V8/279/s2/279_1_20170827T110448_cog.tif,s2,279,bilinear,256,DEFLATE,ok,gdal_translate COG 成功,2026-05-21T21:20:44.321547
/home/NAS/homes/chunen-10029/bigdata/final/S2_aoi_modify/279/279_1_20170916T110523.tif,/home/chunen/nas/bigdata/final/S2_aoi_modify/279/279_1_20170916T110523.tif,KuroSiwo_COG_V8/279/s2/279_1_20170916T110523_cog.tif,s2,279,bilinear,256,DEFLATE,ok,gdal_translate COG 成功,2026-05-21T21:20:47.995507
/home/NAS/homes/chunen-10029/bigdata/final/S2_aoi_modify/279/279_1_20180414T110709.tif,/home/chunen/nas/bigdata/final/S2_aoi_modify/279/279_1_20180414T110709.tif,KuroSiwo_COG_V8/279/s2/279_1_20180414T110709_cog.tif,s2,279,bilinear,256,DEFLATE,ok,gdal_translate COG 成功,2026-05-21T21:20:52.305676
/home/NAS/homes/chunen-10029/bigdata/final/S2_aoi_modify/279/279_1_20180419T110127.tif,/home/chunen/nas/bigdata/final/S2_aoi_modify/279/279_1_20180419T110127.tif,KuroSiwo_COG_V8/279/s2/279_1_20180419T110127_cog.tif,s2,279,bilinear,256,DEFLATE,ok,gdal_translate COG 成功,2026-05-21T21:20:56.729769
/home/NAS/homes/chunen-10029/bigdata/final/S2_aoi_modify/279/279_2_20170822T110932.tif,/home/chunen/nas/bigdata/final/S2_aoi_modify/279/279_2_20170822T110932.tif,KuroSiwo_COG_V8/279/s2/279_2_20170822T110932_cog.tif,s2,279,bilinear,256,DEFLATE,ok,gdal_translate COG 成功,2026-05-21T21:21:01.761996
/home/NAS/homes/chunen-10029/bigdata/final/S2_aoi_modify/279/279_2_20170827T110448.tif,/home/chunen/nas/bigdata/final/S2_aoi_modify/279/279_2_20170827T110448.tif,KuroSiwo_COG_V8/279/s2/279_2_20170827T110448_cog.tif,s2,279,bilinear,256,DEFLATE,ok,gdal_translate COG 成功,2026-05-21T21:21:04.350847
/home/NAS/homes/chunen-10029/bigdata/final/S2_aoi_modify/279/279_2_20170916T110523.tif,/home/chunen/nas/bigdata/final/S2_aoi_modify/279/279_2_20170916T110523.tif,KuroSiwo_COG_V8/279/s2/279_2_20170916T110523_cog.tif,s2,279,bilinear,256,DEFLATE,ok,gdal_translate COG 成功,2026-05-21T21:21:08.488109
/home/NAS/homes/chunen-10029/bigdata/final/S2_aoi_modify/279/279_2_20180414T110709.tif,/home/chunen/nas/bigdata/final/S2_aoi_modify/279/279_2_20180414T110709.tif,KuroSiwo_COG_V8/279/s2/279_2_20180414T110709_cog.tif,s2,279,bilinear,256,DEFLATE,ok,gdal_translate COG 成功,2026-05-21T21:21:12.332191
/home/NAS/homes/chunen-10029/bigdata/final/S2_aoi_modify/279/279_2_20180419T110127.tif,/home/chunen/nas/bigdata/final/S2_aoi_modify/279/279_2_20180419T110127.tif,KuroSiwo_COG_V8/279/s2/279_2_20180419T110127_cog.tif,s2,279,bilinear,256,DEFLATE,ok,gdal_translate COG 成功,2026-05-21T21:21:17.329190
/home/NAS/homes/chunen-10029/bigdata/final/S2_aoi_modify/279/279_3_20170821T104921.tif,/home/chunen/nas/bigdata/final/S2_aoi_modify/279/279_3_20170821T104921.tif,KuroSiwo_COG_V8/279/s2/279_3_20170821T104921_cog.tif,s2,279,bilinear,256,DEFLATE,ok,gdal_translate COG 成功,2026-05-21T21:21:21.214234
/home/NAS/homes/chunen-10029/bigdata/final/S2_aoi_modify/279/279_3_20170913T105943.tif,/home/chunen/nas/bigdata/final/S2_aoi_modify/279/279_3_20170913T105943.tif,KuroSiwo_COG_V8/279/s2/279_3_20170913T105943_cog.tif,s2,279,bilinear,256,DEFLATE,ok,gdal_translate COG 成功,2026-05-21T21:21:25.272726
/home/NAS/homes/chunen-10029/bigdata/final/S2_aoi_modify/279/279_3_20180413T104443.tif,/home/chunen/nas/bigdata/final/S2_aoi_modify/279/279_3_20180413T104443.tif,KuroSiwo_COG_V8/279/s2/279_3_20180413T104443_cog.tif,s2,279,bilinear,256,DEFLATE,ok,gdal_translate COG 成功,2026-05-21T21:21:29.506611
/home/NAS/homes/chunen-10029/bigdata/final/S2_aoi_modify/279/279_3_20180418T104512.tif,/home/chunen/nas/bigdata/final/S2_aoi_modify/279/279_3_20180418T104512.tif,KuroSiwo_COG_V8/279/s2/279_3_20180418T104512_cog.tif,s2,279,bilinear,256,DEFLATE,ok,gdal_translate COG 成功,2026-05-21T21:21:34.982960
/home/NAS/homes/chunen-10029/bigdata/final/S2_aoi_modify/321/321_1_20171223T162939.tif,/home/chunen/nas/bigdata/final/S2_aoi_modify/321/321_1_20171223T162939.tif,KuroSiwo_COG_V8/321/s2/321_1_20171223T162939_cog.tif,s2,321,bilinear,256,DEFLATE,ok,gdal_translate COG 成功,2026-05-21T21:21:35.708204
/home/NAS/homes/chunen-10029/bigdata/final/S2_aoi_modify/321/321_2_20171223T162939.tif,/home/chunen/nas/bigdata/final/S2_aoi_modify/321/321_2_20171223T162939.tif,KuroSiwo_COG_V8/321/s2/321_2_20171223T162939_cog.tif,s2,321,bilinear,256,DEFLATE,ok,gdal_translate COG 成功,2026-05-21T21:21:36.551505
/home/NAS/homes/chunen-10029/bigdata/final/S2_aoi_modify/321/321_3_20171223T162939.tif,/home/chunen/nas/bigdata/final/S2_aoi_modify/321/321_3_20171223T162939.tif,KuroSiwo_COG_V8/321/s2/321_3_20171223T162939_cog.tif,s2,321,bilinear,256,DEFLATE,ok,gdal_translate COG 成功,2026-05-21T21:21:38.881258
/home/NAS/homes/chunen-10029/bigdata/final/S2_aoi_modify/321/321_4_20171223T162939.tif,/home/chunen/nas/bigdata/final/S2_aoi_modify/321/321_4_20171223T162939.tif,KuroSiwo_COG_V8/321/s2/321_4_20171223T162939_cog.tif,s2,321,bilinear,256,DEFLATE,ok,gdal_translate COG 成功,2026-05-21T21:21:39.333753
/home/NAS/homes/chunen-10029/bigdata/final/S2_aoi_modify/324/324_1_20180712T104722.tif,/home/chunen/nas/bigdata/final/S2_aoi_modify/324/324_1_20180712T104722.tif,KuroSiwo_COG_V8/324/s2/324_1_20180712T104722_cog.tif,s2,324,bilinear,256,DEFLATE,ok,gdal_translate COG 成功,2026-05-21T21:21:40.179775
/home/NAS/homes/chunen-10029/bigdata/final/S2_aoi_modify/324/324_1_20180829T105441.tif,/home/chunen/nas/bigdata/final/S2_aoi_modify/324/324_1_20180829T105441.tif,KuroSiwo_COG_V8/324/s2/324_1_20180829T105441_cog.tif,s2,324,bilinear,256,DEFLATE,ok,gdal_translate COG 成功,2026-05-21T21:21:41.135705
/home/NAS/homes/chunen-10029/bigdata/final/S2_aoi_modify/324/324_1_20181015T104019.tif,/home/chunen/nas/bigdata/final/S2_aoi_modify/324/324_1_20181015T104019.tif,KuroSiwo_COG_V8/324/s2/324_1_20181015T104019_cog.tif,s2,324,bilinear,256,DEFLATE,ok,gdal_translate COG 成功,2026-05-21T21:21:41.983468
/home/NAS/homes/chunen-10029/bigdata/final/S2_aoi_modify/324/324_2_20180712T104722.tif,/home/chunen/nas/bigdata/final/S2_aoi_modify/324/324_2_20180712T104722.tif,KuroSiwo_COG_V8/324/s2/324_2_20180712T104722_cog.tif,s2,324,bilinear,256,DEFLATE,ok,gdal_translate COG 成功,2026-05-21T21:21:42.879458
/home/NAS/homes/chunen-10029/bigdata/final/S2_aoi_modify/324/324_2_20180829T105441.tif,/home/chunen/nas/bigdata/final/S2_aoi_modify/324/324_2_20180829T105441.tif,KuroSiwo_COG_V8/324/s2/324_2_20180829T105441_cog.tif,s2,324,bilinear,256,DEFLATE,ok,gdal_translate COG 成功,2026-05-21T21:21:43.702461
/home/NAS/homes/chunen-10029/bigdata/final/S2_aoi_modify/324/324_2_20181015T104019.tif,/home/chunen/nas/bigdata/final/S2_aoi_modify/324/324_2_20181015T104019.tif,KuroSiwo_COG_V8/324/s2/324_2_20181015T104019_cog.tif,s2,324,bilinear,256,DEFLATE,ok,gdal_translate COG 成功,2026-05-21T21:21:44.534660
/home/NAS/homes/chunen-10029/bigdata/final/S2_aoi_modify/324/324_3_20180712T104722.tif,/home/chunen/nas/bigdata/final/S2_aoi_modify/324/324_3_20180712T104722.tif,KuroSiwo_COG_V8/324/s2/324_3_20180712T104722_cog.tif,s2,324,bilinear,256,DEFLATE,ok,gdal_translate COG 成功,2026-05-21T21:21:45.294006
/home/NAS/homes/chunen-10029/bigdata/final/S2_aoi_modify/324/324_3_20180831T104845.tif,/home/chunen/nas/bigdata/final/S2_aoi_modify/324/324_3_20180831T104845.tif,KuroSiwo_COG_V8/324/s2/324_3_20180831T104845_cog.tif,s2,324,bilinear,256,DEFLATE,ok,gdal_translate COG 成功,2026-05-21T21:21:46.088858
/home/NAS/homes/chunen-10029/bigdata/final/S2_aoi_modify/324/324_3_20181015T104019.tif,/home/chunen/nas/bigdata/final/S2_aoi_modify/324/324_3_20181015T104019.tif,KuroSiwo_COG_V8/324/s2/324_3_20181015T104019_cog.tif,s2,324,bilinear,256,DEFLATE,ok,gdal_translate COG 成功,2026-05-21T21:21:46.898277
/home/NAS/homes/chunen-10029/bigdata/final/S2_aoi_modify/324/324_4_20180712T104722.tif,/home/chunen/nas/bigdata/final/S2_aoi_modify/324/324_4_20180712T104722.tif,KuroSiwo_COG_V8/324/s2/324_4_20180712T104722_cog.tif,s2,324,bilinear,256,DEFLATE,ok,gdal_translate COG 成功,2026-05-21T21:21:47.725195
/home/NAS/homes/chunen-10029/bigdata/final/S2_aoi_modify/324/324_4_20180831T104845.tif,/home/chunen/nas/bigdata/final/S2_aoi_modify/324/324_4_20180831T104845.tif,KuroSiwo_COG_V8/324/s2/324_4_20180831T104845_cog.tif,s2,324,bilinear,256,DEFLATE,ok,gdal_translate COG 成功,2026-05-21T21:21:48.623188
/home/NAS/homes/chunen-10029/bigdata/final/S2_aoi_modify/324/324_4_20181015T104019.tif,/home/chunen/nas/bigdata/final/S2_aoi_modify/324/324_4_20181015T104019.tif,KuroSiwo_COG_V8/324/s2/324_4_20181015T104019_cog.tif,s2,324,bilinear,256,DEFLATE,ok,gdal_translate COG 成功,2026-05-21T21:21:49.480267
/home/NAS/homes/chunen-10029/bigdata/final/S2_aoi_modify/411/411_20190902T103850.tif,/home/chunen/nas/bigdata/final/S2_aoi_modify/411/411_20190902T103850.tif,KuroSiwo_COG_V8/411/s2/411_20190902T103850_cog.tif,s2,411,bilinear,256,DEFLATE,ok,gdal_translate COG 成功,2026-05-21T21:21:50.350602
/home/NAS/homes/chunen-10029/bigdata/final/S2_aoi_modify/411/411_20191019T102856.tif,/home/chunen/nas/bigdata/final/S2_aoi_modify/411/411_20191019T102856.tif,KuroSiwo_COG_V8/411/s2/411_20191019T102856_cog.tif,s2,411,bilinear,256,DEFLATE,ok,gdal_translate COG 成功,2026-05-21T21:21:51.181916
/home/NAS/homes/chunen-10029/bigdata/final/S2_aoi_modify/411/411_20191126T103846.tif,/home/chunen/nas/bigdata/final/S2_aoi_modify/411/411_20191126T103846.tif,KuroSiwo_COG_V8/411/s2/411_20191126T103846_cog.tif,s2,411,bilinear,256,DEFLATE,ok,gdal_translate COG 成功,2026-05-21T21:21:52.230051
/home/NAS/homes/chunen-10029/bigdata/final/S2_aoi_modify/417/417_20190813T113018.tif,/home/chunen/nas/bigdata/final/S2_aoi_modify/417/417_20190813T113018.tif,KuroSiwo_COG_V8/417/s2/417_20190813T113018_cog.tif,s2,417,bilinear,256,DEFLATE,ok,gdal_translate COG 成功,2026-05-21T21:21:54.695669
/home/NAS/homes/chunen-10029/bigdata/final/S2_aoi_modify/417/417_20190826T114012.tif,/home/chunen/nas/bigdata/final/S2_aoi_modify/417/417_20190826T114012.tif,KuroSiwo_COG_V8/417/s2/417_20190826T114012_cog.tif,s2,417,bilinear,256,DEFLATE,ok,gdal_translate COG 成功,2026-05-21T21:21:57.992414
/home/NAS/homes/chunen-10029/bigdata/final/S2_aoi_modify/417/417_20191224T114005.tif,/home/chunen/nas/bigdata/final/S2_aoi_modify/417/417_20191224T114005.tif,KuroSiwo_COG_V8/417/s2/417_20191224T114005_cog.tif,s2,417,bilinear,256,DEFLATE,ok,gdal_translate COG 成功,2026-05-21T21:22:00.399283
/home/NAS/homes/chunen-10029/bigdata/final/S2_aoi_modify/421/421_20190602T104914.tif,/home/chunen/nas/bigdata/final/S2_aoi_modify/421/421_20190602T104914.tif,KuroSiwo_COG_V8/421/s2/421_20190602T104914_cog.tif,s2,421,bilinear,256,DEFLATE,ok,gdal_translate COG 成功,2026-05-21T21:22:01.319555
/home/NAS/homes/chunen-10029/bigdata/final/S2_aoi_modify/421/421_20190622T104912.tif,/home/chunen/nas/bigdata/final/S2_aoi_modify/421/421_20190622T104912.tif,KuroSiwo_COG_V8/421/s2/421_20190622T104912_cog.tif,s2,421,bilinear,256,DEFLATE,ok,gdal_translate COG 成功,2026-05-21T21:22:02.219641
/home/NAS/homes/chunen-10029/bigdata/final/S2_aoi_modify/421/421_20200123T104905.tif,/home/chunen/nas/bigdata/final/S2_aoi_modify/421/421_20200123T104905.tif,KuroSiwo_COG_V8/421/s2/421_20200123T104905_cog.tif,s2,421,bilinear,256,DEFLATE,ok,gdal_translate COG 成功,2026-05-21T21:22:03.195936
/home/NAS/homes/chunen-10029/bigdata/final/S2_aoi_modify/427/427_1_20190627T104448.tif,/home/chunen/nas/bigdata/final/S2_aoi_modify/427/427_1_20190627T104448.tif,KuroSiwo_COG_V8/427/s2/427_1_20190627T104448_cog.tif,s2,427,bilinear,256,DEFLATE,ok,gdal_translate COG 成功,2026-05-21T21:22:25.590178
/home/NAS/homes/chunen-10029/bigdata/final/S2_aoi_modify/427/427_1_20190709T103448.tif,/home/chunen/nas/bigdata/final/S2_aoi_modify/427/427_1_20190709T103448.tif,KuroSiwo_COG_V8/427/s2/427_1_20190709T103448_cog.tif,s2,427,bilinear,256,DEFLATE,ok,gdal_translate COG 成功,2026-05-21T21:22:48.042521
/home/NAS/homes/chunen-10029/bigdata/final/S2_aoi_modify/427/427_1_20200222T104436.tif,/home/chunen/nas/bigdata/final/S2_aoi_modify/427/427_1_20200222T104436.tif,KuroSiwo_COG_V8/427/s2/427_1_20200222T104436_cog.tif,s2,427,bilinear,256,DEFLATE,ok,gdal_translate COG 成功,2026-05-21T21:23:09.713791
/home/NAS/homes/chunen-10029/bigdata/final/S2_aoi_modify/427/427_2_20190627T104504.tif,/home/chunen/nas/bigdata/final/S2_aoi_modify/427/427_2_20190627T104504.tif,KuroSiwo_COG_V8/427/s2/427_2_20190627T104504_cog.tif,s2,427,bilinear,256,DEFLATE,ok,gdal_translate COG 成功,2026-05-21T21:23:23.198228
/home/NAS/homes/chunen-10029/bigdata/final/S2_aoi_modify/427/427_2_20190709T103505.tif,/home/chunen/nas/bigdata/final/S2_aoi_modify/427/427_2_20190709T103505.tif,KuroSiwo_COG_V8/427/s2/427_2_20190709T103505_cog.tif,s2,427,bilinear,256,DEFLATE,ok,gdal_translate COG 成功,2026-05-21T21:23:37.994412
/home/NAS/homes/chunen-10029/bigdata/final/S2_aoi_modify/427/427_2_20200222T104453.tif,/home/chunen/nas/bigdata/final/S2_aoi_modify/427/427_2_20200222T104453.tif,KuroSiwo_COG_V8/427/s2/427_2_20200222T104453_cog.tif,s2,427,bilinear,256,DEFLATE,ok,gdal_translate COG 成功,2026-05-21T21:23:51.227487
/home/NAS/homes/chunen-10029/bigdata/final/S2_aoi_modify/437/437_20200314T110854.tif,/home/chunen/nas/bigdata/final/S2_aoi_modify/437/437_20200314T110854.tif,KuroSiwo_COG_V8/437/s2/437_20200314T110854_cog.tif,s2,437,bilinear,256,DEFLATE,ok,gdal_translate COG 成功,2026-05-21T21:23:52.458614
/home/NAS/homes/chunen-10029/bigdata/final/S2_aoi_modify/437/437_20200408T110854.tif,/home/chunen/nas/bigdata/final/S2_aoi_modify/437/437_20200408T110854.tif,KuroSiwo_COG_V8/437/s2/437_20200408T110854_cog.tif,s2,437,bilinear,256,DEFLATE,ok,gdal_translate COG 成功,2026-05-21T21:23:53.357748
/home/NAS/homes/chunen-10029/bigdata/final/S2_aoi_modify/437/437_20200513T110903.tif,/home/chunen/nas/bigdata/final/S2_aoi_modify/437/437_20200513T110903.tif,KuroSiwo_COG_V8/437/s2/437_20200513T110903_cog.tif,s2,437,bilinear,256,DEFLATE,ok,gdal_translate COG 成功,2026-05-21T21:23:54.229057
/home/NAS/homes/chunen-10029/bigdata/final/S2_aoi_modify/445/445_20200602T092707.tif,/home/chunen/nas/bigdata/final/S2_aoi_modify/445/445_20200602T092707.tif,KuroSiwo_COG_V8/445/s2/445_20200602T092707_cog.tif,s2,445,bilinear,256,DEFLATE,ok,gdal_translate COG 成功,2026-05-21T21:24:00.938455
/home/NAS/homes/chunen-10029/bigdata/final/S2_aoi_modify/445/445_20200614T091706.tif,/home/chunen/nas/bigdata/final/S2_aoi_modify/445/445_20200614T091706.tif,KuroSiwo_COG_V8/445/s2/445_20200614T091706_cog.tif,s2,445,bilinear,256,DEFLATE,ok,gdal_translate COG 成功,2026-05-21T21:24:06.970082
/home/NAS/homes/chunen-10029/bigdata/final/S2_aoi_modify/445/445_20200627T092658.tif,/home/chunen/nas/bigdata/final/S2_aoi_modify/445/445_20200627T092658.tif,KuroSiwo_COG_V8/445/s2/445_20200627T092658_cog.tif,s2,445,bilinear,256,DEFLATE,ok,gdal_translate COG 成功,2026-05-21T21:24:12.956117
/home/NAS/homes/chunen-10029/bigdata/final/S2_aoi_modify/470/470_20200428T102832.tif,/home/chunen/nas/bigdata/final/S2_aoi_modify/470/470_20200428T102832.tif,KuroSiwo_COG_V8/470/s2/470_20200428T102832_cog.tif,s2,470,bilinear,256,DEFLATE,ok,gdal_translate COG 成功,2026-05-21T21:24:26.644425
/home/NAS/homes/chunen-10029/bigdata/final/S2_aoi_modify/470/470_20200511T103829.tif,/home/chunen/nas/bigdata/final/S2_aoi_modify/470/470_20200511T103829.tif,KuroSiwo_COG_V8/470/s2/470_20200511T103829_cog.tif,s2,470,bilinear,256,DEFLATE,ok,gdal_translate COG 成功,2026-05-21T21:24:39.711978
/home/NAS/homes/chunen-10029/bigdata/final/S2_aoi_modify/470/470_20201015T102803.tif,/home/chunen/nas/bigdata/final/S2_aoi_modify/470/470_20201015T102803.tif,KuroSiwo_COG_V8/470/s2/470_20201015T102803_cog.tif,s2,470,bilinear,256,DEFLATE,ok,gdal_translate COG 成功,2026-05-21T21:24:54.460862
/home/NAS/homes/chunen-10029/bigdata/final/S2_aoi_modify/492/492_20200717T110903.tif,/home/chunen/nas/bigdata/final/S2_aoi_modify/492/492_20200717T110903.tif,KuroSiwo_COG_V8/492/s2/492_20200717T110903_cog.tif,s2,492,bilinear,256,DEFLATE,ok,gdal_translate COG 成功,2026-05-21T21:25:02.758330
/home/NAS/homes/chunen-10029/bigdata/final/S2_aoi_modify/492/492_20200729T105910.tif,/home/chunen/nas/bigdata/final/S2_aoi_modify/492/492_20200729T105910.tif,KuroSiwo_COG_V8/492/s2/492_20200729T105910_cog.tif,s2,492,bilinear,256,DEFLATE,ok,gdal_translate COG 成功,2026-05-21T21:25:09.953668
/home/NAS/homes/chunen-10029/bigdata/final/S2_aoi_modify/492/492_20210103T110856.tif,/home/chunen/nas/bigdata/final/S2_aoi_modify/492/492_20210103T110856.tif,KuroSiwo_COG_V8/492/s2/492_20210103T110856_cog.tif,s2,492,bilinear,256,DEFLATE,ok,gdal_translate COG 成功,2026-05-21T21:25:17.312598
/home/NAS/homes/chunen-10029/bigdata/final/S2_aoi_modify/496/496_20200624T100917.tif,/home/chunen/nas/bigdata/final/S2_aoi_modify/496/496_20200624T100917.tif,KuroSiwo_COG_V8/496/s2/496_20200624T100917_cog.tif,s2,496,bilinear,256,DEFLATE,ok,gdal_translate COG 成功,2026-05-21T21:25:18.035967
/home/NAS/homes/chunen-10029/bigdata/final/S2_aoi_modify/496/496_20210115T100853.tif,/home/chunen/nas/bigdata/final/S2_aoi_modify/496/496_20210115T100853.tif,KuroSiwo_COG_V8/496/s2/496_20210115T100853_cog.tif,s2,496,bilinear,256,DEFLATE,ok,gdal_translate COG 成功,2026-05-21T21:25:18.716727
/home/NAS/homes/chunen-10029/bigdata/final/S2_aoi_modify/496/496_20210125T100911.tif,/home/chunen/nas/bigdata/final/S2_aoi_modify/496/496_20210125T100911.tif,KuroSiwo_COG_V8/496/s2/496_20210125T100911_cog.tif,s2,496,bilinear,256,DEFLATE,ok,gdal_translate COG 成功,2026-05-21T21:25:19.260782
/home/NAS/homes/chunen-10029/bigdata/final/S2_aoi_modify/497/497_20210110T105631.tif,/home/chunen/nas/bigdata/final/S2_aoi_modify/497/497_20210110T105631.tif,KuroSiwo_COG_V8/497/s2/497_20210110T105631_cog.tif,s2,497,bilinear,256,DEFLATE,ok,gdal_translate COG 成功,2026-05-21T21:25:33.129608
/home/NAS/homes/chunen-10029/bigdata/final/S2_aoi_modify/497/497_20210122T104636.tif,/home/chunen/nas/bigdata/final/S2_aoi_modify/497/497_20210122T104636.tif,KuroSiwo_COG_V8/497/s2/497_20210122T104636_cog.tif,s2,497,bilinear,256,DEFLATE,ok,gdal_translate COG 成功,2026-05-21T21:25:48.124379
/home/NAS/homes/chunen-10029/bigdata/final/S2_aoi_modify/497/497_20210203T103637.tif,/home/chunen/nas/bigdata/final/S2_aoi_modify/497/497_20210203T103637.tif,KuroSiwo_COG_V8/497/s2/497_20210203T103637_cog.tif,s2,497,bilinear,256,DEFLATE,ok,gdal_translate COG 成功,2026-05-21T21:26:01.809053
/home/NAS/homes/chunen-10029/bigdata/final/S2_aoi_modify/498/498_20210115T105826.tif,/home/chunen/nas/bigdata/final/S2_aoi_modify/498/498_20210115T105826.tif,KuroSiwo_COG_V8/498/s2/498_20210115T105826_cog.tif,s2,498,bilinear,256,DEFLATE,ok,gdal_translate COG 成功,2026-05-21T21:26:05.174105
/home/NAS/homes/chunen-10029/bigdata/final/S2_aoi_modify/498/498_20210127T104828.tif,/home/chunen/nas/bigdata/final/S2_aoi_modify/498/498_20210127T104828.tif,KuroSiwo_COG_V8/498/s2/498_20210127T104828_cog.tif,s2,498,bilinear,256,DEFLATE,ok,gdal_translate COG 成功,2026-05-21T21:26:08.664509
/home/NAS/homes/chunen-10029/bigdata/final/S2_aoi_modify/498/498_20210201T104843.tif,/home/chunen/nas/bigdata/final/S2_aoi_modify/498/498_20210201T104843.tif,KuroSiwo_COG_V8/498/s2/498_20210201T104843_cog.tif,s2,498,bilinear,256,DEFLATE,ok,gdal_translate COG 成功,2026-05-21T21:26:11.343181
/home/NAS/homes/chunen-10029/bigdata/final/S2_aoi_modify/502/502_1_20210130T114700.tif,/home/chunen/nas/bigdata/final/S2_aoi_modify/502/502_1_20210130T114700.tif,KuroSiwo_COG_V8/502/s2/502_1_20210130T114700_cog.tif,s2,502,bilinear,256,DEFLATE,ok,gdal_translate COG 成功,2026-05-21T21:26:12.769146
/home/NAS/homes/chunen-10029/bigdata/final/S2_aoi_modify/502/502_1_20210211T113701.tif,/home/chunen/nas/bigdata/final/S2_aoi_modify/502/502_1_20210211T113701.tif,KuroSiwo_COG_V8/502/s2/502_1_20210211T113701_cog.tif,s2,502,bilinear,256,DEFLATE,ok,gdal_translate COG 成功,2026-05-21T21:26:14.391323
/home/NAS/homes/chunen-10029/bigdata/final/S2_aoi_modify/502/502_1_20210224T114640.tif,/home/chunen/nas/bigdata/final/S2_aoi_modify/502/502_1_20210224T114640.tif,KuroSiwo_COG_V8/502/s2/502_1_20210224T114640_cog.tif,s2,502,bilinear,256,DEFLATE,ok,gdal_translate COG 成功,2026-05-21T21:26:15.921445
/home/NAS/homes/chunen-10029/bigdata/final/S2_aoi_modify/502/502_2_20210130T114700.tif,/home/chunen/nas/bigdata/final/S2_aoi_modify/502/502_2_20210130T114700.tif,KuroSiwo_COG_V8/502/s2/502_2_20210130T114700_cog.tif,s2,502,bilinear,256,DEFLATE,ok,gdal_translate COG 成功,2026-05-21T21:26:16.573192
/home/NAS/homes/chunen-10029/bigdata/final/S2_aoi_modify/502/502_2_20210212T115655 - 2026-04-18T20:36:01.423Z.tif,/home/chunen/nas/bigdata/final/S2_aoi_modify/502/502_2_20210212T115655 - 2026-04-18T20:36:01.423Z.tif,KuroSiwo_COG_V8/502/s2/502_2_20210212T115655 - 2026-04-18T20:36:01.423Z_cog.tif,s2,502,bilinear,256,DEFLATE,ok,gdal_translate COG 成功,2026-05-21T21:26:17.367245
/home/NAS/homes/chunen-10029/bigdata/final/S2_aoi_modify/502/502_2_20210212T115655.tif,/home/chunen/nas/bigdata/final/S2_aoi_modify/502/502_2_20210212T115655.tif,KuroSiwo_COG_V8/502/s2/502_2_20210212T115655_cog.tif,s2,502,bilinear,256,DEFLATE,ok,gdal_translate COG 成功,2026-05-21T21:26:18.152168
/home/NAS/homes/chunen-10029/bigdata/final/S2_aoi_modify/502/502_2_20210224T114659.tif,/home/chunen/nas/bigdata/final/S2_aoi_modify/502/502_2_20210224T114659.tif,KuroSiwo_COG_V8/502/s2/502_2_20210224T114659_cog.tif,s2,502,bilinear,256,DEFLATE,ok,gdal_translate COG 成功,2026-05-21T21:26:18.876700
/home/NAS/homes/chunen-10029/bigdata/final/S2_aoi_modify/502/502_3_20210130T114700 - 2026-04-18T20:42:03.017Z.tif,/home/chunen/nas/bigdata/final/S2_aoi_modify/502/502_3_20210130T114700 - 2026-04-18T20:42:03.017Z.tif,KuroSiwo_COG_V8/502/s2/502_3_20210130T114700 - 2026-04-18T20:42:03.017Z_cog.tif,s2,502,bilinear,256,DEFLATE,ok,gdal_translate COG 成功,2026-05-21T21:26:19.783628
/home/NAS/homes/chunen-10029/bigdata/final/S2_aoi_modify/502/502_3_20210130T114700.tif,/home/chunen/nas/bigdata/final/S2_aoi_modify/502/502_3_20210130T114700.tif,KuroSiwo_COG_V8/502/s2/502_3_20210130T114700_cog.tif,s2,502,bilinear,256,DEFLATE,ok,gdal_translate COG 成功,2026-05-21T21:26:20.761322
/home/NAS/homes/chunen-10029/bigdata/final/S2_aoi_modify/502/502_3_20210212T115655.tif,/home/chunen/nas/bigdata/final/S2_aoi_modify/502/502_3_20210212T115655.tif,KuroSiwo_COG_V8/502/s2/502_3_20210212T115655_cog.tif,s2,502,bilinear,256,DEFLATE,ok,gdal_translate COG 成功,2026-05-21T21:26:21.687528
/home/NAS/homes/chunen-10029/bigdata/final/S2_aoi_modify/502/502_3_20210224T114659 - 2026-04-18T20:48:39.893Z.tif,/home/chunen/nas/bigdata/final/S2_aoi_modify/502/502_3_20210224T114659 - 2026-04-18T20:48:39.893Z.tif,KuroSiwo_COG_V8/502/s2/502_3_20210224T114659 - 2026-04-18T20:48:39.893Z_cog.tif,s2,502,bilinear,256,DEFLATE,ok,gdal_translate COG 成功,2026-05-21T21:26:22.717168
/home/NAS/homes/chunen-10029/bigdata/final/S2_aoi_modify/502/502_3_20210224T114659.tif,/home/chunen/nas/bigdata/final/S2_aoi_modify/502/502_3_20210224T114659.tif,KuroSiwo_COG_V8/502/s2/502_3_20210224T114659_cog.tif,s2,502,bilinear,256,DEFLATE,ok,gdal_translate COG 成功,2026-05-21T21:26:23.758145
/home/NAS/homes/chunen-10029/bigdata/final/S2_aoi_modify/502/502_4_20210130T114704 - 2026-04-18T20:50:55.744Z.tif,/home/chunen/nas/bigdata/final/S2_aoi_modify/502/502_4_20210130T114704 - 2026-04-18T20:50:55.744Z.tif,KuroSiwo_COG_V8/502/s2/502_4_20210130T114704 - 2026-04-18T20:50:55.744Z_cog.tif,s2,502,bilinear,256,DEFLATE,ok,gdal_translate COG 成功,2026-05-21T21:26:24.424046
/home/NAS/homes/chunen-10029/bigdata/final/S2_aoi_modify/502/502_4_20210130T114704.tif,/home/chunen/nas/bigdata/final/S2_aoi_modify/502/502_4_20210130T114704.tif,KuroSiwo_COG_V8/502/s2/502_4_20210130T114704_cog.tif,s2,502,bilinear,256,DEFLATE,ok,gdal_translate COG 成功,2026-05-21T21:26:25.067120
/home/NAS/homes/chunen-10029/bigdata/final/S2_aoi_modify/502/502_4_20210212T115700 - 2026-04-18T20:53:05.756Z.tif,/home/chunen/nas/bigdata/final/S2_aoi_modify/502/502_4_20210212T115700 - 2026-04-18T20:53:05.756Z.tif,KuroSiwo_COG_V8/502/s2/502_4_20210212T115700 - 2026-04-18T20:53:05.756Z_cog.tif,s2,502,bilinear,256,DEFLATE,ok,gdal_translate COG 成功,2026-05-21T21:26:25.798964
/home/NAS/homes/chunen-10029/bigdata/final/S2_aoi_modify/502/502_4_20210212T115700.tif,/home/chunen/nas/bigdata/final/S2_aoi_modify/502/502_4_20210212T115700.tif,KuroSiwo_COG_V8/502/s2/502_4_20210212T115700_cog.tif,s2,502,bilinear,256,DEFLATE,ok,gdal_translate COG 成功,2026-05-21T21:26:26.627317
/home/NAS/homes/chunen-10029/bigdata/final/S2_aoi_modify/502/502_4_20210224T114702.tif,/home/chunen/nas/bigdata/final/S2_aoi_modify/502/502_4_20210224T114702.tif,KuroSiwo_COG_V8/502/s2/502_4_20210224T114702_cog.tif,s2,502,bilinear,256,DEFLATE,ok,gdal_translate COG 成功,2026-05-21T21:26:27.277415
/home/NAS/homes/chunen-10029/bigdata/final/S2_aoi_modify/502/502_5_20210130T114704.tif,/home/chunen/nas/bigdata/final/S2_aoi_modify/502/502_5_20210130T114704.tif,KuroSiwo_COG_V8/502/s2/502_5_20210130T114704_cog.tif,s2,502,bilinear,256,DEFLATE,ok,gdal_translate COG 成功,2026-05-21T21:26:30.683026
/home/NAS/homes/chunen-10029/bigdata/final/S2_aoi_modify/502/502_5_20210212T115655.tif,/home/chunen/nas/bigdata/final/S2_aoi_modify/502/502_5_20210212T115655.tif,KuroSiwo_COG_V8/502/s2/502_5_20210212T115655_cog.tif,s2,502,bilinear,256,DEFLATE,ok,gdal_translate COG 成功,2026-05-21T21:26:35.883700
/home/NAS/homes/chunen-10029/bigdata/final/S2_aoi_modify/502/502_5_20210224T114659.tif,/home/chunen/nas/bigdata/final/S2_aoi_modify/502/502_5_20210224T114659.tif,KuroSiwo_COG_V8/502/s2/502_5_20210224T114659_cog.tif,s2,502,bilinear,256,DEFLATE,ok,gdal_translate COG 成功,2026-05-21T21:26:39.334906
/home/NAS/homes/chunen-10029/bigdata/final/S2_aoi_modify/502/502_6_20210130T114700.tif,/home/chunen/nas/bigdata/final/S2_aoi_modify/502/502_6_20210130T114700.tif,KuroSiwo_COG_V8/502/s2/502_6_20210130T114700_cog.tif,s2,502,bilinear,256,DEFLATE,ok,gdal_translate COG 成功,2026-05-21T21:26:39.927404
/home/NAS/homes/chunen-10029/bigdata/final/S2_aoi_modify/502/502_6_20210212T115655.tif,/home/chunen/nas/bigdata/final/S2_aoi_modify/502/502_6_20210212T115655.tif,KuroSiwo_COG_V8/502/s2/502_6_20210212T115655_cog.tif,s2,502,bilinear,256,DEFLATE,ok,gdal_translate COG 成功,2026-05-21T21:26:40.612909
/home/NAS/homes/chunen-10029/bigdata/final/S2_aoi_modify/502/502_6_20210224T114659.tif,/home/chunen/nas/bigdata/final/S2_aoi_modify/502/502_6_20210224T114659.tif,KuroSiwo_COG_V8/502/s2/502_6_20210224T114659_cog.tif,s2,502,bilinear,256,DEFLATE,skip,COG 已存在，略過,
/home/NAS/homes/chunen-10029/bigdata/final/S2_aoi_modify/518/518_1_20210515T105705.tif,/home/chunen/nas/bigdata/final/S2_aoi_modify/518/518_1_20210515T105705.tif,KuroSiwo_COG_V8/518/s2/518_1_20210515T105705_cog.tif,s2,518,bilinear,256,DEFLATE,ok,gdal_translate COG 成功,2026-05-21T21:26:48.023633
/home/NAS/homes/chunen-10029/bigdata/final/S2_aoi_modify/518/518_1_20210527T104709.tif,/home/chunen/nas/bigdata/final/S2_aoi_modify/518/518_1_20210527T104709.tif,KuroSiwo_COG_V8/518/s2/518_1_20210527T104709_cog.tif,s2,518,bilinear,256,DEFLATE,ok,gdal_translate COG 成功,2026-05-21T21:26:54.631064
/home/NAS/homes/chunen-10029/bigdata/final/S2_aoi_modify/518/518_1_20210714T105708.tif,/home/chunen/nas/bigdata/final/S2_aoi_modify/518/518_1_20210714T105708.tif,KuroSiwo_COG_V8/518/s2/518_1_20210714T105708_cog.tif,s2,518,bilinear,256,DEFLATE,ok,gdal_translate COG 成功,2026-05-21T21:27:02.260529
/home/NAS/homes/chunen-10029/bigdata/final/S2_aoi_modify/518/518_2_20210515T105705.tif,/home/chunen/nas/bigdata/final/S2_aoi_modify/518/518_2_20210515T105705.tif,KuroSiwo_COG_V8/518/s2/518_2_20210515T105705_cog.tif,s2,518,bilinear,256,DEFLATE,ok,gdal_translate COG 成功,2026-05-21T21:27:08.845527
/home/NAS/homes/chunen-10029/bigdata/final/S2_aoi_modify/518/518_2_20210527T104709.tif,/home/chunen/nas/bigdata/final/S2_aoi_modify/518/518_2_20210527T104709.tif,KuroSiwo_COG_V8/518/s2/518_2_20210527T104709_cog.tif,s2,518,bilinear,256,DEFLATE,ok,gdal_translate COG 成功,2026-05-21T21:27:14.629164
/home/NAS/homes/chunen-10029/bigdata/final/S2_aoi_modify/518/518_2_20210714T105708.tif,/home/chunen/nas/bigdata/final/S2_aoi_modify/518/518_2_20210714T105708.tif,KuroSiwo_COG_V8/518/s2/518_2_20210714T105708_cog.tif,s2,518,bilinear,256,DEFLATE,ok,gdal_translate COG 成功,2026-05-21T21:27:20.127871
/home/NAS/homes/chunen-10029/bigdata/final/S2_aoi_modify/520/520_20201002T105634.tif,/home/chunen/nas/bigdata/final/S2_aoi_modify/520/520_20201002T105634.tif,KuroSiwo_COG_V8/520/s2/520_20201002T105634_cog.tif,s2,520,bilinear,256,DEFLATE,ok,gdal_translate COG 成功,2026-05-21T21:27:22.272308
/home/NAS/homes/chunen-10029/bigdata/final/S2_aoi_modify/520/520_20210609T105652.tif,/home/chunen/nas/bigdata/final/S2_aoi_modify/520/520_20210609T105652.tif,KuroSiwo_COG_V8/520/s2/520_20210609T105652_cog.tif,s2,520,bilinear,256,DEFLATE,ok,gdal_translate COG 成功,2026-05-21T21:27:25.264129
/home/NAS/homes/chunen-10029/bigdata/final/S2_aoi_modify/520/520_20210716T104637.tif,/home/chunen/nas/bigdata/final/S2_aoi_modify/520/520_20210716T104637.tif,KuroSiwo_COG_V8/520/s2/520_20210716T104637_cog.tif,s2,520,bilinear,256,DEFLATE,ok,gdal_translate COG 成功,2026-05-21T21:27:27.457211
/home/NAS/homes/chunen-10029/bigdata/final/S2_aoi_modify/554/554_20211011T000449.tif,/home/chunen/nas/bigdata/final/S2_aoi_modify/554/554_20211011T000449.tif,KuroSiwo_COG_V8/554/s2/554_20211011T000449_cog.tif,s2,554,bilinear,256,DEFLATE,ok,gdal_translate COG 成功,2026-05-21T21:27:28.231708
/home/NAS/homes/chunen-10029/bigdata/final/S2_aoi_modify/554/554_20211026T000442.tif,/home/chunen/nas/bigdata/final/S2_aoi_modify/554/554_20211026T000442.tif,KuroSiwo_COG_V8/554/s2/554_20211026T000442_cog.tif,s2,554,bilinear,256,DEFLATE,ok,gdal_translate COG 成功,2026-05-21T21:27:28.936701
/home/NAS/homes/chunen-10029/bigdata/final/S2_aoi_modify/554/554_20211130T000443.tif,/home/chunen/nas/bigdata/final/S2_aoi_modify/554/554_20211130T000443.tif,KuroSiwo_COG_V8/554/s2/554_20211130T000443_cog.tif,s2,554,bilinear,256,DEFLATE,ok,gdal_translate COG 成功,2026-05-21T21:27:29.843643
/home/NAS/homes/chunen-10029/bigdata/final/S2_aoi_modify/555/555_20210818T105948-0000000000-0000000000.tif,/home/chunen/nas/bigdata/final/S2_aoi_modify/555/555_20210818T105948-0000000000-0000000000.tif,KuroSiwo_COG_V8/555/s2/555_20210818T105948-0000000000-0000000000_cog.tif,s2,555,bilinear,256,DEFLATE,ok,gdal_translate COG 成功,2026-05-21T21:28:17.139889
/home/NAS/homes/chunen-10029/bigdata/final/S2_aoi_modify/555/555_20210818T105948-0000000000-0000023296.tif,/home/chunen/nas/bigdata/final/S2_aoi_modify/555/555_20210818T105948-0000000000-0000023296.tif,KuroSiwo_COG_V8/555/s2/555_20210818T105948-0000000000-0000023296_cog.tif,s2,555,bilinear,256,DEFLATE,ok,gdal_translate COG 成功,2026-05-21T21:28:31.033723
/home/NAS/homes/chunen-10029/bigdata/final/S2_aoi_modify/555/555_20210818T105948-0000023296-0000000000.tif,/home/chunen/nas/bigdata/final/S2_aoi_modify/555/555_20210818T105948-0000023296-0000000000.tif,KuroSiwo_COG_V8/555/s2/555_20210818T105948-0000023296-0000000000_cog.tif,s2,555,bilinear,256,DEFLATE,ok,gdal_translate COG 成功,2026-05-21T21:28:47.194655
/home/NAS/homes/chunen-10029/bigdata/final/S2_aoi_modify/555/555_20210818T105948-0000023296-0000023296.tif,/home/chunen/nas/bigdata/final/S2_aoi_modify/555/555_20210818T105948-0000023296-0000023296.tif,KuroSiwo_COG_V8/555/s2/555_20210818T105948-0000023296-0000023296_cog.tif,s2,555,bilinear,256,DEFLATE,ok,gdal_translate COG 成功,2026-05-21T21:28:52.375117
/home/NAS/homes/chunen-10029/bigdata/final/S2_aoi_modify/555/555_20210831T110855-0000000000-0000000000.tif,/home/chunen/nas/bigdata/final/S2_aoi_modify/555/555_20210831T110855-0000000000-0000000000.tif,KuroSiwo_COG_V8/555/s2/555_20210831T110855-0000000000-0000000000_cog.tif,s2,555,bilinear,256,DEFLATE,ok,gdal_translate COG 成功,2026-05-21T21:29:39.913603
/home/NAS/homes/chunen-10029/bigdata/final/S2_aoi_modify/555/555_20210831T110855-0000000000-0000023296.tif,/home/chunen/nas/bigdata/final/S2_aoi_modify/555/555_20210831T110855-0000000000-0000023296.tif,KuroSiwo_COG_V8/555/s2/555_20210831T110855-0000000000-0000023296_cog.tif,s2,555,bilinear,256,DEFLATE,ok,gdal_translate COG 成功,2026-05-21T21:29:53.332628
/home/NAS/homes/chunen-10029/bigdata/final/S2_aoi_modify/555/555_20210831T110855-0000023296-0000000000.tif,/home/chunen/nas/bigdata/final/S2_aoi_modify/555/555_20210831T110855-0000023296-0000000000.tif,KuroSiwo_COG_V8/555/s2/555_20210831T110855-0000023296-0000000000_cog.tif,s2,555,bilinear,256,DEFLATE,ok,gdal_translate COG 成功,2026-05-21T21:30:09.880796
/home/NAS/homes/chunen-10029/bigdata/final/S2_aoi_modify/555/555_20210831T110855-0000023296-0000023296.tif,/home/chunen/nas/bigdata/final/S2_aoi_modify/555/555_20210831T110855-0000023296-0000023296.tif,KuroSiwo_COG_V8/555/s2/555_20210831T110855-0000023296-0000023296_cog.tif,s2,555,bilinear,256,DEFLATE,ok,gdal_translate COG 成功,2026-05-21T21:30:14.614053
/home/NAS/homes/chunen-10029/bigdata/final/S2_aoi_modify/555/555_20211211T105901-0000000000-0000000000.tif,/home/chunen/nas/bigdata/final/S2_aoi_modify/555/555_20211211T105901-0000000000-0000000000.tif,KuroSiwo_COG_V8/555/s2/555_20211211T105901-0000000000-0000000000_cog.tif,s2,555,bilinear,256,DEFLATE,ok,gdal_translate COG 成功,2026-05-21T21:30:58.769440
/home/NAS/homes/chunen-10029/bigdata/final/S2_aoi_modify/555/555_20211211T105901-0000000000-0000023296.tif,/home/chunen/nas/bigdata/final/S2_aoi_modify/555/555_20211211T105901-0000000000-0000023296.tif,KuroSiwo_COG_V8/555/s2/555_20211211T105901-0000000000-0000023296_cog.tif,s2,555,bilinear,256,DEFLATE,ok,gdal_translate COG 成功,2026-05-21T21:31:12.145871
/home/NAS/homes/chunen-10029/bigdata/final/S2_aoi_modify/555/555_20211211T105901-0000023296-0000000000.tif,/home/chunen/nas/bigdata/final/S2_aoi_modify/555/555_20211211T105901-0000023296-0000000000.tif,KuroSiwo_COG_V8/555/s2/555_20211211T105901-0000023296-0000000000_cog.tif,s2,555,bilinear,256,DEFLATE,ok,gdal_translate COG 成功,2026-05-21T21:31:27.193164
/home/NAS/homes/chunen-10029/bigdata/final/S2_aoi_modify/555/555_20211211T105901-0000023296-0000023296.tif,/home/chunen/nas/bigdata/final/S2_aoi_modify/555/555_20211211T105901-0000023296-0000023296.tif,KuroSiwo_COG_V8/555/s2/555_20211211T105901-0000023296-0000023296_cog.tif,s2,555,bilinear,256,DEFLATE,ok,gdal_translate COG 成功,2026-05-21T21:31:31.630746
/home/NAS/homes/chunen-10029/bigdata/final/S2_aoi_modify/559/559_20200803T070508.tif,/home/chunen/nas/bigdata/final/S2_aoi_modify/559/559_20200803T070508.tif,KuroSiwo_COG_V8/559/s2/559_20200803T070508_cog.tif,s2,559,bilinear,256,DEFLATE,ok,gdal_translate COG 成功,2026-05-21T21:31:32.098083
/home/NAS/homes/chunen-10029/bigdata/final/S2_aoi_modify/559/559_20200818T070453.tif,/home/chunen/nas/bigdata/final/S2_aoi_modify/559/559_20200818T070453.tif,KuroSiwo_COG_V8/559/s2/559_20200818T070453_cog.tif,s2,559,bilinear,256,DEFLATE,ok,gdal_translate COG 成功,2026-05-21T21:31:32.554585
/home/NAS/homes/chunen-10029/bigdata/final/S2_aoi_modify/559/559_20220125T070502.tif,/home/chunen/nas/bigdata/final/S2_aoi_modify/559/559_20220125T070502.tif,KuroSiwo_COG_V8/559/s2/559_20220125T070502_cog.tif,s2,559,bilinear,256,DEFLATE,ok,gdal_translate COG 成功,2026-05-21T21:31:33.148542
/home/NAS/homes/chunen-10029/bigdata/final/S2_aoi_modify/561/561_20210821T080425.tif,/home/chunen/nas/bigdata/final/S2_aoi_modify/561/561_20210821T080425.tif,KuroSiwo_COG_V8/561/s2/561_20210821T080425_cog.tif,s2,561,bilinear,256,DEFLATE,ok,gdal_translate COG 成功,2026-05-21T21:31:35.122665
/home/NAS/homes/chunen-10029/bigdata/final/S2_aoi_modify/561/561_20210905T080423.tif,/home/chunen/nas/bigdata/final/S2_aoi_modify/561/561_20210905T080423.tif,KuroSiwo_COG_V8/561/s2/561_20210905T080423_cog.tif,s2,561,bilinear,256,DEFLATE,ok,gdal_translate COG 成功,2026-05-21T21:31:36.025173
/home/NAS/homes/chunen-10029/bigdata/final/S2_aoi_modify/561/561_20220128T080416.tif,/home/chunen/nas/bigdata/final/S2_aoi_modify/561/561_20220128T080416.tif,KuroSiwo_COG_V8/561/s2/561_20220128T080416_cog.tif,s2,561,bilinear,256,DEFLATE,ok,gdal_translate COG 成功,2026-05-21T21:31:37.045512
/home/NAS/homes/chunen-10029/bigdata/final/S2_aoi_modify/562/562_20210805T010201.tif,/home/chunen/nas/bigdata/final/S2_aoi_modify/562/562_20210805T010201.tif,KuroSiwo_COG_V8/562/s2/562_20210805T010201_cog.tif,s2,562,bilinear,256,DEFLATE,ok,gdal_translate COG 成功,2026-05-21T21:31:37.590974
/home/NAS/homes/chunen-10029/bigdata/final/S2_aoi_modify/562/562_20210820T010202.tif,/home/chunen/nas/bigdata/final/S2_aoi_modify/562/562_20210820T010202.tif,KuroSiwo_COG_V8/562/s2/562_20210820T010202_cog.tif,s2,562,bilinear,256,DEFLATE,ok,gdal_translate COG 成功,2026-05-21T21:31:38.138232
/home/NAS/homes/chunen-10029/bigdata/final/S2_aoi_modify/562/562_20220201T010154.tif,/home/chunen/nas/bigdata/final/S2_aoi_modify/562/562_20220201T010154.tif,KuroSiwo_COG_V8/562/s2/562_20220201T010154_cog.tif,s2,562,bilinear,256,DEFLATE,ok,gdal_translate COG 成功,2026-05-21T21:31:38.726191
/home/NAS/homes/chunen-10029/bigdata/final/S2_aoi_modify/567/567_1_20210822T000454.tif,/home/chunen/nas/bigdata/final/S2_aoi_modify/567/567_1_20210822T000454.tif,KuroSiwo_COG_V8/567/s2/567_1_20210822T000454_cog.tif,s2,567,bilinear,256,DEFLATE,ok,gdal_translate COG 成功,2026-05-21T21:31:40.104629
/home/NAS/homes/chunen-10029/bigdata/final/S2_aoi_modify/567/567_1_20210902T235452.tif,/home/chunen/nas/bigdata/final/S2_aoi_modify/567/567_1_20210902T235452.tif,KuroSiwo_COG_V8/567/s2/567_1_20210902T235452_cog.tif,s2,567,bilinear,256,DEFLATE,ok,gdal_translate COG 成功,2026-05-21T21:31:41.224388
/home/NAS/homes/chunen-10029/bigdata/final/S2_aoi_modify/567/567_1_20210907T235456.tif,/home/chunen/nas/bigdata/final/S2_aoi_modify/567/567_1_20210907T235456.tif,KuroSiwo_COG_V8/567/s2/567_1_20210907T235456_cog.tif,s2,567,bilinear,256,DEFLATE,ok,gdal_translate COG 成功,2026-05-21T21:31:42.460479
/home/NAS/homes/chunen-10029/bigdata/final/S2_aoi_modify/567/567_1_20210921T000454.tif,/home/chunen/nas/bigdata/final/S2_aoi_modify/567/567_1_20210921T000454.tif,KuroSiwo_COG_V8/567/s2/567_1_20210921T000454_cog.tif,s2,567,bilinear,256,DEFLATE,ok,gdal_translate COG 成功,2026-05-21T21:31:44.353651
/home/NAS/homes/chunen-10029/bigdata/final/S2_aoi_modify/567/567_1_20220301T235452.tif,/home/chunen/nas/bigdata/final/S2_aoi_modify/567/567_1_20220301T235452.tif,KuroSiwo_COG_V8/567/s2/567_1_20220301T235452_cog.tif,s2,567,bilinear,256,DEFLATE,ok,gdal_translate COG 成功,2026-05-21T21:31:45.727954
/home/NAS/homes/chunen-10029/bigdata/final/S2_aoi_modify/567/567_1_20220306T235500.tif,/home/chunen/nas/bigdata/final/S2_aoi_modify/567/567_1_20220306T235500.tif,KuroSiwo_COG_V8/567/s2/567_1_20220306T235500_cog.tif,s2,567,bilinear,256,DEFLATE,ok,gdal_translate COG 成功,2026-05-21T21:31:46.888123
/home/NAS/homes/chunen-10029/bigdata/final/S2_aoi_modify/567/567_2_20210822T000555.tif,/home/chunen/nas/bigdata/final/S2_aoi_modify/567/567_2_20210822T000555.tif,KuroSiwo_COG_V8/567/s2/567_2_20210822T000555_cog.tif,s2,567,bilinear,256,DEFLATE,ok,gdal_translate COG 成功,2026-05-21T21:31:47.256792
/home/NAS/homes/chunen-10029/bigdata/final/S2_aoi_modify/567/567_2_20210901T000554.tif,/home/chunen/nas/bigdata/final/S2_aoi_modify/567/567_2_20210901T000554.tif,KuroSiwo_COG_V8/567/s2/567_2_20210901T000554_cog.tif,s2,567,bilinear,256,DEFLATE,ok,gdal_translate COG 成功,2026-05-21T21:31:47.625247
/home/NAS/homes/chunen-10029/bigdata/final/S2_aoi_modify/567/567_2_20210906T000550.tif,/home/chunen/nas/bigdata/final/S2_aoi_modify/567/567_2_20210906T000550.tif,KuroSiwo_COG_V8/567/s2/567_2_20210906T000550_cog.tif,s2,567,bilinear,256,DEFLATE,ok,gdal_translate COG 成功,2026-05-21T21:31:48.016649
/home/NAS/homes/chunen-10029/bigdata/final/S2_aoi_modify/567/567_2_20210921T000541.tif,/home/chunen/nas/bigdata/final/S2_aoi_modify/567/567_2_20210921T000541.tif,KuroSiwo_COG_V8/567/s2/567_2_20210921T000541_cog.tif,s2,567,bilinear,256,DEFLATE,ok,gdal_translate COG 成功,2026-05-21T21:31:48.400030
/home/NAS/homes/chunen-10029/bigdata/final/S2_aoi_modify/567/567_2_20220228T000556.tif,/home/chunen/nas/bigdata/final/S2_aoi_modify/567/567_2_20220228T000556.tif,KuroSiwo_COG_V8/567/s2/567_2_20220228T000556_cog.tif,s2,567,bilinear,256,DEFLATE,ok,gdal_translate COG 成功,2026-05-21T21:31:48.882713
/home/NAS/homes/chunen-10029/bigdata/final/S2_aoi_modify/567/567_2_20220305T000550.tif,/home/chunen/nas/bigdata/final/S2_aoi_modify/567/567_2_20220305T000550.tif,KuroSiwo_COG_V8/567/s2/567_2_20220305T000550_cog.tif,s2,567,bilinear,256,DEFLATE,ok,gdal_translate COG 成功,2026-05-21T21:31:49.328882
