{
"type": "FeatureCollection",
"name": "aoi",
"crs": { "type": "name", "properties": { "name": "urn:ogc:def:crs:OGC:1.3:CRS84" } },
"features": [
{ "type": "Feature", "properties": { "emsr_id": "EMSR497", "glide_no": "n/a", "area_id": "01", "locality": "Rhine", "map_type": "Delineation" }, "geometry": { "type": "Polygon", "coordinates": [ [ [ 6.216315279000071, 51.864554204000044 ], [ 6.216426980000051, 51.864553542000067 ], [ 6.218576854000048, 51.864575659000074 ], [ 6.219107095000027, 51.864579609000025 ], [ 6.220550284000068, 51.86458626700005 ], [ 6.221225783000023, 51.864586944000052 ], [ 6.22270099700006, 51.864583098000026 ], [ 6.223443697000049, 51.864578213000073 ], [ 6.224951356000076, 51.864562311000043 ], [ 6.225549165000075, 51.864554095000067 ], [ 6.225612615000045, 51.864552998000072 ], [ 6.22700846400005, 51.864528401000022 ], [ 6.227720373000068, 51.86451314400005 ], [ 6.229162751000047, 51.86447673300006 ], [ 6.229833251000058, 51.864457397000081 ], [ 6.231266581000056, 51.864410908000075 ], [ 6.231971991000023, 51.864385356000057 ], [ 6.233438917000058, 51.864326660000067 ], [ 6.23415092600004, 51.864295442000063 ], [ 6.235598796000033, 51.864226406000057 ], [ 6.23629617000006, 51.864190530000023 ], [ 6.237762406000058, 51.864109576000025 ], [ 6.237994530000037, 51.864096467000081 ], [ 6.238440538000019, 51.86406964400004 ], [ 6.239836311000033, 51.863982325000045 ], [ 6.240533994000032, 51.86393603300008 ], [ 6.242004151000059, 51.863832907000067 ], [ 6.242711558000053, 51.863780555000055 ], [ 6.244180476000053, 51.863666170000045 ], [ 6.244884479000063, 51.863608632000073 ], [ 6.24630954600002, 51.86348665600007 ], [ 6.246966318000033, 51.863428065000051 ], [ 6.248410413000045, 51.863294003000078 ], [ 6.24896813600003, 51.863240504000025 ], [ 6.249157447000072, 51.863221562000028 ], [ 6.250590320000072, 51.863076678000027 ], [ 6.251250420000075, 51.863007505000034 ], [ 6.252684532000046, 51.862851937000073 ], [ 6.253370147000055, 51.862774929000068 ], [ 6.254786034000063, 51.86261044400004 ], [ 6.255468502000041, 51.862528533000038 ], [ 6.256895060000033, 51.862351808000028 ], [ 6.257595101000049, 51.86226230100003 ], [ 6.259023745000036, 51.862073936000051 ], [ 6.259559220000028, 51.862001692000035 ], [ 6.26048594100007, 51.86187381700006 ], [ 6.260763087000044, 51.861835132000067 ], [ 6.261051471000029, 51.861793939000052 ], [ 6.261524002000044, 51.861725655000043 ], [ 6.262706835000074, 51.861546602000026 ], [ 6.264125353000054, 51.86132206700006 ], [ 6.265888008000047, 51.86102466300008 ], [ 6.267281963000073, 51.860774795000047 ], [ 6.267722782000021, 51.860694602000066 ], [ 6.269095823000043, 51.860429641000039 ], [ 6.270482746000027, 51.860150266000062 ], [ 6.272220701000038, 51.859781225000056 ], [ 6.273598555000034, 51.85947345400006 ], [ 6.274091033000047, 51.859361885000048 ], [ 6.275331893000043, 51.859066773000038 ], [ 6.276674157000058, 51.858736557000043 ], [ 6.27838035000002, 51.858297187000069 ], [ 6.279729163000071, 51.857934127000078 ], [ 6.280298881000022, 51.857778516000053 ], [ 6.281425521000073, 51.857457308000036 ], [ 6.282743534000076, 51.857070900000039 ], [ 6.284396594000042, 51.856566191000063 ], [ 6.285689879000074, 51.856155374000075 ], [ 6.286325136000073, 51.855950499000073 ], [ 6.287307391000069, 51.855621395000064 ], [ 6.288562742000067, 51.855191052000066 ], [ 6.290164608000054, 51.854621083000033 ], [ 6.291419134000023, 51.85415808100003 ], [ 6.292133488000047, 51.853890096000029 ], [ 6.293000582000047, 51.853552932000056 ], [ 6.294225279000045, 51.853067318000051 ], [ 6.295755565000035, 51.852439152000038 ], [ 6.296951172000036, 51.851931308000061 ], [ 6.297721626000055, 51.851598329000055 ], [ 6.298457986000074, 51.851269160000072 ], [ 6.299625237000043, 51.850738705000019 ], [ 6.301088824000033, 51.850051218000011 ], [ 6.302232760000038, 51.849495976000064 ], [ 6.303056412000047, 51.849088649000059 ], [ 6.303673548000063, 51.848773316000063 ], [ 6.304795795000075, 51.848191773000053 ], [ 6.306192841000041, 51.84744407800008 ], [ 6.307268607000026, 51.846849531000018 ], [ 6.30812081800002, 51.846369022000033 ], [ 6.308612231000041, 51.846083050000054 ], [ 6.309653573000048, 51.845469941000026 ], [ 6.310359556000036, 51.845047168000065 ], [ 6.310781892000023, 51.844793089000056 ], [ 6.311082346000034, 51.844618558000029 ], [ 6.311367896000036, 51.844458610000054 ], [ 6.311660363000043, 51.844300757000035 ], [ 6.311951064000027, 51.844149579000032 ], [ 6.312253914000052, 51.843997861000048 ], [ 6.31255826000006, 51.843851063000045 ], [ 6.312867044000028, 51.843707720000047 ], [ 6.313187236000032, 51.843564652000047 ], [ 6.313494971000067, 51.843432321000073 ], [ 6.313813932000072, 51.843300491000022 ], [ 6.314135657000064, 51.84317272800007 ], [ 6.314474731000075, 51.843043413000025 ], [ 6.314803462000043, 51.842923176000049 ], [ 6.315139537000049, 51.842805429000066 ], [ 6.315485793000049, 51.842689185000026 ], [ 6.315828207000037, 51.842579243000039 ], [ 6.316650906000063, 51.842326843000073 ], [ 6.316879220000032, 51.842256408000019 ], [ 6.318178363000072, 51.841853402000027 ], [ 6.319338449000042, 51.841483353000058 ], [ 6.319594202000076, 51.841398996000059 ], [ 6.320870377000062, 51.840975516000071 ], [ 6.322251433000076, 51.840502124000075 ], [ 6.323512032000052, 51.840056021000066 ], [ 6.324895748000074, 51.839550461000037 ], [ 6.326136821000034, 51.839082532000084 ], [ 6.326412840000045, 51.838977805000063 ], [ 6.327480665000054, 51.838560101000034 ], [ 6.328706286000056, 51.838069013000052 ], [ 6.330031887000075, 51.837521705000022 ], [ 6.331225155000026, 51.837014221000061 ], [ 6.33199754900005, 51.836679970000034 ], [ 6.332522672000038, 51.836446027000079 ], [ 6.333693631000074, 51.835918187000047 ], [ 6.334965529000044, 51.835328152000038 ], [ 6.336114266000038, 51.834779859000029 ], [ 6.337338762000059, 51.834178934000079 ], [ 6.33735934300006, 51.834168546000058 ], [ 6.338481884000032, 51.833601700000024 ], [ 6.339699074000065, 51.832969658000074 ], [ 6.34080066300004, 51.832381530000077 ], [ 6.341984887000024, 51.831731617000052 ], [ 6.343052669000032, 51.831129288000056 ], [ 6.343494911000049, 51.830877206000068 ], [ 6.344222322000063, 51.830450930000033 ], [ 6.345276324000054, 51.82982247700005 ], [ 6.346395818000076, 51.829136576000053 ], [ 6.347403612000051, 51.828502100000037 ], [ 6.348251403000063, 51.827956971000042 ], [ 6.348513640000021, 51.827783613000065 ], [ 6.349509113000067, 51.827121137000063 ], [ 6.35055776400003, 51.826404131000061 ], [ 6.351509016000022, 51.825735833000067 ], [ 6.352554476000023, 51.824980496000087 ], [ 6.353480862000026, 51.824292105000033 ], [ 6.353638122000064, 51.824174738000067 ], [ 6.354472870000051, 51.823534239000026 ], [ 6.355367345000047, 51.82283157300003 ], [ 6.356333600000028, 51.822050742000044 ], [ 6.357200583000065, 51.821329883000018 ], [ 6.357721341000058, 51.820889955000034 ], [ 6.35813278300003, 51.820532191000041 ], [ 6.358967547000019, 51.819796844000045 ], [ 6.359861233000061, 51.818986262000053 ], [ 6.360664352000071, 51.818236004000013 ], [ 6.361479219000045, 51.817452894000041 ], [ 6.361529584000039, 51.817402993000023 ], [ 6.362301195000043, 51.816637101000019 ], [ 6.362974756000027, 51.815951587000015 ], [ 6.363339963000043, 51.815570374000046 ], [ 6.366383818000031, 51.812427812000053 ], [ 6.366826955000022, 51.811962369000064 ], [ 6.366994731000033, 51.811783079000058 ], [ 6.367507264000039, 51.811223895000069 ], [ 6.368210530000055, 51.810440356000065 ], [ 6.368584863000024, 51.810016606000033 ], [ 6.368934591000027, 51.80960803400005 ], [ 6.369613971000034, 51.808801836000036 ], [ 6.370304951000037, 51.807954772000073 ], [ 6.370937634000028, 51.807153031000041 ], [ 6.371586865000039, 51.806302249000055 ], [ 6.371587716000022, 51.80630109500003 ], [ 6.372194243000024, 51.805478479000037 ], [ 6.372813180000037, 51.804608762000043 ], [ 6.373381909000045, 51.803780065000069 ], [ 6.373966498000072, 51.802895774000042 ], [ 6.374499729000036, 51.802057557000069 ], [ 6.374759135000033, 51.801642252000072 ], [ 6.375039661000073, 51.801174998000079 ], [ 6.37553581700007, 51.800330693000028 ], [ 6.376038635000042, 51.799438743000046 ], [ 6.376498059000027, 51.798588002000031 ], [ 6.376946139000041, 51.797722002000057 ], [ 6.376960685000028, 51.797692572000066 ], [ 6.377386178000051, 51.796830323000044 ], [ 6.377817830000026, 51.79591206800005 ], [ 6.378205292000074, 51.795045013000035 ], [ 6.378592681000043, 51.794131627000063 ], [ 6.378943929000058, 51.793256862000064 ], [ 6.379104181000059, 51.792847537000057 ], [ 6.379294411000045, 51.792332009000056 ], [ 6.379608202000042, 51.791451878000025 ], [ 6.379799415000035, 51.790894626000053 ], [ 6.380589171000054, 51.79094354100004 ], [ 6.38186986200003, 51.79101396500004 ], [ 6.383313566000026, 51.791083340000057 ], [ 6.384611879000034, 51.791136631000022 ], [ 6.386049477000029, 51.791185581000029 ], [ 6.386506595000071, 51.791189159000048 ], [ 6.387148988000035, 51.791216518000056 ], [ 6.387322853000057, 51.791220222000049 ], [ 6.388773922000041, 51.791249774000043 ], [ 6.39005836800004, 51.791267085000065 ], [ 6.391508520000059, 51.791276645000032 ], [ 6.392654996000032, 51.791277161000039 ], [ 6.393800952000049, 51.791270638000064 ], [ 6.394286478000026, 51.791266609000047 ], [ 6.402766296000038, 51.791173904000061 ], [ 6.403469654000048, 51.79116354000007 ], [ 6.403615543000057, 51.791160726000022 ], [ 6.404181708000067, 51.791149362000056 ], [ 6.40717814800007, 51.791040965000022 ], [ 6.408627683000019, 51.79096510800008 ], [ 6.409271619000037, 51.790929161000058 ], [ 6.412887063000027, 51.790643279000044 ], [ 6.414320759000019, 51.790501350000056 ], [ 6.414467900000034, 51.790486663000081 ], [ 6.418190640000034, 51.790033967000056 ], [ 6.418544773000065, 51.789982658000035 ], [ 6.419954496000059, 51.789775498000026 ], [ 6.423267269000064, 51.789223935000045 ], [ 6.424063721000039, 51.789071636000074 ], [ 6.425433971000074, 51.788802894000064 ], [ 6.428232845000025, 51.788204734000033 ], [ 6.429451651000022, 51.787912692000077 ], [ 6.430782997000051, 51.787582924000034 ], [ 6.433072501000026, 51.786980142000061 ], [ 6.434688970000025, 51.786510199000062 ], [ 6.435990056000036, 51.786116654000061 ], [ 6.437779817000034, 51.785551250000026 ], [ 6.439752416000032, 51.784870221000055 ], [ 6.440992329000038, 51.784422285000041 ], [ 6.442309264000072, 51.783931890000069 ], [ 6.444600431000025, 51.783005780000046 ], [ 6.445798020000042, 51.782496307000031 ], [ 6.446665579000069, 51.782119948000059 ], [ 6.449258843000052, 51.780903379000051 ], [ 6.450392338000028, 51.780339901000048 ], [ 6.450813444000062, 51.780128543000039 ], [ 6.452291415000047, 51.779353716000053 ], [ 6.452428459000032, 51.779279400000057 ], [ 6.45377576100003, 51.778525363000028 ], [ 6.45470526200006, 51.777988518000022 ], [ 6.454737074000035, 51.777970130000028 ], [ 6.45712936500007, 51.776503474000023 ], [ 6.458121437000044, 51.775858854000028 ], [ 6.458416697000075, 51.775665568000072 ], [ 6.460565206000068, 51.774166899000079 ], [ 6.461500343000068, 51.773476715000065 ], [ 6.461858342000028, 51.773209879000035 ], [ 6.463774546000024, 51.771685744000088 ], [ 6.464638796000031, 51.770958798000031 ], [ 6.465037326000072, 51.770619440000075 ], [ 6.466712044000076, 51.769094607000056 ], [ 6.46749724500006, 51.768338650000032 ], [ 6.46793559100007, 51.76791 ], [ 6.46939093800006, 51.766381571000061 ], [ 6.470099943000037, 51.765593092000067 ], [ 6.470546960000036, 51.765086427000028 ], [ 6.471776071000022, 51.763582703000047 ], [ 6.472399033000045, 51.76277404700005 ], [ 6.472853464000025, 51.762169796000087 ], [ 6.473864939000066, 51.760706507000066 ], [ 6.474402174000033, 51.759879144000067 ], [ 6.474848244000043, 51.759170619000031 ], [ 6.475653012000065, 51.757763718000035 ], [ 6.476107525000031, 51.756913492000074 ], [ 6.476528100000052, 51.756094050000065 ], [ 6.477151177000052, 51.754732419000035 ], [ 6.477520944000048, 51.75385925300003 ], [ 6.477885804000039, 51.752949558000061 ], [ 6.478339581000057, 51.751643170000072 ], [ 6.478618276000019, 51.750761550000036 ], [ 6.47891084400004, 51.749761362000072 ], [ 6.47920717200003, 51.748528744000055 ], [ 6.479396381000072, 51.74763590200007 ], [ 6.479601658000036, 51.746536581000036 ], [ 6.479760025000076, 51.745363891000061 ], [ 6.479857755000068, 51.744463338000052 ], [ 6.479954160000034, 51.743288714000073 ], [ 6.479988250000076, 51.742190654000069 ], [ 6.479994049000027, 51.741289637000079 ], [ 6.479966858000068, 51.740035065000029 ], [ 6.479893995000054, 51.739028631000046 ], [ 6.47980906400005, 51.738134847000019 ], [ 6.479731535000041, 51.737516121000048 ], [ 6.48015487300006, 51.73737291100008 ], [ 6.481414894000068, 51.736936612000072 ], [ 6.483583380000027, 51.736146894000058 ], [ 6.484815337000042, 51.735675599000039 ], [ 6.484931434000032, 51.735631066000046 ], [ 6.486868282000046, 51.734852570000044 ], [ 6.488068549000047, 51.734348755000042 ], [ 6.489285813000037, 51.733823561000058 ], [ 6.490077161000044, 51.733466399000051 ], [ 6.49123649200004, 51.732933782000032 ], [ 6.493139668000026, 51.732020796000029 ], [ 6.494257551000032, 51.731461093000057 ], [ 6.494572771000036, 51.731302129000028 ], [ 6.495579443000054, 51.730778864000051 ], [ 6.495740753000064, 51.730693063000047 ], [ 6.496668029000034, 51.730189115000016 ], [ 6.49759108400002, 51.729676567000062 ], [ 6.498509600000034, 51.729155382000037 ], [ 6.49975887000005, 51.728408990000048 ], [ 6.500787479000052, 51.727775718000032 ], [ 6.50222119600005, 51.726861085000053 ], [ 6.503014463000056, 51.726325942000067 ], [ 6.503983970000036, 51.725658456000076 ], [ 6.505692727000053, 51.724427075000051 ], [ 6.506070039000064, 51.724139378000068 ], [ 6.506979173000047, 51.723438798000068 ], [ 6.508912210000061, 51.721862057000067 ], [ 6.508927156000026, 51.721849135000063 ], [ 6.509770899000046, 51.721119330000072 ], [ 6.511574324000036, 51.71946408700007 ], [ 6.512355397000022, 51.718702354000065 ], [ 6.512645810000038, 51.71841616100005 ], [ 6.514012399000023, 51.716982249000054 ], [ 6.514721059000067, 51.716197710000067 ], [ 6.515252691000057, 51.715595735000079 ], [ 6.515890356000057, 51.714835399000037 ], [ 6.516245395000055, 51.714399438000029 ], [ 6.516747894000047, 51.713767066000052 ], [ 6.51703750100006, 51.713393412000066 ], [ 6.517427093000037, 51.712880429000037 ], [ 6.518037133000064, 51.712060453000035 ], [ 6.51818692200004, 51.711857458000054 ], [ 6.518525717000046, 51.711385553000063 ], [ 6.519107715000075, 51.710558947000038 ], [ 6.519580395000048, 51.709868020000037 ], [ 6.520119988000033, 51.709055800000037 ], [ 6.520560291000037, 51.708373305000066 ], [ 6.521084365000035, 51.707536241000064 ], [ 6.521286220000036, 51.707209117000041 ], [ 6.521508466000057, 51.706837435000061 ], [ 6.522004526000045, 51.705993580000033 ], [ 6.522407328000042, 51.705285478000064 ], [ 6.522875627000075, 51.704433999000052 ], [ 6.523254747000066, 51.703720352000055 ], [ 6.52369457900005, 51.702862365000051 ], [ 6.523911941000052, 51.702428895000025 ], [ 6.52404892800007, 51.702145323000082 ], [ 6.524459319000073, 51.701282886000051 ], [ 6.52478755200002, 51.700565816000044 ], [ 6.525165804000038, 51.699705649000066 ], [ 6.525604660000056, 51.698644258000051 ], [ 6.525883195000063, 51.697925289000061 ], [ 6.526119359000062, 51.697920838000073 ], [ 6.526190799000061, 51.697919464000044 ], [ 6.528592077000041, 51.697841266000061 ], [ 6.530044214000043, 51.697775124000025 ], [ 6.531421130000069, 51.697702110000073 ], [ 6.53248622800004, 51.697631457000057 ], [ 6.533919932000061, 51.697527987000058 ], [ 6.536375484000075, 51.697317508000019 ], [ 6.537802834000047, 51.697175713000036 ], [ 6.538036310000052, 51.697152213000031 ], [ 6.540216335000025, 51.696903184000064 ], [ 6.54163813100007, 51.696723183000067 ], [ 6.543172029000061, 51.696515462000043 ], [ 6.544053557000041, 51.696383733000054 ], [ 6.545462563000057, 51.696165895000028 ], [ 6.547830762000046, 51.695766392000046 ], [ 6.54921716900003, 51.695512750000034 ], [ 6.549625203000061, 51.695437082000062 ], [ 6.551576149000027, 51.695046830000074 ], [ 6.552944446000025, 51.69475638100004 ], [ 6.553635972000051, 51.694606539000056 ], [ 6.554668971000069, 51.694708854000055 ], [ 6.555449303000046, 51.694782749000069 ], [ 6.556884300000036, 51.694912406000078 ], [ 6.558101620000059, 51.695014192000023 ], [ 6.559538272000054, 51.69512466500003 ], [ 6.560784267000031, 51.695211954000058 ], [ 6.562223306000021, 51.695302947000073 ], [ 6.562369788000069, 51.695312092000052 ], [ 6.563464274000068, 51.695373019000037 ], [ 6.564903939000032, 51.695444589000033 ], [ 6.566125937000038, 51.695497239000076 ], [ 6.567564790000063, 51.695549711000069 ], [ 6.568817163000062, 51.695586910000031 ], [ 6.570259983000028, 51.695620016000071 ], [ 6.570361505000051, 51.695620165000037 ], [ 6.570468731000062, 51.695624570000057 ], [ 6.571493299000053, 51.695640121000061 ], [ 6.572935157000074, 51.695654050000023 ], [ 6.574189555000031, 51.695657701000066 ], [ 6.575637382000025, 51.695652145000047 ], [ 6.576875195000071, 51.695639148000048 ], [ 6.578312373000073, 51.695614482000046 ], [ 6.578581482000061, 51.695609472000051 ], [ 6.579547296000043, 51.695585067000074 ], [ 6.581004044000053, 51.695540664000063 ], [ 6.582261579000032, 51.695493784000064 ], [ 6.583710816000064, 51.695429893000025 ], [ 6.584466203000033, 51.695393493000033 ], [ 6.58463907500004, 51.69538445400007 ], [ 6.585438216000057, 51.695339196000077 ], [ 6.585978434000026, 51.695304658000047 ], [ 6.58723302900006, 51.69522073600006 ], [ 6.590043966000053, 51.694989226000075 ], [ 6.591470939000032, 51.694849481000055 ], [ 6.591873407000037, 51.69480915900003 ], [ 6.594458558000042, 51.694506654000065 ], [ 6.595859885000039, 51.694322054000047 ], [ 6.596987981000041, 51.694166102000054 ], [ 6.598788098000057, 51.693886482000032 ], [ 6.600188211000045, 51.693654087000027 ], [ 6.602045012000076, 51.693325136000048 ], [ 6.603123826000057, 51.693114664000049 ], [ 6.604504880000035, 51.692835965000029 ], [ 6.607010946000059, 51.692290366000051 ], [ 6.607368196000039, 51.692205976000075 ], [ 6.608711765000066, 51.691885423000024 ], [ 6.611506545000054, 51.691165916000038 ], [ 6.612821436000046, 51.69080205300002 ], [ 6.613166849000037, 51.690705623000035 ], [ 6.615553143000056, 51.689992192000034 ], [ 6.61683670900004, 51.689585673000067 ], [ 6.617845400000021, 51.689258388000034 ], [ 6.61950274000003, 51.68868574600004 ], [ 6.620755451000036, 51.688236024000048 ], [ 6.622376072000066, 51.687632034000039 ], [ 6.623343636000071, 51.687249607000069 ], [ 6.624554337000062, 51.686760518000028 ], [ 6.626733645000058, 51.685835453000031 ], [ 6.627049032000059, 51.685693908000069 ], [ 6.628217178000057, 51.685165908000037 ], [ 6.630630921000033, 51.684013273000055 ], [ 6.631746470000053, 51.68345090300005 ], [ 6.632019618000072, 51.683312340000036 ], [ 6.63404853000003, 51.682226815000028 ], [ 6.635121665000042, 51.681625193000052 ], [ 6.635937562000038, 51.681158877000016 ], [ 6.637321178000035, 51.68032536700008 ], [ 6.638344699000072, 51.679687860000051 ], [ 6.63963624300004, 51.678857097000041 ], [ 6.640441099000042, 51.678311275000048 ], [ 6.641412417000026, 51.677638766000015 ], [ 6.643101614000044, 51.676415024000036 ], [ 6.643387604000053, 51.67619643200004 ], [ 6.644294139000067, 51.675497940000071 ], [ 6.646151903000031, 51.673986275000054 ], [ 6.647013081000067, 51.673245664000035 ], [ 6.647171594000041, 51.673108663000043 ], [ 6.648731237000049, 51.671682899000068 ], [ 6.649501962000044, 51.670940619000078 ], [ 6.650042952000034, 51.670409441000054 ], [ 6.651069673000052, 51.669340675000051 ], [ 6.651794165000069, 51.668555927000057 ], [ 6.652657478000036, 51.667586466000039 ], [ 6.653245303000062, 51.666883087000024 ], [ 6.653896219000046, 51.666082742000064 ], [ 6.654979762000038, 51.664675354000046 ], [ 6.655196227000032, 51.664374094000038 ], [ 6.655783103000032, 51.663547133000058 ], [ 6.656944129000066, 51.661786292000045 ], [ 6.657461386000022, 51.660938501000032 ], [ 6.657529470000042, 51.660826344000036 ], [ 6.658464515000048, 51.659154194000045 ], [ 6.658903068000029, 51.658302874000064 ], [ 6.65918165000005, 51.65774660000006 ], [ 6.659750887000031, 51.656495406000019 ], [ 6.660117772000035, 51.655629473000033 ], [ 6.660525067000037, 51.654607632000072 ], [ 6.660810267000045, 51.653802674000076 ], [ 6.661102481000058, 51.652930430000019 ], [ 6.661552587000074, 51.651427484000067 ], [ 6.661645027000076, 51.651066171000082 ], [ 6.661867564000033, 51.650166879000032 ], [ 6.662249630000076, 51.648298602000068 ], [ 6.662392240000031, 51.647417394000065 ], [ 6.662408712000058, 51.647314100000074 ], [ 6.662615933000041, 51.645546380000035 ], [ 6.662685109000051, 51.644653177000066 ], [ 6.662722495000025, 51.644073029000026 ], [ 6.662745608000022, 51.642385139000055 ], [ 6.662723923000043, 51.641483102000045 ], [ 6.662698049000027, 51.640818198000034 ], [ 6.662507910000045, 51.638868849000048 ], [ 6.662382758000035, 51.637983940000026 ], [ 6.662322839000069, 51.637585642000033 ], [ 6.661869483000032, 51.63541643100006 ], [ 6.661643257000037, 51.634542681000028 ], [ 6.661600375000034, 51.634379446000075 ], [ 6.660860136000053, 51.63207218500002 ], [ 6.660832760000062, 51.631999692000086 ], [ 6.660503997000034, 51.631133109000075 ], [ 6.659550350000075, 51.628933398000072 ], [ 6.659399765000045, 51.628630033000043 ], [ 6.658972249000043, 51.627782046000057 ], [ 6.657905274000028, 51.625857990000043 ], [ 6.657583520000059, 51.625339170000061 ], [ 6.65706214100004, 51.624517410000074 ], [ 6.655935053000063, 51.622863120000034 ], [ 6.655398279000052, 51.622147935000029 ], [ 6.65477892100006, 51.621345769000065 ], [ 6.653641808000031, 51.619951449000034 ], [ 6.652849588000038, 51.619060724000065 ], [ 6.652149329000053, 51.618299016000037 ], [ 6.651049818000047, 51.617152861000072 ], [ 6.649959554000077, 51.616103849000069 ], [ 6.649304330000064, 51.615496783000033 ], [ 6.649343563000058, 51.615416445000044 ], [ 6.649508737000075, 51.615070526000054 ], [ 6.649913645000027, 51.61420666600003 ], [ 6.65012710900004, 51.613739523000049 ], [ 6.650279323000063, 51.613397656000068 ], [ 6.651028924000058, 51.613452683000041 ], [ 6.651034718000062, 51.613453036000053 ], [ 6.65248256700005, 51.613541185000031 ], [ 6.654733633000035, 51.613650589000024 ], [ 6.656173902000034, 51.613702953000029 ], [ 6.656741907000026, 51.613707362000063 ], [ 6.657688251000024, 51.613745583000082 ], [ 6.658435556000029, 51.613757484000061 ], [ 6.659874182000067, 51.613774581000015 ], [ 6.662134837000052, 51.613773860000023 ], [ 6.663572497000074, 51.61375585800004 ], [ 6.66434369600006, 51.613742985000044 ], [ 6.665939358000059, 51.613695931000045 ], [ 6.666387402000054, 51.613678845000031 ], [ 6.667195190000029, 51.613649640000055 ], [ 6.669525390000046, 51.613535866000063 ], [ 6.670961019000059, 51.613447515000075 ], [ 6.670989231000021, 51.613445775000059 ], [ 6.673207081000044, 51.613281543000028 ], [ 6.674638415000061, 51.613158011000039 ], [ 6.676166924000028, 51.613013064000022 ], [ 6.676891290000071, 51.61293522200004 ], [ 6.678314411000031, 51.612776465000067 ], [ 6.680514317000075, 51.612503460000028 ], [ 6.681923503000064, 51.612310771000075 ], [ 6.682704984000053, 51.612200361000063 ], [ 6.684127230000057, 51.611981050000047 ], [ 6.685520865000057, 51.611754412000039 ], [ 6.687703482000074, 51.611370772000043 ], [ 6.689085423000051, 51.611109495000051 ], [ 6.689129780000029, 51.611101097000066 ], [ 6.691235916000039, 51.610674064000072 ], [ 6.69259927500002, 51.610379488000028 ], [ 6.694070136000049, 51.610047696000031 ], [ 6.69474918000003, 51.609884949000048 ], [ 6.696122979000052, 51.609549472000019 ], [ 6.69744694000002, 51.609214315000024 ], [ 6.697780517000068, 51.609126858000081 ], [ 6.699266933000047, 51.608721731000053 ], [ 6.699487581000027, 51.60865892900005 ], [ 6.700450665000062, 51.608383273000072 ], [ 6.703616905000047, 51.607402743000073 ], [ 6.703774687000021, 51.607349868000021 ], [ 6.70504171500005, 51.606923682000051 ], [ 6.708153751000054, 51.605797400000029 ], [ 6.708712974000036, 51.605577420000024 ], [ 6.709926469000037, 51.605093975000045 ], [ 6.712505975000056, 51.604004042000028 ], [ 6.713429965000045, 51.603581758000068 ], [ 6.714584752000063, 51.60304290900006 ], [ 6.716654939000022, 51.602030149000022 ], [ 6.717920342000069, 51.601362248000036 ], [ 6.719010243000071, 51.600769989000064 ], [ 6.720581632000062, 51.599883875000046 ], [ 6.722103808000043, 51.598959802000074 ], [ 6.722225267000056, 51.598883300000061 ], [ 6.722245773000054, 51.598870376000029 ], [ 6.723136887000067, 51.598308514000053 ], [ 6.724261454000043, 51.597579192000062 ], [ 6.726030872000023, 51.596342915000037 ], [ 6.726966232000052, 51.595658232000062 ], [ 6.72768310300006, 51.595123041000079 ], [ 6.72960916900007, 51.593571887000053 ], [ 6.730461226000045, 51.592845541000024 ], [ 6.730829841000059, 51.592527677000064 ], [ 6.732855929000038, 51.590636514000025 ], [ 6.733615684000028, 51.58987629500006 ], [ 6.733682861000035, 51.589808910000038 ], [ 6.735565755000038, 51.587769231000038 ], [ 6.735735674000068, 51.587568848000046 ], [ 6.736407147000023, 51.586770881000071 ], [ 6.737901723000049, 51.584859205000036 ], [ 6.738250511000047, 51.58436758200002 ], [ 6.738822789000039, 51.583544333000063 ], [ 6.739912996000044, 51.581860574000068 ], [ 6.74037693200006, 51.581059594000067 ], [ 6.740852148000045, 51.580207644000033 ], [ 6.74159558100007, 51.578779245000064 ], [ 6.742107356000075, 51.577655283000055 ], [ 6.742479622000075, 51.576783999000028 ], [ 6.742938463000029, 51.575634142000069 ], [ 6.743426552000074, 51.574183023000032 ], [ 6.743692723000037, 51.573301478000069 ], [ 6.743934383000066, 51.57244408300005 ], [ 6.744325478000063, 51.570675216000019 ], [ 6.744486057000073, 51.569786122000039 ], [ 6.74458076600007, 51.569221672000019 ], [ 6.744770079000034, 51.56763328400006 ], [ 6.744845097000052, 51.56673478600004 ], [ 6.744895609000024, 51.565975051000059 ], [ 6.744922465000059, 51.56502645300003 ], [ 6.744928860000072, 51.564130540000065 ], [ 6.744894875000056, 51.562726265000038 ], [ 6.74487, 51.562338925000056 ], [ 6.744798221000052, 51.56135405100008 ], [ 6.744607854000037, 51.55964319100007 ], [ 6.744486144000064, 51.558830615000034 ], [ 6.744447392000041, 51.558581270000047 ], [ 6.744182351000063, 51.557203633000029 ], [ 6.743982467000023, 51.556310721000038 ], [ 6.743747793000067, 51.555356190000055 ], [ 6.743537826000022, 51.554619772000088 ], [ 6.743270161000055, 51.553734499000029 ], [ 6.742736887000034, 51.552164109000039 ], [ 6.742694633000042, 51.552052871000058 ], [ 6.742359575000023, 51.551177001000042 ], [ 6.742064164000054, 51.55043939200003 ], [ 6.742217362000075, 51.550370918000048 ], [ 6.742412152000043, 51.550283168000078 ], [ 6.743567964000021, 51.549760187000054 ], [ 6.745074380000062, 51.549054825000049 ], [ 6.746215670000026, 51.548501994000041 ], [ 6.747504105000075, 51.547859217000052 ], [ 6.747707095000067, 51.547754455000067 ], [ 6.748829655000066, 51.547172393000039 ], [ 6.750255336000065, 51.546408270000029 ], [ 6.751322045000051, 51.54581739300005 ], [ 6.752525646000038, 51.545131427000044 ], [ 6.752710691000061, 51.545022447000058 ], [ 6.753759995000053, 51.544401721000035 ], [ 6.755121450000047, 51.543569197000068 ], [ 6.756138891000034, 51.542926085000033 ], [ 6.757255159000066, 51.542200455000057 ], [ 6.757444403000022, 51.542073325000032 ], [ 6.758422987000074, 51.54141273100003 ], [ 6.759692123000035, 51.540527046000079 ], [ 6.760642424000024, 51.539841366000076 ], [ 6.761665904000039, 51.539081923000012 ], [ 6.761850566000021, 51.53894026100005 ], [ 6.762746635000042, 51.538249259000054 ], [ 6.763905568000041, 51.537325067000033 ], [ 6.76477535500004, 51.536607599000035 ], [ 6.765722094000068, 51.535803681000068 ], [ 6.765893554000058, 51.535652950000042 ], [ 6.766727053000068, 51.534916196000033 ], [ 6.767784484000059, 51.533948372000047 ], [ 6.768570510000075, 51.533203122000032 ], [ 6.769430632000024, 51.53236242000002 ], [ 6.76961201000006, 51.532178354000052 ], [ 6.770428470000069, 51.53134417100005 ], [ 6.771417496000026, 51.530294034000065 ], [ 6.772067262000063, 51.529576536000036 ], [ 6.772705690000065, 51.528852212000054 ], [ 6.773038490000032, 51.528464126000067 ], [ 6.773108428000056, 51.528382316000034 ], [ 6.773763492000056, 51.527590104000069 ], [ 6.774092443000029, 51.527179865000051 ], [ 6.77509793200005, 51.525859425000071 ], [ 6.775546466000037, 51.525221655000045 ], [ 6.776111397000022, 51.52439672600007 ], [ 6.777098155000032, 51.52285859400007 ], [ 6.777739818000043, 51.521730492000074 ], [ 6.778202665000038, 51.520871624000044 ], [ 6.778764922000049, 51.519769904000043 ], [ 6.77948002200003, 51.518150243000029 ], [ 6.779827576000058, 51.517284492000044 ], [ 6.780079911000029, 51.516629969000057 ], [ 6.780753674000038, 51.514521272000067 ], [ 6.780990476000056, 51.513644042000053 ], [ 6.781043563000026, 51.513443940000052 ], [ 6.781526755000073, 51.511110417000054 ], [ 6.781568673000038, 51.510826278000074 ], [ 6.781695845000058, 51.509925044000056 ], [ 6.78189144700002, 51.507860936000029 ], [ 6.781915584000045, 51.507094176000059 ], [ 6.781928408000055, 51.506202703000035 ], [ 6.781895150000025, 51.504616548000058 ], [ 6.78179123700005, 51.503379415000033 ], [ 6.78169136100007, 51.502485262000043 ], [ 6.781539602000066, 51.501374890000072 ], [ 6.781193205000021, 51.49965088000004 ], [ 6.780978469000048, 51.498757505000064 ], [ 6.780823784000063, 51.498149468000058 ], [ 6.780120494000074, 51.495952229000061 ], [ 6.779792967000048, 51.495072532000052 ], [ 6.779751962000033, 51.494963168000019 ], [ 6.778767690000053, 51.492691879000063 ], [ 6.778559931000075, 51.492276959000037 ], [ 6.778105022000034, 51.491387346000053 ], [ 6.777092788000061, 51.489576009000075 ], [ 6.776478221000047, 51.488606515000072 ], [ 6.775906749000057, 51.487741825000057 ], [ 6.775070867000068, 51.486539618000045 ], [ 6.774033896000049, 51.485194264000029 ], [ 6.773429286000066, 51.484449777000066 ], [ 6.772791595000058, 51.483687278000048 ], [ 6.771303082000032, 51.482061109000021 ], [ 6.771107597000024, 51.481859890000067 ], [ 6.771396072000074, 51.481534355000065 ], [ 6.771857019000038, 51.481003709000042 ], [ 6.773053890000027, 51.479515608000035 ], [ 6.77341745700005, 51.479036182000065 ], [ 6.773879418000035, 51.478411614000038 ], [ 6.774292725000066, 51.477824538000043 ], [ 6.774525357000073, 51.47748592600005 ], [ 6.775313564000043, 51.476278640000039 ], [ 6.77583137800002, 51.475442415000025 ], [ 6.776063665000038, 51.475060860000035 ], [ 6.77682494000004, 51.473706818000025 ], [ 6.777273475000072, 51.472854971000054 ], [ 6.777714844000058, 51.471979171000037 ], [ 6.778120717000036, 51.471095542000057 ], [ 6.778498911000042, 51.470230573000038 ], [ 6.77905942600006, 51.468839997000032 ], [ 6.779201493000072, 51.468445151000026 ], [ 6.779508358000044, 51.46756923800006 ], [ 6.779829465000034, 51.466587287000031 ], [ 6.779853574000071, 51.466507937000074 ], [ 6.780116442000064, 51.46557591200007 ], [ 6.780182707000051, 51.465315366000027 ], [ 6.780383331000053, 51.464507401000041 ], [ 6.780799709000064, 51.462434404000064 ], [ 6.780886443000043, 51.461813857000031 ], [ 6.780999088000043, 51.460918471000063 ], [ 6.781149582000069, 51.459190752000026 ], [ 6.781175985000061, 51.45808107200002 ], [ 6.781175164000046, 51.457182921000019 ], [ 6.781139612000061, 51.455939669000017 ], [ 6.78099310600004, 51.454345649000054 ], [ 6.780878829000073, 51.453450158000066 ], [ 6.780769895000049, 51.452696656000043 ], [ 6.780338258000028, 51.450627653000026 ], [ 6.780111225000041, 51.449740915000056 ], [ 6.780042275000028, 51.44947785800008 ], [ 6.779298733000075, 51.447171242000081 ], [ 6.779216505000021, 51.446956216000046 ], [ 6.778878105000047, 51.446083160000057 ], [ 6.777977071000067, 51.444026884000039 ], [ 6.777634266000063, 51.443350629000044 ], [ 6.777249736000043, 51.442617245000058 ], [ 6.777738888000044, 51.44224823800004 ], [ 6.77864856900004, 51.441552585000061 ], [ 6.778660263000063, 51.441543640000077 ], [ 6.77913236200004, 51.441177507000077 ], [ 6.780026960000043, 51.440474325000082 ], [ 6.780498458000068, 51.440098606000049 ], [ 6.781377912000038, 51.439388117000078 ], [ 6.781845024000063, 51.439005472000076 ], [ 6.782709074000024, 51.438287734 ], [ 6.783174119000023, 51.437895920000074 ], [ 6.784022607000054, 51.43717079200006 ], [ 6.784431449000067, 51.436816891000028 ], [ 6.784470509000072, 51.436782602000044 ], [ 6.785303318000046, 51.436050575000081 ], [ 6.786088465000034, 51.435342608000035 ], [ 6.786893375000034, 51.434597895000081 ], [ 6.788151523000066, 51.433381674000032 ], [ 6.788907717000029, 51.432617305000051 ], [ 6.788908915000035, 51.432616093000036 ], [ 6.790142962000061, 51.43130751700005 ], [ 6.790849242000035, 51.430521024000029 ], [ 6.791488942000057, 51.429788874000053 ], [ 6.791887246000044, 51.429311556000073 ], [ 6.792542603000071, 51.428511620000045 ], [ 6.793557031000034, 51.427209325000035 ], [ 6.794160300000043, 51.426393474000065 ], [ 6.794403525000063, 51.426060083000031 ], [ 6.795088995000071, 51.425068066000037 ], [ 6.79563919100002, 51.424237728000023 ], [ 6.796384832000057, 51.423053526000039 ], [ 6.796481239000059, 51.422890888000047 ], [ 6.796977552000043, 51.422047358000043 ], [ 6.797732892000055, 51.420679134000075 ], [ 6.798174446000075, 51.419823814000026 ], [ 6.79852287600005, 51.419124573000026 ], [ 6.798839190000024, 51.41844181000004 ], [ 6.799225461000048, 51.417576082000039 ], [ 6.79980275300005, 51.416173636000046 ], [ 6.800132899000061, 51.415298946000057 ], [ 6.800203451000072, 51.415109733000058 ], [ 6.800618668000027, 51.413885317000052 ], [ 6.800892318000024, 51.413002906000024 ], [ 6.801201159000072, 51.41191832800007 ], [ 6.801287187000071, 51.411576471000039 ], [ 6.801503763000028, 51.410687994000057 ], [ 6.801806082000041, 51.40925490000005 ], [ 6.801965367000037, 51.408361662000047 ], [ 6.802057937000029, 51.407802944000075 ], [ 6.802175738000074, 51.406918353000023 ], [ 6.80227732000003, 51.406021860000052 ], [ 6.802394285000047, 51.404578918000034 ], [ 6.802438195000036, 51.403680561000044 ], [ 6.802439203000063, 51.403659748000045 ], [ 6.802462299000068, 51.402230774000024 ], [ 6.802448268000034, 51.401331981000048 ], [ 6.802414853000073, 51.400407990000069 ], [ 6.802379267000049, 51.399887204000031 ], [ 6.802307504000055, 51.398989537000041 ], [ 6.802145898000048, 51.397548757000031 ], [ 6.802016579000052, 51.396653667000066 ], [ 6.801957466000032, 51.396267727000058 ], [ 6.801761629000054, 51.395213344000069 ], [ 6.801574754000058, 51.394322128000049 ], [ 6.801269460000071, 51.39304451400006 ], [ 6.801228025000056, 51.392892139000011 ], [ 6.800984078000056, 51.392006516000023 ], [ 6.800545672000054, 51.390586195000019 ], [ 6.800244989000021, 51.389707359000049 ], [ 6.799981076000052, 51.388973549000063 ], [ 6.799716052000065, 51.388300137000044 ], [ 6.799359089000062, 51.387429338000054 ], [ 6.798737783000035, 51.386031445000064 ], [ 6.798325160000047, 51.385170697000021 ], [ 6.798228353000069, 51.384970857000042 ], [ 6.797619216000043, 51.383798564000074 ], [ 6.797151614000029, 51.382948456000072 ], [ 6.796542499000053, 51.381894681000055 ], [ 6.796353196000041, 51.381586739000056 ], [ 6.795831460000045, 51.380749487000053 ], [ 6.794952450000039, 51.379418243000032 ], [ 6.794377413000063, 51.378594466000031 ], [ 6.793997624000042, 51.378062182000058 ], [ 6.793406290000063, 51.377276381000051 ], [ 6.792778707000024, 51.376467862000013 ], [ 6.791727663000073, 51.375180256000078 ], [ 6.791048719000059, 51.374388184000061 ], [ 6.791019384000037, 51.374354005000036 ], [ 6.789918111000077, 51.373130389000025 ], [ 6.789188998000043, 51.372356002000046 ], [ 6.788402156000074, 51.37154492600007 ], [ 6.787975975000051, 51.371124889000043 ], [ 6.787197686000069, 51.370369399000033 ], [ 6.785901331000048, 51.369165067000033 ], [ 6.785075230000075, 51.368430047000061 ], [ 6.784701354000049, 51.368101317000026 ], [ 6.78423273800007, 51.367700013000047 ], [ 6.784027433000063, 51.367526722000036 ], [ 6.783695928000042, 51.367249704000066 ], [ 6.783037422000063, 51.36670490300002 ], [ 6.782549360000075, 51.366306906000034 ], [ 6.781666480000069, 51.36559723400007 ], [ 6.781091353000022, 51.365142536000057 ], [ 6.780190459000039, 51.364441945000053 ], [ 6.779758112000025, 51.364109787000075 ], [ 6.779608206000034, 51.363996482000054 ], [ 6.778689541000062, 51.363304984000074 ], [ 6.778094917000033, 51.362864614000046 ], [ 6.777158668000026, 51.362182391000033 ], [ 6.776555893000022, 51.361750174000051 ], [ 6.775602481000021, 51.361077421000047 ], [ 6.774987436000059, 51.360650342000035 ], [ 6.77401684700004, 51.359987097000037 ], [ 6.773494268000036, 51.359634746000033 ], [ 6.773385336000046, 51.359562475000068 ], [ 6.772398028000054, 51.358909242000031 ], [ 6.771767476000036, 51.358498601000065 ], [ 6.77076356200007, 51.357855070000014 ], [ 6.770115285000031, 51.357446103000022 ], [ 6.76909525600007, 51.356812824000031 ], [ 6.768435731000068, 51.356409868000071 ], [ 6.76739954200002, 51.355786838000022 ], [ 6.766783291000023, 51.355421733000064 ], [ 6.766726799000025, 51.355388799000075 ], [ 6.765674870000055, 51.354776360000066 ], [ 6.765001003000065, 51.354390229000046 ], [ 6.764433002000032, 51.35406991200005 ], [ 6.764698467000073, 51.353911320000059 ], [ 6.765731199000072, 51.353290378000047 ], [ 6.766148324000027, 51.353037015000027 ], [ 6.766617264000046, 51.352749278000026 ], [ 6.767247455000074, 51.352356557000064 ], [ 6.767792339000039, 51.352011689000051 ], [ 6.76897185100006, 51.351242647000042 ], [ 6.769363829000041, 51.350976693000064 ], [ 6.770332842000072, 51.350312530000039 ], [ 6.772281622000037, 51.348905216000041 ], [ 6.773192919000053, 51.348211565000035 ], [ 6.773323046000029, 51.348112153000031 ], [ 6.775032711000051, 51.346734264000069 ], [ 6.775893077000034, 51.346004959000027 ], [ 6.776463575000037, 51.34551269100006 ], [ 6.777597846000049, 51.344478594000066 ], [ 6.778382974000067, 51.343735311000046 ], [ 6.779328404000069, 51.342809804000069 ], [ 6.779953636000072, 51.342161451000038 ], [ 6.780682626000043, 51.341387161000064 ], [ 6.781927752000058, 51.339994869000058 ], [ 6.782132021000052, 51.339751828000033 ], [ 6.782799483000076, 51.338950247000064 ], [ 6.784106549000057, 51.337275995000027 ], [ 6.784703048000039, 51.336458872000037 ], [ 6.784844735000036, 51.336263230000043 ], [ 6.785871225000051, 51.334742061000028 ], [ 6.78640017300006, 51.333905063000032 ], [ 6.786802328000021, 51.333250072000048 ], [ 6.78742506900005, 51.332151437000043 ], [ 6.787885223000046, 51.331295858000033 ], [ 6.788460675000067, 51.330164438000054 ], [ 6.78876262400007, 51.329512746000027 ], [ 6.78914922000007, 51.32864792700007 ], [ 6.789809925000043, 51.32702523100005 ], [ 6.78987614500005, 51.326843018000034 ], [ 6.790190230000064, 51.325968252000052 ], [ 6.790765561000057, 51.32414750800006 ], [ 6.79100661700005, 51.323265693000053 ], [ 6.79108810200006, 51.322959677000014 ], [ 6.79143238000006, 51.321422365000039 ], [ 6.791601839000066, 51.320525313000076 ], [ 6.791737933000036, 51.319728959000031 ], [ 6.791875429000072, 51.318663308000048 ], [ 6.791969830000029, 51.317765664000035 ], [ 6.792068047000043, 51.316482958000051 ], [ 6.792088547000048, 51.315897687000067 ], [ 6.792108423000059, 51.314995525000029 ], [ 6.792088551000063, 51.313430612000047 ], [ 6.79205948300006, 51.312817848000066 ], [ 6.792048947000069, 51.312615042000054 ], [ 6.792009534000045, 51.31204492300003 ], [ 6.791986116000032, 51.311758709000046 ], [ 6.791931419000036, 51.311181097000016 ], [ 6.791834408000056, 51.310279364000039 ], [ 6.791725641000028, 51.309421429000061 ], [ 6.791596546000051, 51.308537256000079 ], [ 6.79154400300007, 51.308195373000039 ], [ 6.791454591000047, 51.307678664000036 ], [ 6.791289626000037, 51.306785557000062 ], [ 6.79111466200004, 51.305928549000029 ], [ 6.790915489000041, 51.305038034000056 ], [ 6.790706401000023, 51.304178816000039 ], [ 6.790472726000075, 51.303290675000028 ], [ 6.79044642100007, 51.303191553000033 ], [ 6.790231237000057, 51.302437025000067 ], [ 6.789963664000027, 51.301553246000026 ], [ 6.789676857000074, 51.300666899000078 ], [ 6.789376213000025, 51.299794238000047 ], [ 6.789191140000071, 51.299275625000057 ], [ 6.789097473000027, 51.299022637000057 ], [ 6.788994721000051, 51.298754205000066 ], [ 6.78869448100005, 51.297982893000025 ], [ 6.788245450000033, 51.296902415000034 ], [ 6.78786165100007, 51.29603433700003 ], [ 6.787432639000031, 51.29511200600006 ], [ 6.787347203000023, 51.294938618000053 ], [ 6.786919408000074, 51.294078120000052 ], [ 6.786348920000022, 51.292991683000068 ], [ 6.785876116000054, 51.29213723600003 ], [ 6.785316599000055, 51.291170880000038 ], [ 6.785251899000059, 51.291064432000034 ], [ 6.784739529000034, 51.290225440000022 ], [ 6.784061352000037, 51.289165604000054 ], [ 6.783503131000031, 51.288331758000027 ], [ 6.782801182000071, 51.287326442000044 ], [ 6.78277835700004, 51.287295105000062 ], [ 6.782187876000023, 51.286485397000035 ], [ 6.781407928000021, 51.285459054000057 ], [ 6.780767770000068, 51.284649822000063 ], [ 6.779935071000067, 51.283637735000063 ], [ 6.779261935000021, 51.282850404000037 ], [ 6.779229428000064, 51.282812436000029 ], [ 6.778603763000034, 51.28210204100003 ], [ 6.780112252000038, 51.281561508000031 ], [ 6.781344880000063, 51.281104125000063 ], [ 6.782547382000075, 51.280645308000032 ], [ 6.783357409000074, 51.280321670000035 ], [ 6.784565305000058, 51.279830080000075 ], [ 6.786526721000029, 51.278995130000048 ], [ 6.787703336000049, 51.27847162200004 ], [ 6.788046043000065, 51.278317948000044 ], [ 6.789595005000025, 51.277592749000064 ], [ 6.790723542000022, 51.277045537000035 ], [ 6.792144921000044, 51.27633341500006 ], [ 6.792558368000073, 51.276117385000077 ], [ 6.793660464000026, 51.275535998000059 ], [ 6.795478998000021, 51.274534757000019 ], [ 6.796594192000042, 51.27389408500003 ], [ 6.79717600500004, 51.273555148000071 ], [ 6.798298802000033, 51.272873544000056 ], [ 6.799255751000032, 51.272276539000067 ], [ 6.800778152000021, 51.271289735000032 ], [ 6.800843696000071, 51.271245518000057 ], [ 6.80181711800003, 51.270587710000022 ], [ 6.803378172000065, 51.26948844300005 ], [ 6.80431097500002, 51.268803826000052 ], [ 6.805149639000034, 51.26817386000004 ], [ 6.805807969000057, 51.267658102000041 ], [ 6.806694012000036, 51.266950698000073 ], [ 6.808108809000032, 51.265772088000055 ], [ 6.808944695000037, 51.265045137000072 ], [ 6.809146356000042, 51.264868632000059 ], [ 6.810283874000049, 51.263828462000056 ], [ 6.811076540000045, 51.263075621000034 ], [ 6.812013602000036, 51.262155520000078 ], [ 6.812339950000024, 51.261819996000042 ], [ 6.813082903000065, 51.261046655000023 ], [ 6.814254067000036, 51.259769009000074 ], [ 6.814940604000072, 51.258983174000029 ], [ 6.815308605000041, 51.25855508800003 ], [ 6.816022556000063, 51.257682385000059 ], [ 6.816654196000058, 51.256883630000061 ], [ 6.817588737000051, 51.255642851000061 ], [ 6.817657438000026, 51.255546562000049 ], [ 6.818243449000021, 51.254721957000072 ], [ 6.819157540000048, 51.253361175000059 ], [ 6.81968867100005, 51.25252275500003 ], [ 6.820130318000054, 51.25180318200006 ], [ 6.820514126000034, 51.251137306000018 ], [ 6.820983174000048, 51.250297764000038 ], [ 6.821711157000038, 51.248904315000054 ], [ 6.822130350000066, 51.248042938000026 ], [ 6.822212896000052, 51.247871793000066 ], [ 6.822772706000023, 51.246618610000027 ], [ 6.823134696000067, 51.245747901000065 ], [ 6.82353404600002, 51.244726349000061 ], [ 6.823684343000024, 51.244304430000057 ], [ 6.823990473000037, 51.243420089000033 ], [ 6.824444951000031, 51.241962706000038 ], [ 6.824691299000051, 51.241075926000065 ], [ 6.824806459000057, 51.24064598000006 ], [ 6.825046323000037, 51.239622961000066 ], [ 6.825233780000075, 51.238734970000053 ], [ 6.825471596000057, 51.237424125000068 ], [ 6.82549414500005, 51.23727223500002 ], [ 6.825623266000036, 51.236382048000046 ], [ 6.825788136000028, 51.234912565000059 ], [ 6.825859507000074, 51.234014135000038 ], [ 6.82586281600004, 51.233716717000043 ], [ 6.825905524000063, 51.233287025000031 ], [ 6.825928370000041, 51.232540304000047 ], [ 6.825940960000025, 51.231644191000036 ], [ 6.825924508000071, 51.23040875100002 ], [ 6.825887889000056, 51.229508762000073 ], [ 6.825869747000069, 51.229137883000078 ], [ 6.825838452000028, 51.228673826000019 ], [ 6.82576851400006, 51.227774257000071 ], [ 6.825689658000044, 51.226953001000034 ], [ 6.825586952000037, 51.226054556000065 ], [ 6.825477216000023, 51.225228140000063 ], [ 6.825342300000045, 51.224336390000076 ], [ 6.825305377000063, 51.224100597000074 ], [ 6.825202542000056, 51.223513337000043 ], [ 6.825034550000054, 51.222621466000064 ], [ 6.824636678000047, 51.220876774000025 ], [ 6.824635337000074, 51.220871774000031 ], [ 6.824395777000063, 51.219978707000053 ], [ 6.823654699000032, 51.217677306000034 ], [ 6.823352301000057, 51.216911706000076 ], [ 6.822989855000059, 51.216035296000022 ], [ 6.822311335000052, 51.214529919000029 ], [ 6.821532511000044, 51.213050282000033 ], [ 6.821521889000052, 51.213031478000062 ], [ 6.822686568000051, 51.212518072000073 ], [ 6.824562656000069, 51.211630804000023 ], [ 6.825689745000033, 51.211074618000048 ], [ 6.826778651000041, 51.210523609000049 ], [ 6.828614868000044, 51.209529102000033 ], [ 6.829681901000072, 51.208925944000036 ], [ 6.830654307000031, 51.208363352000049 ], [ 6.832431183000041, 51.207264303000038 ], [ 6.83342531200003, 51.206621986000073 ], [ 6.834288652000054, 51.206051800000054 ], [ 6.835997170000041, 51.204845108000022 ], [ 6.83692486700005, 51.204159452000049 ], [ 6.837676853000062, 51.203591935000077 ], [ 6.839291420000052, 51.202287517000059 ], [ 6.840142669000045, 51.201566137000036 ], [ 6.840798364000022, 51.200998986000052 ], [ 6.842307581000057, 51.19959771300006 ], [ 6.843081278000056, 51.198841575000074 ], [ 6.843573361000039, 51.198350779000073 ], [ 6.846860723000019, 51.19834373500003 ], [ 6.847341240000048, 51.198331543000045 ], [ 6.848759620000067, 51.198291792000077 ], [ 6.852015445000063, 51.198141925000066 ], [ 6.854320152000071, 51.197964414000062 ], [ 6.855749330000037, 51.197835775000037 ], [ 6.857156044000021, 51.197697901000033 ], [ 6.860826608000025, 51.197230534000013 ], [ 6.861260149000032, 51.197164857000068 ], [ 6.862649468000029, 51.196950772000037 ], [ 6.865829864000033, 51.196399099000061 ], [ 6.868003798000075, 51.195949133000049 ], [ 6.869361423000043, 51.195649064000065 ], [ 6.87072929200002, 51.195334364000061 ], [ 6.874183761000041, 51.194425657000068 ], [ 6.874549669000031, 51.194319445000076 ], [ 6.875842464000073, 51.193940700000049 ], [ 6.878828842000075, 51.192998055000032 ], [ 6.879643827000052, 51.192716376000078 ], [ 6.88030389100004, 51.192483824000071 ], [ 6.882724653000025, 51.191581017000019 ], [ 6.883095519000051, 51.19143358000008 ], [ 6.883656711000071, 51.191208578000051 ], [ 6.886391167000055, 51.19004097800007 ], [ 6.888300348000029, 51.189135230000026 ], [ 6.889413195000031, 51.188583922000078 ], [ 6.890465609000046, 51.18804973400006 ], [ 6.893270763000032, 51.186491070000038 ], [ 6.895174939000071, 51.185306835000048 ], [ 6.896175552000044, 51.184654663000053 ], [ 6.896908099000028, 51.184168205000049 ], [ 6.899365068000065, 51.182392637000071 ], [ 6.901202686000032, 51.180894452000068 ], [ 6.902045065000038, 51.180168932000072 ], [ 6.902474184000027, 51.179794305000023 ], [ 6.904540948000032, 51.17783227100005 ], [ 6.906177108000064, 51.176050429000043 ], [ 6.906850024000049, 51.175266578000048 ], [ 6.907071870000038, 51.175005586000033 ], [ 6.908713137000063, 51.172890707000079 ], [ 6.910059365000052, 51.170832944000033 ], [ 6.910561979000022, 51.169991517000028 ], [ 6.910633322000023, 51.169871430000057 ], [ 6.911821114000076, 51.167639936000057 ], [ 6.912774117000026, 51.165364370000063 ], [ 6.912798940000073, 51.165295783000033 ], [ 6.913115831000026, 51.164416247000077 ], [ 6.913805142000058, 51.162174942000036 ], [ 6.914277417000051, 51.159840625000058 ], [ 6.914315094000074, 51.159578524000025 ], [ 6.914438493000033, 51.15868358200003 ], [ 6.914612876000035, 51.154243828000055 ], [ 6.91458235400006, 51.153800469000032 ], [ 6.914511889000038, 51.152904810000052 ], [ 6.914281383000059, 51.151000768000067 ], [ 6.91377684400004, 51.148669128000058 ], [ 6.913606190000053, 51.148067280000078 ], [ 6.913345194000044, 51.147189997000048 ], [ 6.912770011000021, 51.145485946000065 ], [ 6.912044716000025, 51.143758873000081 ], [ 6.912543486000061, 51.143465974000037 ], [ 6.912860155000033, 51.143276326000034 ], [ 6.913888228000075, 51.142655877000038 ], [ 6.914685571000064, 51.142165169000059 ], [ 6.915689702000066, 51.141534998000047 ], [ 6.916491107000069, 51.141021871000063 ], [ 6.917489869000065, 51.140369428000042 ], [ 6.918207887000051, 51.139891700000085 ], [ 6.918264891000035, 51.139853014000039 ], [ 6.919240977000071, 51.139189598000037 ], [ 6.919592866000073, 51.138948227000071 ], [ 6.919646991000036, 51.138910760000044 ], [ 6.920803881000039, 51.138084845000037 ], [ 6.921679223000068, 51.137440274000028 ], [ 6.922567101000026, 51.136770153000036 ], [ 6.923791484000049, 51.135788572000074 ], [ 6.924654874000055, 51.135071073000063 ], [ 6.925693993000038, 51.134179338000081 ], [ 6.926667073000033, 51.133288664000077 ], [ 6.927461149000067, 51.132537877000054 ], [ 6.928551729000048, 51.131466049000032 ], [ 6.92928930000005, 51.130690396000027 ], [ 6.930007426000032, 51.129913154000064 ], [ 6.931124860000067, 51.12864553800005 ], [ 6.931659525000042, 51.127993035000017 ], [ 6.93230064100004, 51.127190585000051 ], [ 6.933404406000022, 51.12572781700004 ], [ 6.933760483000071, 51.125216497000039 ], [ 6.934323221000056, 51.124391019000029 ], [ 6.935382015000073, 51.122724138000081 ], [ 6.935589216000039, 51.122366936000049 ], [ 6.936070544000074, 51.12152330900004 ], [ 6.937048634000063, 51.119648717000075 ], [ 6.937138455000023, 51.11945722400003 ], [ 6.93753794500003, 51.118596732000064 ], [ 6.938398799000026, 51.116512406000027 ], [ 6.938407287000075, 51.116488960000019 ], [ 6.938724154000056, 51.115612300000066 ], [ 6.939288561000068, 51.113847571000065 ], [ 6.939449493000041, 51.113269987000059 ], [ 6.939588627000035, 51.112748073000034 ], [ 6.939752575000057, 51.112061740000058 ], [ 6.939822088000027, 51.111750323000066 ], [ 6.940128538000067, 51.110102194000021 ], [ 6.940173649000029, 51.109783949000061 ], [ 6.94029389800005, 51.108890797000065 ], [ 6.940475580000053, 51.106860210000036 ], [ 6.940497679000031, 51.105962961000046 ], [ 6.940501995000034, 51.105064907000042 ], [ 6.940462166000031, 51.103609015000075 ], [ 6.940324740000052, 51.102123157000051 ], [ 6.940211477000048, 51.10122075400006 ], [ 6.940086773000075, 51.10035923800006 ], [ 6.939651879000053, 51.098294830000036 ], [ 6.939423317000035, 51.097407709000031 ], [ 6.939352848000055, 51.097140560000057 ], [ 6.938606469000035, 51.09483480200003 ], [ 6.938492954000026, 51.094540170000059 ], [ 6.938152152000043, 51.093671579000045 ], [ 6.937281513000072, 51.091696119000062 ], [ 6.93698467300004, 51.091108109000054 ], [ 6.970392645000061, 51.074792024000033 ], [ 6.97090991400006, 51.074540089000031 ], [ 6.971057807000022, 51.074467813000055 ], [ 6.971593660000053, 51.074205046000024 ], [ 6.994109006000031, 51.063196351000023 ], [ 6.994824355000048, 51.062840624000039 ], [ 6.995937974000071, 51.062277677000054 ], [ 6.996673676000056, 51.061899374000063 ], [ 6.997228614000051, 51.061605364000044 ], [ 6.998315492000074, 51.061022043000037 ], [ 6.999585481000053, 51.060319708000058 ], [ 7.000648558000022, 51.059713983000051 ], [ 7.001617446000068, 51.05914892900006 ], [ 7.001880246000041, 51.058991065000036 ], [ 7.002908129000048, 51.058369647000056 ], [ 7.004095802000052, 51.057630266000032 ], [ 7.005094132000067, 51.05699027800005 ], [ 7.006252931000063, 51.05622519800005 ], [ 7.007223208000027, 51.055565399000038 ], [ 7.007239370000036, 51.055554404000077 ], [ 7.008348244000046, 51.054777341000033 ], [ 7.009285782000062, 51.054100796000057 ], [ 7.010369426000068, 51.053295206000023 ], [ 7.011275925000064, 51.052600859000037 ], [ 7.011529209000059, 51.052405454000045 ], [ 7.012319878000028, 51.051776861000064 ], [ 7.013187476000041, 51.051071050000068 ], [ 7.01419142700007, 51.05022909500007 ], [ 7.015031668000063, 51.049502486000051 ], [ 7.015492762000064, 51.049097878000055 ], [ 7.01600082300007, 51.048637906000074 ], [ 7.016804923000051, 51.047897658000061 ], [ 7.017731296000021, 51.04701734300005 ], [ 7.018500937000056, 51.04626208500008 ], [ 7.019122485000024, 51.045638165000064 ], [ 7.019391404000032, 51.04535913900002 ], [ 7.020129086000054, 51.044585821000041 ], [ 7.021639434000065, 51.042901400000055 ], [ 7.022304636000058, 51.042110543000028 ], [ 7.022372867000057, 51.042029172000071 ], [ 7.024004041000068, 51.03991251900004 ], [ 7.024083171000028, 51.039800147000037 ], [ 7.024662490000027, 51.038973625000025 ], [ 7.025991267000052, 51.036906592000037 ], [ 7.026174038000021, 51.036590271000065 ], [ 7.026652090000027, 51.035750689000054 ], [ 7.027321740000047, 51.034461997000044 ], [ 6.906105509000042, 51.005644553000081 ], [ 6.906273636000037, 51.006463876000048 ], [ 6.906493071000056, 51.007349812000022 ], [ 6.906611569000062, 51.007808745000034 ], [ 6.907130705000043, 51.009495001000062 ], [ 6.907435510000028, 51.010372487000033 ], [ 6.907659896000041, 51.010992191000064 ], [ 6.908278911000024, 51.012490562000039 ], [ 6.90866801800007, 51.013355613000037 ], [ 6.908894279000036, 51.013845361000051 ], [ 6.901665541000057, 51.017376331000037 ], [ 6.901592058000062, 51.017412280000023 ], [ 6.901093285000059, 51.017656697000064 ], [ 6.900612762000037, 51.017890576000063 ], [ 6.90053826600007, 51.017926896000056 ], [ 6.864389259000062, 51.035568758000061 ], [ 6.86434708400003, 51.035578355000034 ], [ 6.864042868000069, 51.035643407000059 ], [ 6.863736944000038, 51.035704657000039 ], [ 6.863426166000067, 51.035762691000059 ], [ 6.863124220000032, 51.035815070000062 ], [ 6.862769504000028, 51.035871946000043 ], [ 6.862337180000054, 51.035936197000062 ], [ 6.852942320000067, 51.037281443000026 ], [ 6.852419879000024, 51.03735785700006 ], [ 6.852300542000024, 51.037375770000033 ], [ 6.851938542000028, 51.037430366000073 ], [ 6.848898892000022, 51.037945046000047 ], [ 6.847533180000029, 51.038201932000042 ], [ 6.847090511000033, 51.03828642700006 ], [ 6.843560437000065, 51.039050562000043 ], [ 6.842799393000063, 51.039236983000066 ], [ 6.841471451000075, 51.03956917000005 ], [ 6.838789080000026, 51.040290675000051 ], [ 6.836907374000019, 51.040859484000052 ], [ 6.835635378000063, 51.041262166000088 ], [ 6.834175048000076, 51.041741201000036 ], [ 6.831263427000066, 51.042801094000026 ], [ 6.83004876600006, 51.043273847000073 ], [ 6.829734015000041, 51.043397238000054 ], [ 6.826637080000068, 51.04471090100003 ], [ 6.825917049000053, 51.045043807000063 ], [ 6.824775979000036, 51.045580069000025 ], [ 6.822541766000028, 51.046685600000039 ], [ 6.820888221000074, 51.047580563000054 ], [ 6.819817537000063, 51.048182802000035 ], [ 6.818672168000035, 51.048844903000031 ], [ 6.816223606000052, 51.050390591000053 ], [ 6.815247658000033, 51.051045239000068 ], [ 6.815064623000068, 51.051168594000046 ], [ 6.812611587000048, 51.052942472000026 ], [ 6.811987066000028, 51.053433784000042 ], [ 6.811105480000037, 51.054139885000033 ], [ 6.809466048000046, 51.055519713000081 ], [ 6.80818477300005, 51.05670287800006 ], [ 6.807404713000039, 51.057454914000061 ], [ 6.806620834000057, 51.058232153000063 ], [ 6.804848052000068, 51.060173244000048 ], [ 6.804173312000045, 51.060968278000068 ], [ 6.804088597000032, 51.06106847300002 ], [ 6.802446716000077, 51.06318191200004 ], [ 6.802010882000046, 51.063808591000047 ], [ 6.801452392000043, 51.064632849000077 ], [ 6.800469039000062, 51.066182724000051 ], [ 6.799688755000034, 51.067588612000065 ], [ 6.799244581000038, 51.06844541100002 ], [ 6.798834480000039, 51.069269886000036 ], [ 6.797900924000032, 51.07148211100008 ], [ 6.797579229000064, 51.072355422000044 ], [ 6.797556335000024, 51.07241782300008 ], [ 6.796897715000057, 51.074499496000037 ], [ 6.79680601700005, 51.074841704000036 ], [ 6.796746248000033, 51.075069191000075 ], [ 6.796427338000057, 51.076485225000056 ], [ 6.79632105500002, 51.077035613000085 ], [ 6.796162774000038, 51.077953390000054 ], [ 6.795958421000022, 51.079798151000027 ], [ 6.795895660000041, 51.080697015000041 ], [ 6.795876518000057, 51.083553806000047 ], [ 6.795915466000053, 51.084118981000074 ], [ 6.795988368000053, 51.085014218000019 ], [ 6.796204168000031, 51.086796655000057 ], [ 6.79652612700005, 51.08842614200006 ], [ 6.796736008000039, 51.089321065000028 ], [ 6.796912080000026, 51.090023667000018 ], [ 6.797651312000027, 51.092330243000042 ], [ 6.797791763000021, 51.092696233000019 ], [ 6.798134692000076, 51.093569765000041 ], [ 6.798971555000037, 51.095474956000025 ], [ 6.79968397500005, 51.09684078500004 ], [ 6.800153309000052, 51.097683337000028 ], [ 6.800652131000049, 51.098543562000025 ], [ 6.802092153000046, 51.100714950000047 ], [ 6.802192908000052, 51.100853125000071 ], [ 6.802792265000051, 51.101670500000068 ], [ 6.804354196000078, 51.103639734000069 ], [ 6.805311635000066, 51.104715046000074 ], [ 6.806034528000055, 51.105495237000063 ], [ 6.80695533000005, 51.106454324000012 ], [ 6.807458602000053, 51.106951239000061 ], [ 6.805110157000058, 51.106962409000054 ], [ 6.802692707000062, 51.107048958000057 ], [ 6.801267334000045, 51.107119073000028 ], [ 6.799955692000026, 51.107193163000026 ], [ 6.796251225000048, 51.107506852000029 ], [ 6.795657279000067, 51.107571682000078 ], [ 6.794254796000074, 51.107729556000031 ], [ 6.791184709000048, 51.108130114000069 ], [ 6.788737381000033, 51.108529918000038 ], [ 6.787356653000074, 51.108776108000015 ], [ 6.786196043000074, 51.108991420000052 ], [ 6.782659599000056, 51.109753628000078 ], [ 6.78196579300004, 51.109922563000055 ], [ 6.780628125000021, 51.110254578000081 ], [ 6.777872081000054, 51.11099168100003 ], [ 6.775439997000034, 51.111734233000035 ], [ 6.774161024000022, 51.112148500000039 ], [ 6.773244610000062, 51.112451963000069 ], [ 6.770011761000034, 51.113633473000057 ], [ 6.769276699000044, 51.113927670000059 ], [ 6.76808913900004, 51.114410996000053 ], [ 6.765720816000055, 51.115428760000043 ], [ 6.763518989000033, 51.116478584000042 ], [ 6.762406095000074, 51.117036329000022 ], [ 6.761647289000052, 51.117423319000061 ], [ 6.758842060000062, 51.118978839000079 ], [ 6.758168192000027, 51.11938444400004 ], [ 6.757141301000046, 51.120012693000035 ], [ 6.75517734400006, 51.121274669000059 ], [ 6.753281835000053, 51.122619870000044 ], [ 6.752363856000044, 51.123305070000072 ], [ 6.751800259000048, 51.12373238900004 ], [ 6.749530392000054, 51.125602268000073 ], [ 6.748945043000048, 51.12612849900006 ], [ 6.748138096000048, 51.126867895000025 ], [ 6.746652546000063, 51.128300909000068 ], [ 6.745173337000039, 51.129894703000048 ], [ 6.744486149000068, 51.130680732000023 ], [ 6.744102329000043, 51.131127178000035 ], [ 6.742455153000036, 51.133239684000031 ], [ 6.742013119000034, 51.133873033000036 ], [ 6.74145132700005, 51.13469944600007 ], [ 6.740469122000036, 51.13624183600006 ], [ 6.739837214000032, 51.137360509000075 ], [ 6.73956500600002, 51.137868825000055 ], [ 6.739001754000071, 51.138979819000042 ], [ 6.738845584000046, 51.139311808000059 ], [ 6.738685657000076, 51.139657892000066 ], [ 6.738039175000039, 51.14118055200003 ], [ 6.737700631000052, 51.14205425400008 ], [ 6.73754234200004, 51.142473660000064 ], [ 6.736964664000027, 51.14424884900005 ], [ 6.736713387000066, 51.145133931000032 ], [ 6.73657737600007, 51.145634740000041 ], [ 6.735884091000059, 51.145709041000025 ], [ 6.732418584000071, 51.146150152000075 ], [ 6.731024205000039, 51.146356031000039 ], [ 6.731001885000068, 51.14635932900007 ], [ 6.727567020000038, 51.146938790000014 ], [ 6.726183081000044, 51.14720150800008 ], [ 6.726006277000066, 51.147235265000063 ], [ 6.722798909000061, 51.14791709900004 ], [ 6.721463282000058, 51.14822900800003 ], [ 6.721130327000025, 51.14830750200008 ], [ 6.718178519000047, 51.149069811000054 ], [ 6.716870500000026, 51.149434728000074 ], [ 6.716368445000056, 51.149576611000036 ], [ 6.714256703000046, 51.150214227000042 ], [ 6.713453025000034, 51.150469745000059 ], [ 6.712212118000024, 51.150876322000045 ], [ 6.711667826000053, 51.151062407000033 ], [ 6.711202515000025, 51.15122354500005 ], [ 6.708509716000038, 51.152217211000035 ], [ 6.708362943000053, 51.152275008000053 ], [ 6.707161918000054, 51.152749528000065 ], [ 6.704200981000041, 51.15400199000004 ], [ 6.70319273800004, 51.154468416000043 ], [ 6.702042003000031, 51.15501304400005 ], [ 6.700085217000036, 51.155981796000042 ], [ 6.698314319000075, 51.156937206000059 ], [ 6.697256830000072, 51.157531674000033 ], [ 6.696218069000054, 51.158130230000033 ], [ 6.693791042000043, 51.159652245000075 ], [ 6.69280300300005, 51.160310111000051 ], [ 6.692587763000062, 51.160454212000047 ], [ 6.690124187000037, 51.162225352000064 ], [ 6.689642801000048, 51.162600260000033 ], [ 6.688755635000064, 51.163300723000077 ], [ 6.686962701000027, 51.164794413000038 ], [ 6.68591437300006, 51.165748855000061 ], [ 6.685120858000061, 51.166496789000064 ], [ 6.684093879000044, 51.167500419000071 ], [ 6.682617382000045, 51.169086366000037 ], [ 6.681928685000059, 51.169871421000032 ], [ 6.68153778800007, 51.170324647000015 ], [ 6.679886328000065, 51.172436204000057 ], [ 6.679776857000036, 51.172589515000027 ], [ 6.679191468000056, 51.173414477000051 ], [ 6.677872501000023, 51.175436073000064 ], [ 6.677410694000058, 51.17623888200005 ], [ 6.67694288900003, 51.177083303000074 ], [ 6.676205444000061, 51.178509452000071 ], [ 6.675545923000072, 51.179996019000036 ], [ 6.67518754200006, 51.180876369000032 ], [ 6.674882171000036, 51.181663276000052 ], [ 6.674185987000043, 51.18385703400002 ], [ 6.673950871000044, 51.184740268000041 ], [ 6.673920692000023, 51.184854773000033 ], [ 6.673436008000066, 51.187187946000037 ], [ 6.673356455000032, 51.187746277000024 ], [ 6.673239686000045, 51.188644555000039 ], [ 6.673078363000059, 51.190434320000065 ], [ 6.673049944000069, 51.191677749000071 ], [ 6.673054120000073, 51.192572715000033 ], [ 6.673086548000072, 51.19368225300007 ], [ 6.673270772000023, 51.195594965000055 ], [ 6.673394962000032, 51.196488620000075 ], [ 6.673459663000073, 51.196923672000075 ], [ 6.67376024600003, 51.198476733000057 ], [ 6.67382625500005, 51.198765249000068 ], [ 6.673943945000076, 51.19925560400003 ], [ 6.674209520000033, 51.200312616000062 ], [ 6.669825056000035, 51.207229416000061 ], [ 6.669411283000044, 51.207901571000036 ], [ 6.668940181000039, 51.208720227000065 ], [ 6.668644561000065, 51.20925404900003 ], [ 6.667915122000068, 51.210664238000049 ], [ 6.666949112000053, 51.212937620000055 ], [ 6.666842810000048, 51.213230798000026 ], [ 6.666530081000076, 51.214110233000035 ], [ 6.665909055000042, 51.216125244000061 ], [ 6.665423588000067, 51.218458363000074 ], [ 6.665323310000076, 51.219179049000054 ], [ 6.665210574000071, 51.22009544400003 ], [ 6.665072908000069, 51.224075770000063 ], [ 6.665160780000065, 51.225195060000026 ], [ 6.665252617000021, 51.226083144000022 ], [ 6.665413379000029, 51.227311621000062 ], [ 6.665906069000072, 51.229644148000027 ], [ 6.666331614000057, 51.231073386000041 ], [ 6.666622919000076, 51.23195287500004 ], [ 6.666932054000029, 51.232830933000059 ], [ 6.66790562500006, 51.235103113000037 ], [ 6.668813127000021, 51.236818516000021 ], [ 6.669237488000022, 51.237557944000066 ], [ 6.668570160000058, 51.237970220000079 ], [ 6.666903101000059, 51.239043938000066 ], [ 6.666388053000047, 51.239394427000029 ], [ 6.665426643000045, 51.240057411000066 ], [ 6.663472793000039, 51.24147741500007 ], [ 6.663369319000026, 51.241556935000062 ], [ 6.66246770400005, 51.242251845000055 ], [ 6.660538987000052, 51.243825058000027 ], [ 6.659696478000057, 51.244552953000031 ], [ 6.659449251000068, 51.24476820700005 ], [ 6.657903970000063, 51.246195263000068 ], [ 6.657125681000024, 51.246952426000064 ], [ 6.656590808000032, 51.247482870000049 ], [ 6.655480885000031, 51.248654078000065 ], [ 6.65477160100005, 51.249435835000035 ], [ 6.654009561000065, 51.250303275000071 ], [ 6.653952748000052, 51.250370276000062 ], [ 6.653904005000072, 51.250427907000066 ], [ 6.652880056000071, 51.251698645000026 ], [ 6.65230685800003, 51.252446365000026 ], [ 6.65173190200005, 51.253219709000064 ], [ 6.650526117000027, 51.255021931000044 ], [ 6.65000724600003, 51.255860574000053 ], [ 6.649780689000067, 51.256232843000078 ], [ 6.648577887000044, 51.258461444000027 ], [ 6.648498320000044, 51.258627895000075 ], [ 6.648090419000027, 51.259488740000052 ], [ 6.647201911000025, 51.261595464000024 ], [ 6.646941997000056, 51.26233197200002 ], [ 6.646644722000076, 51.263218261000077 ], [ 6.646175483000036, 51.264789779000061 ], [ 6.645868670000027, 51.266113989000068 ], [ 6.64568863900007, 51.26700745800008 ], [ 6.645508386000073, 51.268016247000034 ], [ 6.645292214000051, 51.269926039000033 ], [ 6.645228849000033, 51.270823448000044 ], [ 6.645204632000059, 51.273614561000031 ], [ 6.645211900000048, 51.273744089000033 ], [ 6.64526491600003, 51.274642819000057 ], [ 6.645505454000045, 51.276861072000017 ], [ 6.645626626000023, 51.27755822700005 ], [ 6.645795937000059, 51.278451383000053 ], [ 6.64616690400004, 51.280086814000065 ], [ 6.646535132000055, 51.281341425000051 ], [ 6.646819223000023, 51.282221350000043 ], [ 6.647185407000051, 51.283274139000063 ], [ 6.647650201000033, 51.284433171000039 ], [ 6.647857977000059, 51.284917122000088 ], [ 6.648366768000073, 51.286030416000074 ], [ 6.648371297000039, 51.286039748000057 ], [ 6.648557893000031, 51.286424145000069 ], [ 6.649128200000063, 51.287534033000043 ], [ 6.649592686000062, 51.288390131000021 ], [ 6.650226506000023, 51.289498425000026 ], [ 6.650468786000033, 51.289894106000077 ], [ 6.650990517000025, 51.290731364000067 ], [ 6.651971543000059, 51.292207848000025 ], [ 6.652552460000038, 51.293030094000059 ], [ 6.652767754000024, 51.293331082000059 ], [ 6.653637841000034, 51.29447837500004 ], [ 6.654276665000054, 51.295283684000026 ], [ 6.655069007000066, 51.29624586500006 ], [ 6.655460029000039, 51.296695904000053 ], [ 6.656154077000052, 51.297481307000055 ], [ 6.657441145000063, 51.29886415400005 ], [ 6.658190488000059, 51.299629545000073 ], [ 6.658391574000063, 51.299833405000072 ], [ 6.659566402000053, 51.300967486000047 ], [ 6.660370010000064, 51.301712145000067 ], [ 6.661283092000076, 51.302533345000036 ], [ 6.661323418000051, 51.30256851300004 ], [ 6.661565917000076, 51.302779720000039 ], [ 6.661769324000033, 51.302955754000038 ], [ 6.662370992000035, 51.303473144000051 ], [ 6.662374250000028, 51.303475945000059 ], [ 6.667933505000065, 51.308254837000057 ], [ 6.65025491800003, 51.31223915900005 ], [ 6.650085396000065, 51.312277537000057 ], [ 6.64991727000006, 51.312315787000045 ], [ 6.649246653000033, 51.312471321000025 ], [ 6.64881047700004, 51.312575694000024 ], [ 6.647471625000036, 51.312899974000054 ], [ 6.645543855000027, 51.313392231000073 ], [ 6.644224456000074, 51.313746739000067 ], [ 6.64312072000007, 51.31405193300003 ], [ 6.64233378700004, 51.314280254000046 ], [ 6.641035676000058, 51.314664361000041 ], [ 6.639184905000036, 51.315237705000065 ], [ 6.637909671000045, 51.315650785000059 ], [ 6.637180988000068, 51.315890979000073 ], [ 6.636076563000073, 51.316271217000065 ], [ 6.634826069000041, 51.316712994000049 ], [ 6.633042549000038, 51.317369871000039 ], [ 6.63181819500005, 51.317839588000034 ], [ 6.631455423000034, 51.317979922000056 ], [ 6.629195378000077, 51.318908410000056 ], [ 6.628015105000031, 51.319418566000081 ], [ 6.627154006000068, 51.319798100000057 ], [ 6.624175835000074, 51.321231135000062 ], [ 6.623995105000062, 51.321324525000072 ], [ 6.622892437000075, 51.321896680000052 ], [ 6.620250691000024, 51.323355209000063 ], [ 6.619142631000044, 51.324023533000052 ], [ 6.618124549000072, 51.324654248000066 ], [ 6.616577926000047, 51.325650105000079 ], [ 6.614670680000074, 51.326992221000062 ], [ 6.613745312000048, 51.327677076000029 ], [ 6.61317703800006, 51.328104291000038 ], [ 6.610891276000074, 51.32997120900005 ], [ 6.610645407000049, 51.330187919000075 ], [ 6.609819966000031, 51.330921176000068 ], [ 6.607979623000062, 51.332660989000026 ], [ 6.607082510000055, 51.333596321000059 ], [ 6.606363434000058, 51.334372438000052 ], [ 6.605382854000026, 51.335474873000059 ], [ 6.604016882000052, 51.337183686000039 ], [ 6.603409821000071, 51.337996317000027 ], [ 6.603114678000053, 51.338397802000031 ], [ 6.601677276000032, 51.340571606000026 ], [ 6.601463287000057, 51.340933625000041 ], [ 6.600973062000036, 51.341776820000064 ], [ 6.599979551000046, 51.343642811000045 ], [ 6.599449857000024, 51.344806568000067 ], [ 6.599080275000062, 51.345673599000065 ], [ 6.598637587000042, 51.346782532000077 ], [ 6.597990803000073, 51.348771891000069 ], [ 6.597744686000055, 51.349655799000054 ], [ 6.597658411000054, 51.349974083000056 ], [ 6.597167849000073, 51.352306805000062 ], [ 6.597094637000055, 51.352808007000071 ], [ 6.596974068000065, 51.353702344000055 ], [ 6.59680136700007, 51.355548956000057 ], [ 6.596771007000029, 51.35687188200005 ], [ 6.596776784000042, 51.357769073000043 ], [ 6.596806983000021, 51.358799004000048 ], [ 6.597021189000031, 51.360940888000073 ], [ 6.597153421000029, 51.361834459000072 ], [ 6.597184854000034, 51.362040401000044 ], [ 6.597675288000062, 51.364373139000058 ], [ 6.597844560000055, 51.36498243300008 ], [ 6.598102328000039, 51.365865196000073 ], [ 6.598666234000063, 51.36756356000005 ], [ 6.599233143000049, 51.368958675000037 ], [ 6.599614340000073, 51.369823844000038 ], [ 6.600020256000051, 51.370701420000039 ], [ 6.601180132000025, 51.372848517000065 ], [ 6.601681871000038, 51.373688963000063 ], [ 6.601730340000073, 51.373769853000042 ], [ 6.603169084000057, 51.375943584000026 ], [ 6.603664488000049, 51.376609612000024 ], [ 6.604282803000046, 51.377419135000068 ], [ 6.605450407000035, 51.378863265000049 ], [ 6.60667348100003, 51.38022314400007 ], [ 6.607403717000068, 51.38099532100005 ], [ 6.608060816000034, 51.381672979000022 ], [ 6.610150132000058, 51.383629159000051 ], [ 6.610176679000062, 51.383652315000063 ], [ 6.61101306200004, 51.384381230000031 ], [ 6.613276068000061, 51.386224501000065 ], [ 6.614154155000051, 51.386877765000065 ], [ 6.615090109000049, 51.387557507000047 ], [ 6.616691997000032, 51.388672917000051 ], [ 6.618573770000069, 51.389871965000047 ], [ 6.619602080000049, 51.390497234000058 ], [ 6.620380090000026, 51.390961515000072 ], [ 6.623208302000022, 51.39251236500008 ], [ 6.623389511000028, 51.392604961000067 ], [ 6.624502192000024, 51.393171156000044 ], [ 6.627305520000049, 51.394510267000051 ], [ 6.627503825000076, 51.394598701000064 ], [ 6.62806598700007, 51.394848272000047 ], [ 6.629075464000038, 51.395286343000066 ], [ 6.62969329200007, 51.39554837200005 ], [ 6.630585678000045, 51.395919287000019 ], [ 6.631791496000061, 51.396410385000074 ], [ 6.63281941200006, 51.396819376000039 ], [ 6.632979313000021, 51.39688129000006 ], [ 6.634204001000056, 51.397353753000047 ], [ 6.635405857000023, 51.397804827000058 ], [ 6.636648723000064, 51.398258473000055 ], [ 6.637885370000049, 51.398697094000056 ], [ 6.639145694000034, 51.399131298000043 ], [ 6.639805606000039, 51.399355141000051 ], [ 6.640366984000025, 51.399540115000036 ], [ 6.641643897000051, 51.399955229000057 ], [ 6.642913438000051, 51.40035553000007 ], [ 6.64420622700004, 51.400750677000076 ], [ 6.645480343000031, 51.401128060000083 ], [ 6.646788273000027, 51.401503228000074 ], [ 6.647057796000069, 51.401580011000078 ], [ 6.648065891000044, 51.401857986000024 ], [ 6.649388221000038, 51.402213165000028 ], [ 6.650694268000051, 51.402552110000038 ], [ 6.652030166000031, 51.402886799000036 ], [ 6.653192330000024, 51.403168838000049 ], [ 6.653337910000061, 51.403202895000049 ], [ 6.654686470000058, 51.403517070000078 ], [ 6.656016807000071, 51.403815386000069 ], [ 6.657377322000059, 51.40410869600003 ], [ 6.658711954000069, 51.404385035000068 ], [ 6.660083558000053, 51.404657416000084 ], [ 6.66083612700004, 51.404803315000038 ], [ 6.661430826000071, 51.40491362900007 ], [ 6.662812652000071, 51.405164873000054 ], [ 6.664167358000043, 51.405399970000076 ], [ 6.665558823000025, 51.405630006000081 ], [ 6.666916967000019, 51.405843481000019 ], [ 6.668317039000043, 51.406052224000057 ], [ 6.668644098000072, 51.406100353000042 ], [ 6.669696955000062, 51.406246755000041 ], [ 6.671104819000049, 51.406433855000053 ], [ 6.671960392000074, 51.406543307000049 ], [ 6.672301910000043, 51.406585308000047 ], [ 6.67289628800006, 51.406656372000036 ], [ 6.673603041000036, 51.406738460000028 ], [ 6.673419943000055, 51.406882225000061 ], [ 6.671996810000052, 51.408047592000045 ], [ 6.671146886000031, 51.408773769000042 ], [ 6.67077462700007, 51.409095530000052 ], [ 6.669798669000044, 51.40997641400002 ], [ 6.668996669000022, 51.410723804000035 ], [ 6.667885249000051, 51.411800480000061 ], [ 6.667731199000058, 51.411956600000046 ], [ 6.666978621000054, 51.412723641000071 ], [ 6.665792185000043, 51.413990099000046 ], [ 6.665090217000056, 51.414775710000065 ], [ 6.664552239000045, 51.415391819000043 ], [ 6.663987156000076, 51.416071581000033 ], [ 6.663336865000076, 51.416874605000032 ], [ 6.662447752000047, 51.418022571000051 ], [ 6.661992328000053, 51.418638158000078 ], [ 6.661785056000042, 51.418921534000049 ], [ 6.661476599000024, 51.419355734000078 ], [ 6.661334926000052, 51.419558763000062 ], [ 6.660471425000025, 51.42086572300007 ], [ 6.65994887100004, 51.421702880000048 ], [ 6.659683515000041, 51.422136216000069 ], [ 6.65873229400006, 51.423850262000016 ], [ 6.658295472000019, 51.424706515000082 ], [ 6.658039743000074, 51.425221063000031 ], [ 6.65730159800006, 51.426890513000046 ], [ 6.656952094000076, 51.42776217200003 ], [ 6.656718865000073, 51.428365880000044 ], [ 6.656178156000067, 51.429989288000058 ], [ 6.65591762200006, 51.430873128000023 ], [ 6.655726738000055, 51.431557717000032 ], [ 6.65537199000005, 51.433120514000038 ], [ 6.655201286000022, 51.434012907000067 ], [ 6.655067405000067, 51.434783072000073 ], [ 6.65488364600003, 51.43627991400006 ], [ 6.654803588000049, 51.437177224000031 ], [ 6.654743823000046, 51.438028320000058 ], [ 6.654716030000032, 51.439454453000032 ], [ 6.654727038000033, 51.440353204000068 ], [ 6.654757508000046, 51.441279935000068 ], [ 6.654869882000071, 51.442624935000012 ], [ 6.654971743000033, 51.443521288000056 ], [ 6.654980457000022, 51.443596836000026 ], [ 6.653304888000036, 51.444320544000043 ], [ 6.650941058000057, 51.445439334000056 ], [ 6.649815051000076, 51.446001341000056 ], [ 6.649193263000028, 51.446316123000031 ], [ 6.646363833000066, 51.447868553000035 ], [ 6.645850922000021, 51.448172806000052 ], [ 6.644817361000037, 51.448793476000041 ], [ 6.642669134000072, 51.450153878000023 ], [ 6.641244024000058, 51.451141596000063 ], [ 6.64032601200006, 51.451801978000042 ], [ 6.639269686000034, 51.452584032000054 ], [ 6.637030493000054, 51.454406133000077 ], [ 6.636168808000035, 51.455155668000017 ], [ 6.636116902000025, 51.45520089200005 ], [ 6.634025930000063, 51.457157780000045 ], [ 6.633234309000045, 51.457977981000056 ], [ 6.632492967000075, 51.458769714000013 ], [ 6.63140274400007, 51.45998760600002 ], [ 6.630029325000065, 51.461702721000044 ], [ 6.629428433000043, 51.462505909000058 ], [ 6.629137216000061, 51.462901379000058 ], [ 6.627696934000028, 51.465075424000062 ], [ 6.627435541000067, 51.465518464000063 ], [ 6.62695059300006, 51.466357325000047 ], [ 6.626002258000028, 51.468142496000034 ], [ 6.625402115000043, 51.469470838000049 ], [ 6.62504437900003, 51.470325 ], [ 6.624670578000063, 51.471269502000041 ], [ 6.624430216000064, 51.471943355000072 ], [ 6.624420681000061, 51.47197134900005 ], [ 6.623927088000073, 51.473605249000052 ], [ 6.623758303000044, 51.474285268000067 ], [ 6.623554106000028, 51.475163351000049 ], [ 6.623232116000053, 51.476816118000038 ], [ 6.622986668000066, 51.479163950000029 ], [ 6.622966400000052, 51.479658470000054 ], [ 6.62293960300002, 51.480552744000079 ], [ 6.622960844000033, 51.482411053000085 ], [ 6.623157483000058, 51.484421417000064 ], [ 6.623247877000039, 51.485053803000028 ], [ 6.623298672000032, 51.48539119000003 ], [ 6.623646114000053, 51.487145532000049 ], [ 6.623712387000069, 51.487423793000055 ], [ 6.623857831000066, 51.488002068000064 ], [ 6.624325261000024, 51.489554049000049 ], [ 6.624618896000071, 51.490423359000033 ], [ 6.624887737000051, 51.491178870000056 ], [ 6.625864285000034, 51.493451352000072 ], [ 6.625932013000067, 51.493589577000073 ], [ 6.62635248600003, 51.494441565000038 ], [ 6.627497455000025, 51.496531072000046 ], [ 6.628136249000022, 51.497542790000061 ], [ 6.628687777000039, 51.498378964000032 ], [ 6.629492661000029, 51.499540681000028 ], [ 6.630921503000024, 51.501367889000043 ], [ 6.631588315000044, 51.502162723000019 ], [ 6.631827986000075, 51.502445334000058 ], [ 6.633714231000056, 51.504482492000079 ], [ 6.634244032000026, 51.505003700000024 ], [ 6.635021241000061, 51.505753962000021 ], [ 6.636587359000032, 51.507188516000049 ], [ 6.638084840000033, 51.508433540000055 ], [ 6.638265877000038, 51.50857745200004 ], [ 6.63655460600006, 51.509820895000068 ], [ 6.636329541000066, 51.509993257000076 ], [ 6.635421612000073, 51.510692969000047 ], [ 6.633352453000043, 51.512387807000032 ], [ 6.63285963800007, 51.512824075000019 ], [ 6.632035858000051, 51.513564926000058 ], [ 6.630434832000048, 51.515085431000045 ], [ 6.629715016000034, 51.515828057000078 ], [ 6.628978990000063, 51.51660849400006 ], [ 6.627814329000047, 51.517903852000082 ], [ 6.626951491000056, 51.518952723000041 ], [ 6.626316698000039, 51.519756517000069 ], [ 6.62551251700006, 51.52081812800003 ], [ 6.624574775000041, 51.52218468600006 ], [ 6.624035386000059, 51.523017886000048 ], [ 6.623530738000056, 51.523825281000036 ], [ 6.622588553000072, 51.525514340000022 ], [ 6.622151048000034, 51.526366310000064 ], [ 6.621881678000022, 51.526905379000027 ], [ 6.621007046000045, 51.528912670000061 ], [ 6.620673126000042, 51.529777024000055 ], [ 6.620572271000071, 51.53004250500004 ], [ 6.620281293000062, 51.530955873000025 ], [ 6.618847611000035, 51.530913992000066 ], [ 6.614253645000076, 51.530893977000062 ], [ 6.614223926000022, 51.530894591000042 ], [ 6.61277979500005, 51.530924639000027 ], [ 6.609045360000038, 51.531078072000064 ], [ 6.60821338200003, 51.531133007000044 ], [ 6.606775809000055, 51.531234498000067 ], [ 6.603867793000063, 51.531486676000043 ], [ 6.602217421000034, 51.531672 ], [ 6.600810427000056, 51.531843189000021 ], [ 6.598760931000072, 51.532116729000045 ], [ 6.596358886000075, 51.532500016000029 ], [ 6.594970497000076, 51.532741487000052 ], [ 6.59372859900003, 51.53296685600003 ], [ 6.590612175000047, 51.533617104000029 ], [ 6.58926077500007, 51.533926023000042 ], [ 6.588804744000072, 51.53403162700004 ], [ 6.585319027000025, 51.534931440000037 ], [ 6.585009949000038, 51.535019398000031 ], [ 6.58369865700007, 51.535395468000047 ], [ 6.580623646000049, 51.536347443000068 ], [ 6.57960622500002, 51.53669454900006 ], [ 6.578346984000063, 51.53713445600004 ], [ 6.576096408000068, 51.537962963000034 ], [ 6.574445709000031, 51.538627053000013 ], [ 6.573256255000047, 51.539123650000072 ], [ 6.571769018000054, 51.539765834000029 ], [ 6.569568422000031, 51.540798626000026 ], [ 6.568444435000059, 51.541352815000032 ], [ 6.567650574000026, 51.541751378000072 ], [ 6.564951625000049, 51.543220758000061 ], [ 6.563885414000025, 51.543838621000077 ], [ 6.563746195000022, 51.543919562000042 ], [ 6.561076447000061, 51.545582222000064 ], [ 6.560645499000032, 51.545871930000033 ], [ 6.559672252000041, 51.546533433000036 ], [ 6.557613315000025, 51.548011623000036 ], [ 6.556685586000071, 51.548734224000029 ], [ 6.555794562000074, 51.549446816000057 ], [ 6.554422938000072, 51.550589797000036 ], [ 6.553117145000044, 51.551773332000039 ], [ 6.552325961000064, 51.552522003000028 ], [ 6.551532792000046, 51.553293759000042 ], [ 6.549952020000034, 51.554975746000082 ], [ 6.549252491000061, 51.555768540000024 ], [ 6.548943695000048, 51.556123194000051 ], [ 6.547271635000072, 51.558232480000072 ], [ 6.547195100000066, 51.558337996000034 ], [ 6.546603666000067, 51.559156875000042 ], [ 6.545232835000035, 51.561224265000064 ], [ 6.544889527000065, 51.56180650400006 ], [ 6.544404726000039, 51.562651118000062 ], [ 6.543531600000051, 51.564296117000019 ], [ 6.543031494000047, 51.565381308000035 ], [ 6.542655496000066, 51.566248235000039 ], [ 6.542175350000035, 51.567435086000039 ], [ 6.541634336000072, 51.569039215000025 ], [ 6.541369112000041, 51.56992548300007 ], [ 6.541170294000039, 51.570628478000046 ], [ 6.540704328000061, 51.572776161000036 ], [ 6.540552921000027, 51.573677906000057 ], [ 6.540522688000067, 51.573862557000034 ], [ 6.540272295000022, 51.576210117000066 ], [ 6.540256814000031, 51.576542423000035 ], [ 6.540221829000074, 51.577435804000054 ], [ 6.540233844000055, 51.579456235000066 ], [ 6.540291353000042, 51.580282930000067 ], [ 6.540370387000052, 51.581180206000042 ], [ 6.540546449000033, 51.582637165000051 ], [ 6.54064702000005, 51.583291478000028 ], [ 6.540701517000059, 51.583704523000044 ], [ 6.540747097000065, 51.58411936100002 ], [ 6.540782527000032, 51.584521516000045 ], [ 6.540809543000022, 51.58492773600004 ], [ 6.540827582000076, 51.585337440000046 ], [ 6.540836854000076, 51.585749904000075 ], [ 6.540837117000024, 51.58615732600002 ], [ 6.540828246000046, 51.586572999000055 ], [ 6.540810959000055, 51.586979468000024 ], [ 6.540784588000065, 51.587382965000067 ], [ 6.540748583000037, 51.587797573000053 ], [ 6.540703979000057, 51.588208079000026 ], [ 6.54065220600006, 51.588603683000017 ], [ 6.540587794000031, 51.589022171000067 ], [ 6.540513901000054, 51.589446850000051 ], [ 6.540437414000053, 51.589836343000059 ], [ 6.540349473000048, 51.590236288000021 ], [ 6.540250254000056, 51.590647119000032 ], [ 6.54014366900003, 51.591050838000058 ], [ 6.540027611000029, 51.591456294000068 ], [ 6.539903506000029, 51.591857772000019 ], [ 6.539769836000061, 51.59226075600003 ], [ 6.539630403000046, 51.592654099000065 ], [ 6.539478865000035, 51.593055062000055 ], [ 6.539316866000035, 51.593459534000033 ], [ 6.539150630000052, 51.593851874000045 ], [ 6.538974775000042, 51.59424470000004 ], [ 6.538790384000038, 51.594636072000078 ], [ 6.538636243000042, 51.594947212000065 ], [ 6.538384039000049, 51.59542517900006 ], [ 6.538133111000035, 51.595894685000076 ], [ 6.537961795000058, 51.596196333000073 ], [ 6.537736426000038, 51.596576597000066 ], [ 6.537496539000074, 51.596964591000059 ], [ 6.537248240000053, 51.597351105000023 ], [ 6.536960896000039, 51.597781053000055 ], [ 6.536776028000077, 51.598049847000027 ], [ 6.536656193000055, 51.598225365000069 ], [ 6.536389656000041, 51.598618642000076 ], [ 6.535758201000021, 51.59958957300006 ], [ 6.535234959000036, 51.600429022000064 ], [ 6.53504285300005, 51.600741516000021 ], [ 6.534451484000044, 51.601763487000021 ], [ 6.533982044000027, 51.602614820000035 ], [ 6.533355372000074, 51.603819949000069 ], [ 6.533295823000059, 51.603942526000033 ], [ 6.532881539000073, 51.604800781000044 ], [ 6.532270095000058, 51.606164232000012 ], [ 6.531909461000055, 51.607034122000066 ], [ 6.531598746000043, 51.607820016000048 ], [ 6.531386732000044, 51.608405458000036 ], [ 6.531080735000045, 51.60928451900002 ], [ 6.530644598000038, 51.610667850000013 ], [ 6.530393813000045, 51.611554912000024 ], [ 6.530300853000028, 51.611893164000037 ], [ 6.530042419000039, 51.612959999000047 ], [ 6.529846474000066, 51.613860231000046 ], [ 6.529607623000061, 51.615125656000025 ], [ 6.529533469000057, 51.615624449000052 ], [ 6.529411967000044, 51.616508789000079 ], [ 6.529234856000073, 51.618357506000052 ], [ 6.529216302000065, 51.618768525000071 ], [ 6.52918401900007, 51.619666473000045 ], [ 6.529198460000031, 51.621608167000026 ], [ 6.529218516000071, 51.621950919000028 ], [ 6.529278088000069, 51.622850964000058 ], [ 6.529364909000036, 51.623631431000035 ], [ 6.529042654000022, 51.623680956000037 ], [ 6.527641293000045, 51.623909387000019 ], [ 6.525568249000059, 51.624273108000054 ], [ 6.524640275000023, 51.624452913000027 ], [ 6.523261363000074, 51.624728018000042 ], [ 6.52060857300006, 51.62530184000007 ], [ 6.520306785000058, 51.625372876000021 ], [ 6.518958105000023, 51.625693005000066 ], [ 6.518717338000044, 51.625750536000048 ], [ 6.516635416000041, 51.625623345000065 ], [ 6.515979442000059, 51.625585610000037 ], [ 6.514963185000056, 51.625530780000069 ], [ 6.513399737000042, 51.625459699000025 ], [ 6.511942332000046, 51.625405783000069 ], [ 6.510481077000065, 51.625363256000071 ], [ 6.510127940000075, 51.625356436000054 ], [ 6.508711635000054, 51.625331773000028 ], [ 6.506901126000059, 51.625317891000066 ], [ 6.50547136800003, 51.625320857000069 ], [ 6.504210989000057, 51.625332017000048 ], [ 6.502768053000068, 51.625354580000071 ], [ 6.502412123000056, 51.625360826000069 ], [ 6.49978984300003, 51.625449020000069 ], [ 6.498349123000025, 51.625517923000068 ], [ 6.497199170000044, 51.625580105000033 ], [ 6.497098400000026, 51.625586242000047 ], [ 6.495657185000026, 51.625674784000068 ], [ 6.493828574000076, 51.625805441000061 ], [ 6.492394561000026, 51.62592231800005 ], [ 6.490581926000061, 51.626088266000068 ], [ 6.489155282000069, 51.626233278000029 ], [ 6.489148871000054, 51.626233930000055 ], [ 6.487345769000057, 51.626435631000042 ], [ 6.485927079000021, 51.626608807000082 ], [ 6.484132634000047, 51.62684630100005 ], [ 6.482720415000073, 51.627047826000073 ], [ 6.482609326000045, 51.627063749000058 ], [ 6.480929368000033, 51.627322186000065 ], [ 6.479534157000046, 51.627550652000082 ], [ 6.477781159000074, 51.627856138000027 ], [ 6.476398073000041, 51.628111834000045 ], [ 6.47617800100005, 51.628152814000025 ], [ 6.474640919000023, 51.628455723000052 ], [ 6.473271906000035, 51.628738632000079 ], [ 6.47155086400005, 51.629113128000029 ], [ 6.47020203900007, 51.629421558000047 ], [ 6.469878327000059, 51.629496261000035 ], [ 6.468488172000037, 51.629832793000048 ], [ 6.46715904900003, 51.630166889000051 ], [ 6.466182991000039, 51.630418709000026 ], [ 6.465849569000056, 51.630506960000041 ], [ 6.464720421000038, 51.630814712000067 ], [ 6.46417247200003, 51.630970553000054 ], [ 6.463175566000074, 51.631257990000051 ], [ 6.460329597000054, 51.632138461000061 ], [ 6.460009648000039, 51.632245170000026 ], [ 6.458736520000059, 51.632672978000073 ], [ 6.455778500000065, 51.633738368000081 ], [ 6.455251877000022, 51.633943645000038 ], [ 6.454029915000035, 51.634425663000052 ], [ 6.451408534000051, 51.635523269000039 ], [ 6.450699003000068, 51.635843292000047 ], [ 6.449533777000055, 51.636377265000085 ], [ 6.447238728000058, 51.637485348000034 ], [ 6.446380668000074, 51.637930216000029 ], [ 6.445284258000072, 51.638509897000063 ], [ 6.443294011000035, 51.639612257000067 ], [ 6.442314711000051, 51.640193848000074 ], [ 6.441276185000048, 51.640825215000056 ], [ 6.439575644000059, 51.641903362000043 ], [ 6.438478931000019, 51.642649243000044 ], [ 6.437517407000029, 51.643321901000029 ], [ 6.436114214000042, 51.644341180000026 ], [ 6.434939046000067, 51.645257793000042 ], [ 6.434051647000047, 51.645973554000072 ], [ 6.43291756000002, 51.646919977000039 ], [ 6.431691765000038, 51.648021419000024 ], [ 6.430887111000061, 51.648773989000063 ], [ 6.430004199000051, 51.649625499000074 ], [ 6.428760385000031, 51.650922800000046 ], [ 6.428039479000064, 51.651711887000019 ], [ 6.427384182000026, 51.652449105000066 ], [ 6.42646153000004, 51.653562467000022 ], [ 6.426040552000075, 51.654092929000058 ], [ 6.425400082000066, 51.654926771000071 ], [ 6.425197878000063, 51.65519895500006 ], [ 6.42507964400005, 51.655359140000016 ], [ 6.42484119300002, 51.655688661000056 ], [ 6.424258128000075, 51.65650533500007 ], [ 6.423765112000069, 51.657216403000064 ], [ 6.423207133000063, 51.658045582000057 ], [ 6.422744795000027, 51.658753645000047 ], [ 6.422215145000052, 51.659590160000043 ], [ 6.421952505000036, 51.66001274500006 ], [ 6.421767877000035, 51.66031967400005 ], [ 6.421266745000025, 51.661164450000051 ], [ 6.420848510000042, 51.661893534000058 ], [ 6.420376486000065, 51.662745215000029 ], [ 6.419982881000067, 51.663481044000029 ], [ 6.419540630000028, 51.664338549000028 ], [ 6.419311813000036, 51.664792507000072 ], [ 6.419175204000055, 51.665074050000037 ], [ 6.418764553000073, 51.665933050000021 ], [ 6.418422859000032, 51.666676990000042 ], [ 6.418041057000038, 51.667543420000065 ], [ 6.417725199000074, 51.668291666000073 ], [ 6.417373893000047, 51.669161874000046 ], [ 6.417179235000049, 51.669658992000052 ], [ 6.417086201000075, 51.66990811800008 ], [ 6.416764552000075, 51.67078351900004 ], [ 6.416517396000075, 51.671488680000031 ], [ 6.416266564000068, 51.672240492000071 ], [ 6.416161567000073, 51.672562586 ], [ 6.415432946000066, 51.674851275000037 ], [ 6.415172730000053, 51.674893268000062 ], [ 6.41444916100005, 51.675013147000072 ], [ 6.413046320000034, 51.675251612000075 ], [ 6.412314196000068, 51.675379278000023 ], [ 6.410932097000057, 51.675626376000075 ], [ 6.41027796700007, 51.675745918000061 ], [ 6.410202236000032, 51.675760095000037 ], [ 6.408807232000071, 51.676021874000071 ], [ 6.408091767000029, 51.676159274000028 ], [ 6.406734509000046, 51.676425911000088 ], [ 6.40601513100006, 51.676570449000053 ], [ 6.404640213000049, 51.676852868000026 ], [ 6.40393407600004, 51.677001050000044 ], [ 6.402570062000052, 51.677293374000037 ], [ 6.401852397000027, 51.677450461000035 ], [ 6.400485292000042, 51.677755986000079 ], [ 6.399862978000044, 51.677897564000027 ], [ 6.398817688000065, 51.678139592000029 ], [ 6.398787640000022, 51.678146556000058 ], [ 6.397969514000066, 51.678340698000056 ], [ 6.397650699000052, 51.678418075000074 ], [ 6.394968382000058, 51.679117861000059 ], [ 6.394795429000054, 51.679166408000064 ], [ 6.393482419000065, 51.679536559000034 ], [ 6.390256265000062, 51.68052221300006 ], [ 6.389009, 51.680945930000064 ], [ 6.387744961000066, 51.681387948000058 ], [ 6.385708996000062, 51.682134300000023 ], [ 6.383466432000034, 51.683040370000072 ], [ 6.382277859000054, 51.683545237000018 ], [ 6.381367105000038, 51.683940106000072 ], [ 6.378357179000034, 51.685366356000031 ], [ 6.378282682000076, 51.685404176000084 ], [ 6.377172710000024, 51.685968627000065 ], [ 6.37439353000002, 51.687476267000079 ], [ 6.373420216000055, 51.688052461000026 ], [ 6.372379780000075, 51.688682857000053 ], [ 6.370667898000022, 51.689764739000054 ], [ 6.368914106000034, 51.690974611000058 ], [ 6.367961055000023, 51.691662767000075 ], [ 6.367209630000047, 51.69221650300004 ], [ 6.364895122000064, 51.694078105000067 ], [ 6.364829441000039, 51.694134778000027 ], [ 6.36398093400004, 51.694868410000026 ], [ 6.361932718000047, 51.696763370000042 ], [ 6.361223765000034, 51.697485204000031 ], [ 6.360493100000042, 51.698249177000037 ], [ 6.359297862000062, 51.699560672000075 ], [ 6.35812197100006, 51.70099206500003 ], [ 6.357488223000075, 51.701808012000065 ], [ 6.356977800000038, 51.702482947000071 ], [ 6.355516615000056, 51.704653268000065 ], [ 6.355500919000065, 51.70467893700004 ], [ 6.354991485000028, 51.70551294400007 ], [ 6.353777402000048, 51.707712306000062 ], [ 6.353415819000076, 51.70847335000007 ], [ 6.353021557000034, 51.709338182000067 ], [ 6.352390085000025, 51.710847362000038 ], [ 6.351862813000025, 51.712377640000057 ], [ 6.35159130300002, 51.713258887000045 ], [ 6.351366538000035, 51.714034311000034 ], [ 6.350860139000076, 51.716357375000023 ], [ 6.350712549000036, 51.717253173000074 ], [ 6.350711190000027, 51.717261425000054 ], [ 6.350596688000052, 51.71829006400003 ], [ 6.349808212000027, 51.718369234000079 ], [ 6.34761207300005, 51.718616796000049 ], [ 6.346200106000025, 51.718793469000055 ], [ 6.34469210700007, 51.718995161000066 ], [ 6.344310033000056, 51.719050425000034 ], [ 6.343281488000058, 51.719201474000037 ], [ 6.342306535000034, 51.719350201000054 ], [ 6.341910648000066, 51.719412856000069 ], [ 6.340799614000048, 51.71959600100007 ], [ 6.339406174000032, 51.719834905000027 ], [ 6.338212056000031, 51.72004821400003 ], [ 6.337748516000032, 51.720135685000052 ], [ 6.336366351000037, 51.720400417000072 ], [ 6.334739596000077, 51.720728395000037 ], [ 6.333371651000049, 51.721018115000049 ], [ 6.331870635000029, 51.721350388000076 ], [ 6.331728759000043, 51.721383299000088 ], [ 6.330380046000072, 51.721697393000049 ], [ 6.328788013000064, 51.722084878000032 ], [ 6.327451285000051, 51.722424432000082 ], [ 6.32585467900003, 51.722847437000041 ], [ 6.324535189000073, 51.72321161900004 ], [ 6.324360578000039, 51.723260025000059 ], [ 6.322971976000075, 51.723660451000057 ], [ 6.321660454000038, 51.72405180500003 ], [ 6.320118627000056, 51.724529521000072 ], [ 6.31883439400002, 51.724942339000044 ], [ 6.318360842000061, 51.725096283000028 ], [ 6.317302256000062, 51.725453081000062 ], [ 6.316027733000055, 51.725893361000018 ], [ 6.314518967000026, 51.726433140000026 ], [ 6.313279388000069, 51.726892145000072 ], [ 6.312558437000063, 51.727163534000056 ], [ 6.311819168000056, 51.727451197000036 ], [ 6.310599230000037, 51.727933867000047 ], [ 6.309663293000027, 51.728312086000059 ], [ 6.309448694000025, 51.728400647000058 ], [ 6.308435708000048, 51.728828334000063 ], [ 6.307450075000077, 51.729253995000079 ], [ 6.306979691000037, 51.729459291000069 ], [ 6.305367119000039, 51.730196901000056 ], [ 6.304221429000052, 51.730740155000021 ], [ 6.302818694000052, 51.731426786000043 ], [ 6.302014442000028, 51.731840634000037 ], [ 6.300905388000046, 51.732421860000038 ], [ 6.29885051100007, 51.733551554000016 ], [ 6.298791738000033, 51.733585487000013 ], [ 6.297736344000042, 51.734195668000034 ], [ 6.295714959000065, 51.735422817000028 ], [ 6.29469739600006, 51.736071439000057 ], [ 6.294086820000074, 51.736466601000068 ], [ 6.29277339400005, 51.737359274000028 ], [ 6.291813809000075, 51.738033865000027 ], [ 6.290616432000036, 51.73890306900006 ], [ 6.289983506000056, 51.73938603800007 ], [ 6.28907384100006, 51.740092565000054 ], [ 6.287386655000033, 51.74146958000005 ], [ 6.287367022000068, 51.741486441000049 ], [ 6.28651964200003, 51.742214557000061 ], [ 6.284930624000025, 51.743652029000025 ], [ 6.284152909000055, 51.744393443000043 ], [ 6.283642069000051, 51.744889249000039 ], [ 6.282676188000039, 51.745878801000053 ], [ 6.281944385000031, 51.746656470000062 ], [ 6.281000511000059, 51.747698883000048 ], [ 6.280852605000064, 51.747869883000071 ], [ 6.280171333000055, 51.748662630000055 ], [ 6.278627412000048, 51.750596734000062 ], [ 6.27841085700004, 51.750893340000047 ], [ 6.277816749000067, 51.751716946000045 ], [ 6.277339707000066, 51.752396962000027 ], [ 6.277198216000044, 51.752604473000076 ], [ 6.27696185700006, 51.752956299000061 ], [ 6.276547754000035, 51.753582004000044 ], [ 6.276292106000028, 51.753974845000066 ], [ 6.275759647000029, 51.754807115000062 ], [ 6.275483744000041, 51.755246746000047 ], [ 6.274962206000054, 51.756094151000056 ], [ 6.274957088000065, 51.756102472000052 ], [ 6.274695024000038, 51.756536978000042 ], [ 6.274195329000065, 51.757382022000058 ], [ 6.273941713000055, 51.757819635000033 ], [ 6.273468260000072, 51.758653447000029 ], [ 6.273225050000065, 51.759090711000042 ], [ 6.272761524000032, 51.759941769000079 ], [ 6.272520374000067, 51.760394389000055 ], [ 6.272074540000062, 51.761250158000038 ], [ 6.271847132000061, 51.761696559000022 ], [ 6.271417377000033, 51.762559655000075 ], [ 6.271409575000063, 51.762575336000054 ], [ 6.271193044000028, 51.763021125000066 ], [ 6.270783549000043, 51.763884349000072 ], [ 6.270580731000051, 51.764322097000047 ], [ 6.270192186000031, 51.765181136000081 ], [ 6.269992214000069, 51.765634622000043 ], [ 6.269620191000058, 51.76650045000008 ], [ 6.269424849000075, 51.766967641000065 ], [ 6.269071243000042, 51.767837299000064 ], [ 6.26889542300006, 51.768281593000033 ], [ 6.268558198000051, 51.769157774000057 ], [ 6.26855015700005, 51.769178691000036 ], [ 6.268384010000034, 51.769624054000062 ], [ 6.268066761000057, 51.770499724000047 ], [ 6.267906832000051, 51.77095491500004 ], [ 6.267607390000022, 51.771834505000058 ], [ 6.267454190000024, 51.772299675000056 ], [ 6.267171444000041, 51.773188040000029 ], [ 6.267028242000037, 51.773654115000049 ], [ 6.266766603000065, 51.774537287000044 ], [ 6.266634700000053, 51.774999462000025 ], [ 6.266390472000069, 51.775888986000027 ], [ 6.266387429000076, 51.775900078000056 ], [ 6.266342011000062, 51.776068222000049 ], [ 6.264310669000054, 51.778160766000035 ], [ 6.263904810000042, 51.778285246000053 ], [ 6.262955457000031, 51.778583168000068 ], [ 6.26166598800006, 51.778997071000042 ], [ 6.261228385000037, 51.779139 ], [ 6.260720707000075, 51.779307371000066 ], [ 6.259443327000042, 51.779736072000048 ], [ 6.25852566800006, 51.780050723000038 ], [ 6.257262818000071, 51.780493013000054 ], [ 6.256326770000043, 51.780828008000064 ], [ 6.255071199000042, 51.781287066000054 ], [ 6.254152947000022, 51.781629915000053 ], [ 6.252907573000072, 51.782104666000066 ], [ 6.252893459000062, 51.78211004800005 ], [ 6.252012647000072, 51.782452817000028 ], [ 6.250799437000068, 51.782934379000032 ], [ 6.249911023000038, 51.783294156000061 ], [ 6.248705955000048, 51.783791963000056 ], [ 6.24782188200004, 51.784164497000056 ], [ 6.246644367000044, 51.784670567000035 ], [ 6.246133516000044, 51.784892644000067 ], [ 6.245788430000061, 51.785045562000043 ], [ 6.244614312000067, 51.785569867000049 ], [ 6.243762117000074, 51.78595776800006 ], [ 6.242601491000073, 51.786496205000034 ], [ 6.241749914000025, 51.786898915000044 ], [ 6.240600468000025, 51.787452953000063 ], [ 6.239761760000021, 51.787864954000035 ], [ 6.238628879000032, 51.788432070000056 ], [ 6.238495415000044, 51.788499082000037 ], [ 6.237807291000025, 51.788851116000046 ], [ 6.236701363000065, 51.789425798000067 ], [ 6.235892377000027, 51.789854056000081 ], [ 6.234795453000062, 51.790445593000065 ], [ 6.233995529000026, 51.790885046000021 ], [ 6.23292309900006, 51.791485213000044 ], [ 6.23235513000003, 51.791807324000054 ], [ 6.232149069000059, 51.791926332000052 ], [ 6.231806080000069, 51.792125382000052 ], [ 6.231569129000035, 51.792151091000044 ], [ 6.230840915000043, 51.792224738000066 ], [ 6.230099963000042, 51.79229354000006 ], [ 6.229356394000035, 51.792357201000065 ], [ 6.228594344000044, 51.792416559000053 ], [ 6.22782806400005, 51.792470328000029 ], [ 6.227121330000045, 51.792514557000054 ], [ 6.226343996000025, 51.792557494000036 ], [ 6.225602135000032, 51.792592884000037 ], [ 6.224845168000058, 51.792623190000029 ], [ 6.224100966000036, 51.792647345000034 ], [ 6.223350938000067, 51.792666296000043 ], [ 6.222642928000027, 51.792678789000028 ], [ 6.221838572000023, 51.792687291000036 ], [ 6.221073599000021, 51.792689304000064 ], [ 6.220234643000026, 51.792685453000047 ], [ 6.217593325000052, 51.792658329000048 ], [ 6.216074074000061, 51.792655048000029 ], [ 6.21462862800007, 51.792663652000044 ], [ 6.213605687000039, 51.792675330000066 ], [ 6.213480329000049, 51.792677531000038 ], [ 6.21201628600005, 51.792704208000025 ], [ 6.210714428000074, 51.792736996000016 ], [ 6.209266097000068, 51.792783573000065 ], [ 6.20795153900002, 51.792835123000017 ], [ 6.206509689000028, 51.792901854000029 ], [ 6.205464656000061, 51.792956107000066 ], [ 6.20519155300002, 51.792972231000078 ], [ 6.203743133000046, 51.793059882000087 ], [ 6.202423727000053, 51.793149176000043 ], [ 6.200983055000052, 51.793257021000045 ], [ 6.19969624500004, 51.793362408000043 ], [ 6.198260281000045, 51.793490152000054 ], [ 6.197375673000067, 51.79357316200003 ], [ 6.196952284000076, 51.793615961000057 ], [ 6.195524820000059, 51.793763610000042 ], [ 6.194228872000053, 51.79390703600005 ], [ 6.192798720000041, 51.794075709000026 ], [ 6.191516005000039, 51.794236300000065 ], [ 6.190098236000039, 51.794424131000028 ], [ 6.189375275000032, 51.794522901000043 ], [ 6.188817698000037, 51.794603188000046 ], [ 6.18740781100007, 51.794810743000028 ], [ 6.186135321000052, 51.795007507000037 ], [ 6.184744760000058, 51.7952329 ], [ 6.183583382000051, 51.79542914000006 ], [ 6.182417681000061, 51.795634181000075 ], [ 6.18179746900006, 51.79574558500007 ], [ 6.181569061000061, 51.795787468000071 ], [ 6.181510495000055, 51.795798227000034 ], [ 6.180449676000023, 51.796000364000058 ], [ 6.179065904000026, 51.79627303500007 ], [ 6.177281631000028, 51.796644473000065 ], [ 6.175913035000065, 51.79694476800006 ], [ 6.175158363000036, 51.797114002000058 ], [ 6.174122330000046, 51.797358363000058 ], [ 6.172764653000057, 51.797687817000053 ], [ 6.171008770000071, 51.798134552000072 ], [ 6.169661315000042, 51.798493436000058 ], [ 6.16893929500003, 51.79868934700005 ], [ 6.167903467000031, 51.798983207000042 ], [ 6.166592741000044, 51.79936473500004 ], [ 6.16489972200003, 51.799878495000016 ], [ 6.163601640000024, 51.80028873100008 ], [ 6.162917378000031, 51.800508535000056 ], [ 6.161925740000072, 51.800839935000042 ], [ 6.160659133000023, 51.801273106000053 ], [ 6.159019665000073, 51.801855558000042 ], [ 6.157776606000027, 51.802313993000034 ], [ 6.157110004000059, 51.80256359600002 ], [ 6.156633210000052, 51.802746817000056 ], [ 6.156161386000064, 51.802930089000021 ], [ 6.155877300000044, 51.803041147000044 ], [ 6.146039749000066, 51.806910910000049 ], [ 6.145916788000021, 51.806958770000051 ], [ 6.145538736000048, 51.807101207000066 ], [ 6.145283904000052, 51.807193016000035 ], [ 6.144981543000029, 51.807297138000074 ], [ 6.144719479000059, 51.807383134000069 ], [ 6.144448218000035, 51.807467928000044 ], [ 6.144179293000035, 51.807547965000026 ], [ 6.143971603000069, 51.807606683000074 ], [ 6.143440028000042, 51.807748068000073 ], [ 6.143270378000068, 51.807791140000049 ], [ 6.142890159000046, 51.807882739000028 ], [ 6.126273267000045, 51.811779658000034 ], [ 6.126247474000023, 51.811785581000038 ], [ 6.126114875000042, 51.811814235000028 ], [ 6.126087022000036, 51.811819744000033 ], [ 6.126075183000069, 51.811820356000048 ], [ 6.125962464000054, 51.811819098000043 ], [ 6.125772166000047, 51.811814456000029 ], [ 6.125574805000041, 51.811808793000061 ], [ 6.12518, 51.811798299000031 ], [ 6.124834819000057, 51.811790492000057 ], [ 6.123513934000073, 51.811763047000056 ], [ 6.122472247000076, 51.811747200000077 ], [ 6.121154718000071, 51.811734481000023 ], [ 6.120066749000045, 51.811730294000029 ], [ 6.11869026100004, 51.811732985000056 ], [ 6.117555546000062, 51.811742073000055 ], [ 6.116089505000048, 51.811762693000055 ], [ 6.115904058000069, 51.81176548400002 ], [ 6.114917329000036, 51.811786519000051 ], [ 6.113456826000061, 51.811825355000046 ], [ 6.112303577000033, 51.811863141000067 ], [ 6.110862272000077, 51.811919276000026 ], [ 6.109689928000023, 51.811972320000038 ], [ 6.108203411000034, 51.812048957000052 ], [ 6.107727147000048, 51.812074732000042 ], [ 6.106994349000046, 51.81211918300005 ], [ 6.105458141000041, 51.812218460000061 ], [ 6.104255332000036, 51.812304052000059 ], [ 6.102800942000044, 51.812417075000042 ], [ 6.101600897000025, 51.812518218000015 ], [ 6.100152612000045, 51.812649826000047 ], [ 6.099522230000047, 51.812709301000041 ], [ 6.099060692000023, 51.812755636000077 ], [ 6.097580113000049, 51.812908061 ], [ 6.096390953000024, 51.813038370000072 ], [ 6.095005338000021, 51.813199429000058 ], [ 6.093910837000067, 51.813333403000058 ], [ 6.092478992000053, 51.81351754100006 ], [ 6.091496748000053, 51.813649361000039 ], [ 6.09130738400006, 51.813676046000069 ], [ 6.089883690000021, 51.813878218000063 ], [ 6.088703120000047, 51.81405393000005 ], [ 6.087164050000069, 51.814293568000032 ], [ 6.086278281000033, 51.814436089000026 ], [ 6.085819609000055, 51.814512286000067 ], [ 6.084892354000032, 51.814671440000026 ], [ 6.084040717000049, 51.814822333000045 ], [ 6.083550710000053, 51.814910597000051 ], [ 6.081829669000058, 51.815243790000061 ], [ 6.080490119000046, 51.815517341000024 ], [ 6.07860838700003, 51.815923920000046 ], [ 6.077827079000031, 51.816106077000022 ], [ 6.076515395000057, 51.81641857100005 ], [ 6.073925042000042, 51.817080573000048 ], [ 6.072633679000035, 51.817433423000068 ], [ 6.072488152000062, 51.817473334000056 ], [ 6.070049007000022, 51.818187238000057 ], [ 6.068792865000034, 51.818577257000079 ], [ 6.067815419000055, 51.818887939000028 ], [ 6.067251102000056, 51.819073970000026 ], [ 6.066918741000052, 51.819184994000068 ], [ 6.066138409000074, 51.819450464000049 ], [ 6.065163031000054, 51.819788338000073 ], [ 6.064142961000073, 51.82015013300002 ], [ 6.062824933000059, 51.820628635000034 ], [ 6.061888233000048, 51.820976060000071 ], [ 6.061699044000022, 51.821048045000055 ], [ 6.060356199000069, 51.82156116700002 ], [ 6.059074711000052, 51.822065276000046 ], [ 6.057781864000049, 51.822588657000033 ], [ 6.056687821000025, 51.823042595000068 ], [ 6.055399596000029, 51.823590301000074 ], [ 6.054792089000046, 51.823852128000048 ], [ 6.054320718000042, 51.824060243000076 ], [ 6.053159002000029, 51.824578571000075 ], [ 6.052139032000071, 51.825044198000057 ], [ 6.051026567000064, 51.825563736000049 ], [ 6.050061428000049, 51.826024377000074 ], [ 6.049006236000025, 51.826539006000061 ], [ 6.048433230000057, 51.826822109000041 ], [ 6.048071727000036, 51.827004530000053 ], [ 6.047010715000056, 51.827544330000073 ], [ 6.046074281000073, 51.828031053000075 ], [ 6.045039753000026, 51.828580346000081 ], [ 6.044124816000021, 51.829076520000044 ], [ 6.043087668000056, 51.82965094900004 ], [ 6.042426745000056, 51.830022700000022 ], [ 6.042168020000076, 51.830171391000071 ], [ 6.041139539000028, 51.830766071000028 ], [ 6.040986469000074, 51.830854897000052 ], [ 6.040172346000076, 51.831329034000078 ], [ 6.039671099000031, 51.83161308900003 ], [ 6.039137715000038, 51.831907224000076 ], [ 6.038621928000055, 51.832183896000046 ], [ 6.038123681000058, 51.832444212000041 ], [ 6.037610725000036, 51.832704984000017 ], [ 6.037095688000022, 51.832960227000051 ], [ 6.036581464000051, 51.833208017000054 ], [ 6.036073008000073, 51.833446503000054 ], [ 6.035531245000072, 51.833693935000042 ], [ 6.035003952000068, 51.833928705000048 ], [ 6.034432772000059, 51.834175755000032 ], [ 6.033853069000032, 51.834419220000022 ], [ 6.033255256000074, 51.83466300300006 ], [ 6.032734512000047, 51.834869438000048 ], [ 6.032214605000036, 51.835069754000067 ], [ 6.031732811000039, 51.835250471000052 ], [ 6.031130633000032, 51.835470148000063 ], [ 6.030676267000047, 51.835631442000079 ], [ 6.030036232000042, 51.835852609000021 ], [ 6.02984542300004, 51.835917232000043 ], [ 6.027811176000056, 51.836639614000035 ], [ 6.026538368000048, 51.836827294000031 ], [ 6.032567852000056, 51.841124290000039 ], [ 6.035972814000047, 51.841924114000037 ], [ 6.057567435000066, 51.852461321000078 ], [ 6.064912256000071, 51.863591386000046 ], [ 6.07224294100007, 51.860204705000051 ], [ 6.087967609000033, 51.851790589000068 ], [ 6.096606724000026, 51.84891075500007 ], [ 6.108620984000027, 51.847303188000069 ], [ 6.118163940000045, 51.846734649000041 ], [ 6.129702569000073, 51.846791975000023 ], [ 6.139070193000067, 51.845787602000016 ], [ 6.150145795000071, 51.843796014000084 ], [ 6.167328726000051, 51.83983417700005 ], [ 6.168266708000032, 51.839712701000046 ], [ 6.168020535000039, 51.843633133000019 ], [ 6.167699681000044, 51.848741568000037 ], [ 6.166738290000068, 51.851811895000019 ], [ 6.16582157700003, 51.854169407000029 ], [ 6.16581174700002, 51.857381644000036 ], [ 6.166636614000026, 51.859543176000038 ], [ 6.168236530000058, 51.861604392000061 ], [ 6.167402408000044, 51.862008001000035 ], [ 6.161840046000065, 51.863608698000043 ], [ 6.159241417000032, 51.864438288000038 ], [ 6.15770745800006, 51.865144840000021 ], [ 6.154399224000031, 51.866886858000022 ], [ 6.150584745000059, 51.867245891000032 ], [ 6.149320615000022, 51.868999957000035 ], [ 6.146359275000065, 51.87023690300002 ], [ 6.145489980000036, 51.874856050000055 ], [ 6.142986927000037, 51.880982250000038 ], [ 6.140707343000031, 51.883144485000045 ], [ 6.142154029000039, 51.883024941000023 ], [ 6.143553262000069, 51.882898556000043 ], [ 6.143577509000067, 51.882896175000042 ], [ 6.145009637000044, 51.882755377000059 ], [ 6.146458906000021, 51.882601211000065 ], [ 6.147901950000061, 51.882436024000057 ], [ 6.149343768000051, 51.882259254000061 ], [ 6.150808771000072, 51.882067670000026 ], [ 6.151626175000046, 51.881956954000024 ], [ 6.152282506000063, 51.881862500000061 ], [ 6.153733617000056, 51.881648154000054 ], [ 6.155147664000026, 51.881427617000028 ], [ 6.15656629700004, 51.881194587000039 ], [ 6.158065523000061, 51.880934937000056 ], [ 6.159483454000052, 51.880676616000066 ], [ 6.159591498000053, 51.880656860000023 ], [ 6.160762578000059, 51.880433622000048 ], [ 6.162164440000026, 51.880156320000026 ], [ 6.163626847000045, 51.879853720000014 ], [ 6.165017422000062, 51.879553205000029 ], [ 6.165990671000031, 51.879336830000042 ], [ 6.166073302000028, 51.87931789900005 ], [ 6.166810099000031, 51.879148701000069 ], [ 6.167179505000036, 51.87906298200005 ], [ 6.184243237000032, 51.875060887000075 ], [ 6.184723536000035, 51.874946684000058 ], [ 6.185832691000029, 51.874679448000052 ], [ 6.186806819000025, 51.874438439000073 ], [ 6.187907047000067, 51.874159061000057 ], [ 6.188794101000041, 51.873928471000056 ], [ 6.190370956000038, 51.873509001000052 ], [ 6.191097188000072, 51.873312154000061 ], [ 6.191570206000051, 51.873179979000028 ], [ 6.192895295000027, 51.872805273000033 ], [ 6.193931542000029, 51.872504555000035 ], [ 6.195225192000067, 51.872119451000053 ], [ 6.196237657000039, 51.871810503000056 ], [ 6.197526264000031, 51.871407589000057 ], [ 6.198422574000062, 51.871121248000065 ], [ 6.198547478000022, 51.871080371000048 ], [ 6.199836086000062, 51.87065738900003 ], [ 6.200867194000067, 51.870310607000071 ], [ 6.202174813000055, 51.869860156000058 ], [ 6.203153761000066, 51.869515171000039 ], [ 6.204388590000065, 51.869070121000057 ], [ 6.205368767000038, 51.868708809000047 ], [ 6.206595079000067, 51.868246586000048 ], [ 6.206781653000063, 51.86817596100007 ], [ 6.207313321000072, 51.86797140200008 ], [ 6.207908968000027, 51.867739456000031 ], [ 6.208138978000021, 51.867649422000049 ], [ 6.215985784000054, 51.864561460000054 ], [ 6.216076165000061, 51.864558556000077 ], [ 6.216315279000071, 51.864554204000044 ] ] ] } }
]
}
